"logFC","AveExpr","t","P.Value","adj.P.Val","B","gene"
0.148309696922065,7.81805688743491,1.32109326814921,0.195402240955429,0.383954722661105,-5.84091924029042,"0610007P14Rik"
0.0755445739841666,8.32315606758295,0.790456705454908,0.43480825388928,0.627842169654284,-6.38971920150443,"0610009B22Rik"
-0.140671432518087,6.63945154605233,-2.03562574393919,0.0497404845972694,0.154649361173878,-4.72329404197312,"0610009O20Rik"
0.179510125109453,9.88020865201251,1.94225647894874,0.0605318882364105,0.177788184261047,-4.89155363531372,"0610012G03Rik"
0.275449811301153,7.86495489855009,3.89440608727282,0.000444277133753152,0.0046291107138784,-0.374459849655891,"0610031J06Rik"
-0.0296281587140549,8.33360612949915,-0.50494285715673,0.616896935272478,0.761569460117284,-6.57488661910088,"0610037L13Rik"
0.208516618922656,8.00093560038236,1.65651157179723,0.106934522869238,0.261781941179401,-5.3664382976348,"1110001J03Rik"
0.161589737940817,9.15229480208398,1.76798365154196,0.0861494483294168,0.226986242385188,-5.1885761200263,"1110008F13Rik"
-0.328121123083641,10.3031558207687,-2.9401748915678,0.0058993766005304,0.0338074502232668,-2.8085447875005,"1110008P14Rik"
-0.0176355331481068,6.76445256474782,-0.230129931665798,0.8193869912703,0.896737976774333,-6.67689085622794,"1110012L19Rik"
0.401856520770301,5.49260268461052,2.14019267307781,0.0396909278547839,0.132997574200449,-4.52761925125103,"1110017D15Rik"
0.124446309277906,7.0666645534178,1.4579191834671,0.154152662472812,0.328429183291251,-5.65868767816462,"1110038F14Rik"
-0.0762131951691378,8.64641150169492,-1.0008022954388,0.324079994087294,0.529486587688519,-6.20316090212141,"1110057K04Rik"
-0.032258563667814,8.88067783011266,-0.407201399575608,0.686444253796937,0.812805440689822,-6.61982892982142,"1110058L19Rik"
-0.12406868976069,7.83476625049958,-1.50132152378936,0.142617975420954,0.314758183828391,-5.59757843023523,"1110059E24Rik"
-0.501050419830353,7.74395257648794,-5.71223669624215,2.12394848762102e-06,6.4138157024388e-05,4.78849377636119,"1190002N15Rik"
-0.168034271953887,5.63080415213581,-1.75671195062411,0.0880834276148958,0.229681864251251,-5.20699937572009,"1190005I06Rik"
-0.0356687784819401,6.47591054188254,-0.499190864868198,0.620899782636522,0.764452539999019,-6.57779451744487,"1200014J11Rik"
0.0946442830105104,8.185008247001,0.79744715380962,0.43079439997585,0.624280505482245,-6.3841933728999,"1500012F01Rik"
0.552453093137022,7.52949170079228,2.08134818547466,0.0450996476503393,0.145678893018113,-4.63865901123435,"1500015O10Rik"
0.272884356892847,5.09147142349903,1.64618648275768,0.109054424033196,0.264618373837225,-5.38241912196707,"1600002K03Rik"
0.0331655655637345,7.54552449979777,0.483269153672878,0.632040853286371,0.772698672272284,-6.58567247325437,"1600012H06Rik"
0.0105775102855867,7.30102777758596,0.143058335348001,0.887099107745127,0.937289786067732,-6.69335686692849,"1600014C10Rik"
0.0311503560813713,3.75107271286554,0.200549058205907,0.842260917955352,0.909728380648713,-6.68334470952697,"1700007G11Rik"
0.354061495818046,5.56344662954531,3.04958074122295,0.00444955533756816,0.0273529461751106,-2.5472235865295,"1700009P17Rik"
-0.495248607629227,7.36925882960576,-7.22486992698665,2.49707731583135e-08,1.74899456996354e-06,9.11985499237209,"1700019D03Rik"
-0.0312852944996396,8.31087741638826,-0.618777890903023,0.540237917205169,0.711528563630751,-6.51061278052311,"1700021F05Rik"
-0.0019594716090226,6.61465065453284,-0.0192105268098179,0.984786854283845,0.990285165733485,-6.7035486989437,"1700021K19Rik"
-0.137015555641892,8.55850890122406,-1.93729305002599,0.0611584779342195,0.178691891206413,-4.90032337024239,"1700025G04Rik"
-0.652255840659091,2.86808151109842,-1.9961072854559,0.0540835410113686,0.163515166259192,-4.7952666926224,"1700029P11Rik"
-0.26826636064333,2.04800913359586,-1.76055493297049,0.0874199838995741,0.228542757286445,-5.2007290997211,"1700030J22Rik"
-0.0415590695245542,6.14892667495381,-0.663475907248627,0.511555354206029,0.68949048472994,-6.48189445346774,"1700030K09Rik"
0.0645088796255139,7.80127242852535,0.958266260150984,0.344777511328909,0.547685959351821,-6.24424260569296,"1700037H04Rik"
-0.155562303079432,7.37448880989311,-2.53190172647681,0.016196622919002,0.0705062167279867,-3.73154873039278,"1700052N19Rik"
0.108763249095837,5.79042193912297,0.999412360264459,0.324742677796032,0.530164235715568,-6.20452988794297,"1700088E04Rik"
0.105798102523151,7.45417290062472,1.53443029605499,0.134292929402437,0.304068169285334,-5.54991193735481,"1700123O20Rik"
0.202188094603717,5.68825019894196,1.94030106653685,0.0607780752967224,0.177992934797544,-4.89501072534486,"1810009N02Rik"
0.011593124847044,8.11240353296499,0.145398518918827,0.885265497843119,0.936324225172577,-6.69301463283104,"1810026J23Rik"
0.0585547073063766,7.08380396336878,0.975335867589069,0.336367936681774,0.541603928699294,-6.22795888787077,"1810043G02Rik"
-0.09756334592792,6.93892989690592,-1.56401532747185,0.127190288215515,0.29436467346069,-5.50655685167294,"1810055G02Rik"
0.223599147242409,4.6835232137598,0.970862945627055,0.338558138726942,0.542564414816854,-6.23225213846373,"1810064F22Rik"
0.0675462060384409,10.5304671886318,0.671176573994298,0.506699016566241,0.685877410666901,-6.47674980982997,"2010107E04Rik"
-0.0389857440973819,6.98180378876879,-0.550602682723574,0.585550715315615,0.742627702002614,-6.55064122476711,"2010111I01Rik"
-0.0833025398499194,8.78520270646267,-1.39658380627619,0.171701986880541,0.351412182587017,-5.74235018138064,"2210016L21Rik"
-0.148359313464493,6.52869371030025,-1.41735145151014,0.165592535726002,0.34385953092484,-5.71437887866301,"2210418O10Rik"
0.0294548325437497,6.04863914820696,0.361624564971921,0.719898202887706,0.83820235992582,-6.63752576999645,"2310003H01Rik"
0.0654868999659361,6.55627993724044,0.673349376016954,0.505333358671726,0.684868618054694,-6.47528775847723,"2310011J03Rik"
0.0240752708958729,8.14184062213704,0.222235832737272,0.825476435282546,0.900471049779338,-6.67869963986552,"2310022B05Rik"
0.0776572166384224,6.6779565689986,1.07266959973852,0.291067941288731,0.496551706606126,-6.12994736820739,"2310033P09Rik"
-0.16237717708608,8.60002798599873,-2.46340487377836,0.0190491965796532,0.0791310530075708,-3.87753050484326,"2310035C23Rik"
0.110581438555766,8.74725475234629,1.65469415812851,0.107305172596799,0.261954391383309,-5.3692573674042,"2310036O22Rik"
0.348210794736478,6.83738904713215,2.88461679822433,0.00679601413153874,0.0374970451480852,-2.93912086137198,"2310039H08Rik"
0.10429535664815,7.2542298524825,1.22604448560448,0.228710692164872,0.42450073382032,-5.95798837523722,"2310047M10Rik"
0.207684882772792,5.40006635528072,1.40436984356713,0.169391127032217,0.348542226209675,-5.7319063251598,"2310067B10Rik"
-0.0566133845484886,7.58462532779478,-0.510403666381833,0.613107701110601,0.758655217080215,-6.57209557350082,"2410002F23Rik"
0.0521216229906722,9.19933316958005,0.586217400871163,0.561649527116362,0.726069870609539,-6.53030068724916,"2410015M20Rik"
-0.143153698959388,6.58824084119948,-1.81875137917083,0.077877652812356,0.210306960137066,-5.10439570165804,"2410016O06Rik"
-0.202994226630396,9.7627270302704,-3.26224767652503,0.0025407155604869,0.0176485242032168,-2.0244175430374,"2510003E04Rik"
-0.0901163471154806,8.62990256195197,-0.725929131110703,0.47291179322095,0.658083381129484,-6.43850866099832,"2510009E07Rik"
0.343633237024839,8.25363935941898,4.39072508067534,0.000106477054356391,0.00147546262745309,0.994825218285533,"2610002J02Rik"
-0.201890070526662,5.36871043763276,-2.3012103009261,0.0277179164393173,0.103312234001092,-4.21201093715217,"2610034M16Rik"
0.0673634325004635,7.44503479152468,0.846656277086242,0.40318037682469,0.601016447037219,-6.34397256677122,"2610301B20Rik"
0.180243552002423,8.95394846199959,1.64866162650493,0.108543098491754,0.263978885451937,-5.37859589597921,"2610507B11Rik"
-0.0051899196619767,6.78023912391788,-0.0441940916061973,0.965011452825968,0.98100988370632,-6.7027451256727,"2610524H06Rik"
0.0399812181477805,10.8846859861874,0.634768248793159,0.529881080137536,0.704877416811816,-6.50056345269209,"2700060E02Rik"
0.213553312566042,8.341863460611,2.08342609788017,0.0448981072978459,0.145443959163569,-4.6347782884467,"2700094K13Rik"
0.0806734516956072,6.36200361138578,0.73782461997322,0.465746130379055,0.652613985968762,-6.42981624873264,"2700097O09Rik"
-0.0251420437278559,7.42867795828699,-0.292156705573712,0.77196430550255,0.868724927357522,-6.66049074193404,"2810403A07Rik"
0.169162738593272,8.03232826099674,1.63699066173067,0.11097159932277,0.268278895198815,-5.39658071579965,"2810428I15Rik"
-0.164206437973703,9.93455133716437,-2.58373748246391,0.0143046601288345,0.0642372226444457,-3.61928564762503,"2900011O08Rik"
-0.152882346316511,6.13329419709531,-1.57569075073383,0.124472691571196,0.289804147550112,-5.4892507372484,"3010026O09Rik"
0.187935193886031,5.99328570181709,1.48040952334555,0.148086221840293,0.321351220797106,-5.6272178637942,"3110009E18Rik"
-0.337380472985082,10.3182627981043,-4.41679448683234,9.86795581960235e-05,0.00139395241451694,1.06803912842098,"3110035E14Rik"
0.118432916490675,6.25180674257919,1.70983532006955,0.0965230052996431,0.244605786797035,-5.28256554711522,"3110040N11Rik"
-0.20997079237783,6.18949523717779,-2.79799210981374,0.00845286686143199,0.0440369913039272,-3.13972422561703,"3110057O12Rik"
-0.045600495997132,6.03528346336817,-0.574995275153816,0.569127359366394,0.731051776180521,-6.5368447821993,"3110082I17Rik"
-0.037972160033483,7.04790619293887,-0.512460052643666,0.611683571503601,0.758193024266305,-6.57103688473918,"3632451O06Rik"
-0.226656581783608,8.09998625195105,-2.5528707645075,0.0154051554188854,0.068207373816891,-3.68631834373997,"3830406C13Rik"
-0.0101163834627179,8.09624084742476,-0.15992792212559,0.873895995555321,0.930216957717261,-6.6907657275599,"4833420G17Rik"
-0.115085459315058,8.27962292469963,-1.58140042312683,0.123161030356471,0.287679979660806,-5.48074715901452,"4833424O15Rik"
-0.00241841223743911,9.85660753954517,-0.0275951945258149,0.97814836385433,0.986955221872226,-6.7033496119901,"4833439L19Rik"
0.0328427016120808,8.10946068691563,0.404392802862912,0.688488173075861,0.814651773069349,-6.62097956544379,"4930402H24Rik"
0.0562853389957225,7.97763058015689,0.858527476990594,0.396688236422665,0.594148730703742,-6.33392429684356,"4930453N24Rik"
-0.273701194065752,7.01676247972937,-2.97102653688517,0.00545081349326642,0.031889155970467,-2.73540795890762,"4930506M07Rik"
-0.0436828385926832,5.77168106770481,-0.463575991881118,0.64594247484724,0.783238254545475,-6.59506812246515,"4930539E08Rik"
0.199479972986824,7.77106822243425,2.491136703126,0.0178430525706379,0.0753622396262369,-3.81875679138236,"4931406C07Rik"
0.0038427732320268,7.27126376619685,0.0469158110090665,0.962858242627916,0.980293373697572,-6.7026193353898,"4931406P16Rik"
-0.090387822500933,7.99631400810452,-1.1750535192396,0.248238363996964,0.448540461381779,-6.01750446088477,"4933411K20Rik"
0.0564318455495676,6.60880758973707,0.584770589699854,0.562610812155258,0.726211712928111,-6.53115134198846,"4933426M11Rik"
0.236543178340824,6.29262889660335,2.2304556427482,0.0325094067710033,0.115210778879951,-4.35277820821983,"4933427D14Rik"
0.131278326137896,2.83669989831962,0.383283051358661,0.703925745283018,0.826518634100642,-6.62937539560175,"4933428G20Rik"
-0.282157156682658,7.50778722072582,-3.00248744068877,0.00502664388346896,0.0299637885394018,-2.66037503002865,"5730409E04Rik"
0.0193230008592418,2.10616316670856,0.167060024515436,0.868324792013441,0.92710118919116,-6.68958360119492,"6030419C18Rik"
0.17371506494395,10.5827689306589,1.65084264572082,0.108094178904517,0.263342485128251,-5.375222952751,"6330403K07Rik"
-0.0560864737326243,8.97892740665284,-0.620411064058661,0.539175288077306,0.711051510924124,-6.50959787602342,"6430548M08Rik"
-0.267198765158622,5.64878163638847,-2.78482903182084,0.00873546189217439,0.0450899681082159,-3.16987982077355,"6430573F11Rik"
-0.00318188724600938,8.52492694898532,-0.0396776448044874,0.96858509065261,0.983009581839628,-6.70293728205255,"8430419L09Rik"
0.0256911517337575,7.57704826235778,0.336942543991208,0.738257114771113,0.84807075849447,-6.64624050257217,"9030624J02Rik"
-0.0799121916968689,5.13137334026412,-0.633674456988003,0.530586147591241,0.705135049131808,-6.50125883397938,"9130011E15Rik"
-0.174805643396987,5.19111697436013,-1.82356681141236,0.0771293446674452,0.208851467810189,-5.09630956909002,"9430015G10Rik"
0.183380256338796,8.36854523759179,3.06543272848819,0.00426983182337624,0.0264530244290988,-2.50891428386099,"9530068E07Rik"
-0.132546633799562,6.19212277630936,-1.84672926971411,0.073614969745225,0.201892352026748,-5.05717137853084,"9530077C05Rik"
-0.117618333439076,7.77056610374652,-1.88753548623666,0.0677561521193878,0.191449928080842,-4.98724656699339,"A230050P20Rik"
-0.182479004416048,5.71961478830931,-1.8396953287644,0.0746674569821071,0.203853392344091,-5.06909933835653,"A330021E22Rik"
-0.056783001542719,7.78454698553922,-0.692049186425591,0.493664285484712,0.67430904433895,-6.46251497011622,"A430005L14Rik"
-0.0735071635637396,9.02952232559314,-1.21788851037864,0.23175503810355,0.428231390935662,-5.9676633790482,"A730017C20Rik"
-0.145260642150601,4.82850223417329,-1.41362971274377,0.166674655187373,0.345294074288358,-5.71941849090688,"AA415398"
0.103938758948421,5.94966053732846,0.947048924716167,0.350379583708961,0.552521651233361,-6.25479538531355,"Aaas"
-0.0137084141863458,7.40041051105763,-0.235733303996874,0.815071469268937,0.895145421970428,-6.67556876401502,"Aacs"
-0.0997099059449694,9.6598872450934,-1.1137762209253,0.273284174604642,0.475307955790071,-6.08594309008186,"Aak1"
-0.000734980196168364,8.7693943962013,-0.00894659020370962,0.992914690327432,0.994887499169727,-6.70369530929031,"Aamp"
0.0574322304151221,5.73115639388606,0.764420719386397,0.449955169459464,0.641275211317105,-6.40988757462425,"Aard"
-0.0197928538741502,9.34879018305123,-0.24917765040231,0.804741233460426,0.887956955258464,-6.6722673825502,"Aars"
-0.0342188780017711,7.77798209835918,-0.583138461821317,0.563696220177563,0.726852477206712,-6.53210848234793,"Aarsd1"
0.0230502619138701,6.0703730976148,0.202407431728308,0.84081957136829,0.909639301426484,-6.68296528609183,"Aatf"
0.130007634570186,8.37770110529182,1.12847515097129,0.267117351641401,0.46868381337534,-6.06983529244892,"Aatk"
-0.332443050128902,9.31365582003021,-3.6791106949945,0.000813775136556497,0.00738105757851513,-0.9503988566024,"Abat"
0.0306862046455697,6.40944498501232,0.188945106991427,0.851273197661513,0.915540783921307,-6.68563491458902,"Abca2"
0.132552178956302,7.60190759406314,1.48904304472137,0.145808688657667,0.319146361502002,-5.61502526264139,"Abca3"
0.245032335475583,5.28405572305156,1.89132813570668,0.0672325428192519,0.190372663356253,-4.98068493676023,"Abca7"
0.0867255557309718,6.86196146397651,1.17327561646342,0.248940607661534,0.449001246222145,-6.01953773318796,"Abcb10"
-0.00905318416457911,5.66902660267109,-0.12877843569636,0.8983011918536,0.943188197068021,-6.69532500576394,"Abcb4"
0.190510352088987,6.53439897618294,2.14595419741036,0.0391935781782093,0.13159335203243,-4.51662103460124,"Abcb6"
-0.189896745892414,6.81540778784036,-1.68260141756443,0.101729576096569,0.253321514840141,-5.32568118727414,"Abcb8"
-0.0924481705193266,7.22044076003962,-1.29822836949095,0.203054909965395,0.39521648435179,-5.86980342228787,"Abcb9"
0.101777900990164,4.70761017248762,0.633566861460809,0.530655531461256,0.705135049131808,-6.50132717491239,"Abcc10"
-0.192227845460564,8.77996106521114,-4.0756176233452,0.000264977920202815,0.00310042610576055,0.119482066782538,"Abcc5"
0.0868411188294706,8.82347828166382,1.46109699746444,0.153283701774398,0.327155591212222,-5.65426675111821,"Abcd3"
0.024177616432185,8.37276365234265,0.44581215161962,0.658594204496635,0.791726000781056,-6.60321226665033,"Abce1"
0.0754660418970412,9.02555594904451,1.49364676643595,0.144605725050613,0.316987852762576,-5.60849836849983,"Abcf1"
-0.253149293566365,8.4835051838209,-3.08986216144209,0.00400626713354237,0.0252935106292879,-2.44966092269735,"Abcf2"
-0.0498465638326078,7.73058940376791,-1.00827601160897,0.320532517925397,0.526358022760592,-6.19576914236149,"Abcf3"
0.0580751941801063,7.56506569382927,0.74627506978617,0.460694228275567,0.649142496002706,-6.42355819294605,"Abcg1"
-0.122922926047409,7.52782493974675,-1.65970002710683,0.106286819812418,0.260829407452079,-5.36148621732953,"Abcg4"
-0.0329359764827086,5.11189511505872,-0.229670914230895,0.819740765991475,0.896930501821438,-6.67699775464139,"Abhd1"
0.0703092337758815,8.03502022282247,1.37856984960568,0.177142918577929,0.359470458832782,-5.76631534646602,"Abhd14a"
-0.0595918201180213,6.53353804682161,-0.778236516195832,0.441878948692584,0.634735343059085,-6.39926647131999,"Abhd14b"
-0.321888499425685,8.58643672399569,-3.06327102717473,0.00429392896115071,0.0265696733142123,-2.51414494023843,"Abhd3"
0.296401798392195,9.17437596586871,4.43598296696368,9.33024548805331e-05,0.001336716704439,1.12199720310182,"Abhd4"
0.0191208594393469,7.19966349061331,0.291540228579242,0.77243161199668,0.868724927357522,-6.66067281817495,"Abhd5"
0.0410666167774298,8.4662683546335,0.730429343601772,0.470193499280354,0.655748290063835,-6.43523629815532,"Abhd6"
-0.117993870945389,8.56535158429945,-1.66664766279307,0.104886731213064,0.258211411763491,-5.35066776072607,"Abhd8"
-0.194966780523094,10.2974501704783,-3.8221364472422,0.000544979453758791,0.0054530384629079,-0.569197434011891,"Abi1"
-0.158256772666564,11.618028870385,-2.05094646941923,0.0481407743731713,0.150884975241705,-4.69509630687172,"Abi2"
0.69002004974046,5.372880209079,6.20302955742162,4.94603849875217e-07,1.94866188665681e-05,6.2082079930949,"Abi3"
0.00103598050365645,7.10300087007464,0.0107468723045842,0.991488997123196,0.994257573246492,-6.70367732361364,"Ablim2"
0.0134047184971561,8.14541453238484,0.0959481612819679,0.924132075406979,0.958141047754398,-6.69906632883683,"Abr"
-0.444957000390356,6.13337331840989,-4.51764253442296,7.34728085890756e-05,0.00111268280394807,1.35224719271831,"Abtb1"
0.0164950320773708,8.32051511600639,0.148010007299,0.883220070180891,0.934945175046649,-6.69262617501517,"Acaa2"
0.0771884141641258,7.04101686790064,1.09683269719366,0.28051813503392,0.483642035889251,-6.10426740066917,"Acad8"
-0.11533786476361,7.60885260385509,-1.74239983401166,0.0905916708614056,0.23356533545709,-5.23025122379268,"Acad9"
0.0927776720114269,8.70276651337524,1.1334105584445,0.265069333948175,0.466252058284145,-6.06438298112066,"Acadm"
0.113506814034139,7.04292093205302,1.00939059188152,0.320005752204979,0.525854543158413,-6.19466235264478,"Acadsb"
0.27514122964378,7.50046312224416,4.77731339623017,3.42155934287343e-05,0.00060543592161792,2.09028669839947,"Acadvl"
-0.0126344968309972,8.78432011442991,-0.204465456768197,0.839224026698068,0.908588829248251,-6.68254102617902,"Acat2"
-0.0490692256749222,8.10972666985221,-0.809901249620444,0.423699281940158,0.617904996768137,-6.37423267041291,"Acbd3"
-0.0970421534084606,7.61175435097554,-1.33467474681087,0.190962398370358,0.377952658941018,-5.82354763412515,"Acbd4"
-0.109629457383711,8.63871621307736,-1.59274357684776,0.120588678937112,0.283509887123476,-5.46377513694899,"Acbd5"
0.0292562766576635,8.00853678130587,0.46524544190594,0.644758870813062,0.783121142945634,-6.59428658556259,"Acbd6"
-0.0986562566710096,7.47226312500394,-1.74674215684805,0.0898243946931521,0.232180636820895,-5.22321326277748,"Acd"
0.129385942295412,6.25146073006506,1.67865847402428,0.102502414663673,0.254139467624828,-5.33187524664486,"Ache"
0.00611094501840612,9.89466073988361,0.121951663089593,0.903664197578455,0.946845600440004,-6.69619292830229,"Acly"
-0.0550709166202174,7.50790673836849,-0.510868832453941,0.612785421123188,0.758655217080215,-6.57185645889414,"Acn9"
-0.0991180188309215,10.7342595973904,-1.7726516151461,0.0853590873421071,0.225492864047274,-5.18091793762581,"Aco2"
0.857625674624373,7.19060756325918,8.09619543535273,2.11913973660524e-09,3.09584805209061e-07,11.5219986694002,"Acot1"
0.012466422087143,6.84349832783743,0.1095701637135,0.913402465632997,0.95210595993948,-6.69764655960774,"Acot11"
0.104885843797109,12.556516856746,1.00072335139178,0.324117607811711,0.529486587688519,-6.20323870427702,"Acot7"
0.181009649044585,6.74969300599394,1.50529795408229,0.141596739809937,0.31332705522664,-5.59190141513804,"Acot8"
-0.159036916227899,4.70782789934678,-1.33247247862879,0.191677012528998,0.378772403677013,-5.82637532274442,"Acox3"
0.0178857205831639,8.23075308595055,0.264741755324204,0.792826704267606,0.879503974839758,-6.66821772689778,"Acp2"
0.214754610739479,5.56337806548169,2.00857250249303,0.0526791886484738,0.160909235829348,-4.77268352979838,"Acp6"
-0.0542346476488456,8.04271987023428,-0.626914303116947,0.534954819748003,0.708263889731997,-6.50553064234393,"Acsbg1"
-0.100616293093936,8.57644851160495,-1.49902871051822,0.143209501377748,0.315649263744749,-5.6008458487938,"Acsl1"
-0.385509867746116,9.46892014141841,-5.84266957446139,1.44077211861039e-06,4.87638509674644e-05,5.16638316378186,"Acsl3"
-0.109635747935905,8.60673356916605,-1.35429230248793,0.184686875596742,0.369403921529,-5.79817419250929,"Acsl5"
-0.221815276939404,9.7524088144152,-3.93891718343457,0.000391539744095676,0.00421009579845307,-0.253857752393515,"Acsl6"
-0.271176508883394,6.81269511413653,-3.44513943879866,0.00155106801252607,0.0122127379287448,-1.560588698528,"Acta1"
0.224128745694465,7.98770087288896,1.64811078398534,0.108656722028141,0.264075108042369,-5.37944717520795,"Acta2"
0.451756019813659,15.4690444340723,2.10936973199518,0.0424478295510162,0.139962831478771,-4.58607642647767,"Actb"
0.28208280099219,7.21292660602071,3.40349739811797,0.00173704187249141,0.0132376282446014,-1.66727156149355,"Actl6a"
0.243979045631686,8.24911400553704,3.27693722394325,0.00244290151748337,0.0172060787048445,-1.98762727859815,"Actn1"
0.108639724934171,5.97860390921281,1.19536873284475,0.24031684380406,0.43909582504575,-5.99407049301106,"Actn2"
0.123562496392568,8.12036725297015,1.46664263712438,0.151776598511037,0.325714212420824,-5.64653149070683,"Actn4"
-0.0763753166639869,9.38919244543783,-1.34703529418666,0.186989504555865,0.372428148291953,-5.80759910441459,"Actr10"
0.00468785307921526,9.0356316978071,0.0881953740754049,0.930245275765214,0.96072638248699,-6.69979037844923,"Actr1a"
-0.164705988938314,8.23447275241379,-1.72961586379837,0.0928826107232934,0.23813269236277,-5.25088660039226,"Actr1b"
-0.0521459778432425,11.1466987758134,-0.903996748988762,0.372437054790569,0.574373109268759,-6.29420200560659,"Actr3"
-0.264389770819699,8.90318635636927,-4.48836612979988,8.00509554148463e-05,0.00119479978333955,1.26958544295922,"Actr3b"
-0.0576133027158846,7.56950737995751,-0.969895513225344,0.339033105590066,0.542564414816854,-6.23317825875328,"Acvr1"
0.00335894332984492,7.14472905576346,0.0398635727102328,0.968437961696922,0.983009581839628,-6.70292977997629,"Acvr1c"
-0.126047900517517,5.6863685123005,-0.746969235153692,0.460280665715081,0.648922392284359,-6.42304105945711,"Acvr2b"
0.0874075759512863,5.70586479451613,0.79124128018645,0.434356636578795,0.627459329208496,-6.38910134222527,"Acy1"
-0.0691060735191229,7.07092295137324,-0.654268367384281,0.517395162640868,0.694311816178259,-6.48796990696035,"Adam11"
0.133848707374555,7.55769092572851,1.82655832144325,0.0766675604571969,0.207916318382118,-5.09127739397751,"Adam15"
0.552557041374229,6.98441489569403,6.88961276479875,6.58866477841828e-08,3.75192538094818e-06,8.17387804477971,"Adam17"
0.0467931542024711,6.11101713158942,0.552571456493292,0.584216655617535,0.742117026266808,-6.54954945732541,"Adam19"
0.181750116838952,8.16201711093488,3.40598868596291,0.00172533796967448,0.0131878003279,-1.66090641762842,"Adam9"
0.063668668218304,6.58314180467764,0.5532203242476,0.583777300848593,0.741928536227931,-6.54918879480805,"Adamts4"
-0.192778245398489,8.08694335179032,-1.38958228820075,0.173800995570028,0.354849563020101,-5.75169765250069,"Adar"
-0.0425875640713506,7.0803727992243,-0.317222153191337,0.75303905944117,0.858209260285157,-6.65276376661251,"Adarb1"
-0.0673858513342318,6.54398404550574,-1.12784132665263,0.267381187999376,0.46868381337534,-6.07053390364203,"Adck1"
0.182817065241196,5.72767880269314,1.75696097727316,0.0880403080278418,0.229681864251251,-5.20659340364475,"Adck4"
0.0921415166510984,6.2849907413079,1.27376982956157,0.21149121779349,0.404728526616818,-5.90019624258646,"Adck5"
-0.290677533308254,9.71177315224764,-1.60404706235123,0.118069206092903,0.279410139055142,-5.44675907240047,"Adcy1"
-0.159749419384522,8.84468467438609,-2.24887026945204,0.0311957191803539,0.11246986786705,-4.31645180091421,"Adcy2"
0.112550123444258,6.3044980255664,1.08117582501393,0.287322668708715,0.4916756763821,-6.12096792436082,"Adcy6"
-0.372090802809907,6.15840626127437,-3.60287540670118,0.00100567139612105,0.00862517151469124,-1.15113991403974,"Adcy8"
-0.160022329429367,8.80507579926637,-1.45000649516742,0.156333356556177,0.331395173229424,-5.66965890482509,"Adcy9"
-0.334091024901299,6.53120575346874,-4.069987106915,0.000269291698255832,0.00311643815568595,0.1040208838508,"Adcyap1"
-0.14233394430471,10.2277410741435,-1.15303666676722,0.257037149928509,0.457880639301345,-6.04248378696091,"Add1"
0.205452499745349,10.3116008187295,2.66314251327238,0.0117981492833132,0.0565033873084031,-3.44441378579985,"Add3"
0.0498911430295355,8.9621162721829,0.704042633055072,0.486260171302113,0.668010490571058,-6.45414404489063,"Adh5"
0.278649730192385,9.05410050721007,5.15067995893882,1.13079306024221e-05,0.000247938669687019,3.16297444640938,"Adipor1"
0.168406913076203,7.86955612249518,2.42982201028303,0.0206093121340357,0.0833072670139269,-3.94809656628069,"Adipor2"
-0.0966216134227485,10.5350529700713,-1.20365783066752,0.237138692037171,0.435502703548235,-5.98440303301176,"Adk"
-0.0812170977568987,8.70933457456438,-0.754803722796289,0.45562819216816,0.645345710260755,-6.41717237051911,"Adora1"
0.00864488759903492,6.13336331501279,0.100584138325723,0.920478743072143,0.956078661145927,-6.69860425236588,"Adora2b"
-0.00430072869113729,5.80006639411803,-0.0573497451184135,0.954606501293075,0.976685044840936,-6.7020674888158,"Adpgk"
0.0854708353381338,9.16898204793587,1.05186067502628,0.300374258362937,0.505664284552619,-6.15163477515901,"Adprh"
-0.080540219821675,6.89487121975833,-0.64514634323923,0.523216117244678,0.699146496890543,-6.49390733548207,"Adra2a"
0.186076006216882,7.19597603093827,2.51285662425229,0.0169476527495823,0.0727065204939437,-3.77241111873092,"Adra2c"
-0.12062335208091,8.82776780475864,-1.54034847828205,0.132847017957443,0.301778158360083,-5.54129651163358,"Adrbk1"
-0.05998602875106,8.30624871614399,-0.978092339890225,0.335022962817588,0.540860503879058,-6.22530386141421,"Adrm1"
0.0714337021110883,6.50534233731023,0.828551071540697,0.413209030762887,0.607666461198295,-6.35903942046874,"Adsl"
-0.0824143153822334,8.5152252307195,-0.907039405264708,0.370849210548222,0.573151262272351,-6.29147420986659,"Adss"
0.0439762936099017,7.10364579342264,0.518878850401706,0.607248176052887,0.755017887533212,-6.56770535168661,"Adssl1"
0.353033576944366,6.48452281219659,3.7696144936197,0.000631766270976885,0.00614494511274421,-0.709850243233551,"Aebp1"
-0.0754217351710423,8.21570856170253,-1.02653438317551,0.311977910743967,0.517524445642895,-6.17749369350125,"Aebp2"
-0.10164215655734,8.76537960587031,-1.18091919166027,0.245931790783953,0.445486358090328,-6.01077619471865,"Aes"
0.174488196772481,6.26418176254975,1.53893714482272,0.133190681753101,0.302150520954066,-5.54335367673083,"Aff1"
0.484638186720804,6.12777168191251,4.44413078213435,9.11075774112417e-05,0.00130946309220851,1.14492618384187,"Afg3l1"
-0.100802755100125,7.58584933698955,-1.53894576607841,0.133188580271354,0.302150520954066,-5.54334111531315,"Afg3l2"
-0.0875414804427915,8.83375152882626,-1.5340031888137,0.134397769053541,0.304068169285334,-5.55053258898294,"Aftph"
0.144592127141017,8.27087104170173,1.07404377583947,0.290460581185017,0.496035459165608,-6.12850122259202,"Aggf1"
0.134181853519404,6.86534570448203,1.4284553036605,0.16239683297552,0.340385381835224,-5.6992734765181,"Agpat1"
-0.0852290153230633,8.47906262684283,-1.16341823537815,0.252860461430153,0.452832140267138,-6.03075956050541,"Agpat3"
-0.124063865019465,7.85191521329526,-0.595224558962525,0.555683758134941,0.721792019602211,-6.52495862333082,"Agpat4"
-0.0308774295920008,7.1159928417212,-0.319296262529611,0.751479782262523,0.857622214128723,-6.65209606763979,"Agpat6"
-0.0637307018536402,7.54712889015987,-1.04221374315137,0.304758237233478,0.510257566523383,-6.16155418049745,"Agps"
0.180413885665782,7.96154887534602,1.97185438120979,0.0569096846743943,0.169864389902731,-4.83888889161307,"Agrn"
0.0481207507809707,5.99321517991764,0.314083847192297,0.75540038138325,0.859346745616,-6.65376582930254,"Agt"
-0.18002727537226,8.50703074473532,-2.1575798019622,0.0382068337558321,0.129487273273294,-4.49436095707441,"Agtpbp1"
0.721413423032636,5.3622713978191,3.48255673688259,0.00140042049411142,0.0112278546133607,-1.4642132462964,"Agtrap"
-0.317934491650162,10.5997843218497,-4.08491416563995,0.000258003049158498,0.00303997517968763,0.145025132933214,"Ahcyl1"
0.206599904420938,9.07957564439895,2.60499790521601,0.0135893006931985,0.0621057607717403,-3.57280452459559,"Ahi1"
0.520951008908213,6.76612383606577,4.87668392992412,2.55023952108507e-05,0.000474570402392326,2.37468318902923,"Ahnak"
0.0185740465275802,8.95063909415789,0.269072368568805,0.789520397845507,0.878347974042553,-6.66704749786706,"Ahsa1"
-0.1289383937103,4.5043944196798,-0.623736585949352,0.537014915703086,0.710245533671824,-6.50752321489864,"AI118078"
-0.0259699425736303,7.85550807294882,-0.412551607198203,0.682557345629305,0.809723992944856,-6.61761522543218,"AI314180"
0.0322916279105835,7.67782666422508,0.371398858062196,0.712673619754092,0.832619378914573,-6.63390576756833,"AI413582"
-0.672080929526774,9.72013773240061,-6.3046508946598,3.66271577527933e-07,1.5694734907546e-05,6.5010500105447,"AI593442"
-0.101487131170208,7.25913919748379,-1.81792646662683,0.0780064603812389,0.210306960137066,-5.10577915105941,"AI597479"
-0.116826503632502,7.367995509964,-1.79248924837742,0.0820682736742945,0.219165537485717,-5.14818690696059,"AI837181"
-0.156480666139695,5.9095333230723,-1.9363268180577,0.0612811069531378,0.178934078815508,-4.9020285010349,"AI846148"
1.17603879873442,7.4372450145933,6.56397839474575,1.70672955754132e-07,8.78269097824582e-06,7.24566479160241,"Aif1"
-0.0191000037681954,7.14373598448766,-0.298429502946069,0.767214296348735,0.86653117502501,-6.65861632176311,"Aifm1"
-0.317743481120843,7.87507864029823,-4.11259473166131,0.000238282828234877,0.00285430000662347,0.221190056540143,"Aifm3"
0.0294921659515916,8.42605063746258,0.469806483943112,0.641529991542992,0.780272885651656,-6.59213724258073,"Aip"
0.0812454804837875,8.1098383717184,1.58623792940212,0.122058575048889,0.285668907684763,-5.47352184641787,"Ak1"
-0.131983451150553,6.32098618725206,-1.46902059533474,0.15113397882962,0.32515338175764,-5.64320674855745,"AK129341"
0.475053543603187,7.42038040165178,7.5972341120245,8.6128447057087e-09,8.51658350017431e-07,10.1571125007746,"Ak2"
0.00126771757293995,9.29766559416754,0.0150206388457918,0.988104605635793,0.992038926183815,-6.70362145775867,"Ak3"
-0.102962745095729,7.86779065538917,-1.1777743043468,0.24716650290662,0.447241002568384,-6.01438739300218,"Ak4"
0.0630152769570738,9.38587496895254,0.927909119941257,0.360076760464145,0.562362063493553,-6.27252933801419,"Ak5"
-0.083751020476987,7.12110535234288,-1.41787198335652,0.165441629081692,0.34385953092484,-5.71367309043911,"Akap1"
-0.0705427352306341,6.64184676844678,-0.872909785846075,0.388911696417837,0.586858672960847,-6.32157134030723,"Akap10"
0.232371683737409,6.95527240811248,1.51467610212617,0.139211472978185,0.310295168424681,-5.57846075112821,"Akap12"
-0.208573872708128,7.55569682673128,-3.02794839707612,0.00470639300192257,0.0284926049324076,-2.59932295855781,"Akap2"
-0.181008101211888,8.25981926582406,-1.897441499211,0.0663958641109996,0.189171945034899,-4.97008596862444,"Akap6"
-0.557506988519322,7.44589897016465,-8.54050173880027,6.23382042842194e-10,1.74650869002955e-07,12.7110282250851,"Akap7"
-0.130141106966672,7.31567908496339,-1.71566620426001,0.0954376936984231,0.242979413219426,-5.27325892412437,"Akap8"
-0.00376470820356155,7.51712037846097,-0.0444182517291037,0.964834104675661,0.98100988370632,-6.7027350495781,"Akap8l"
0.11954394826754,8.44958316255159,1.21736520632419,0.231951391531128,0.428315952944519,-5.96828213243984,"Akap9"
-0.00157698616355606,7.01927772541784,-0.0208121553919272,0.983518678448283,0.989601894536052,-6.70351618061942,"Akr1e1"
0.149240922940953,8.91493631070161,1.82093596236308,0.0775374108677682,0.209703914229977,-5.10072948857579,"Akr7a5"
0.148703396100444,7.66645288711943,2.00699422342098,0.0528552213314199,0.160942751017278,-4.7755489734333,"Akt1s1"
-0.149174863691834,9.18070335630665,-1.61570557967758,0.115515972480075,0.27569666314104,-5.42910077326301,"Akt3"
-0.0785033201176168,7.26783792108132,-1.12370964553189,0.269105634821721,0.470398515218696,-6.07507900010859,"Alad"
0.0583857294161696,8.4599403207226,0.961184784428779,0.343329806510661,0.546014574024996,-6.24147771293228,"Alas1"
-0.153009815459133,5.26187250841863,-0.616804485122068,0.541523379097179,0.712243607308653,-6.51183562849351,"Alas2"
-0.127467532543301,9.83883592911544,-1.5409639152108,0.132697382093921,0.301574086480235,-5.54039893710284,"Alcam"
0.218596607729668,7.9123003937679,2.96841716173353,0.00548747050932453,0.0319922702641892,-2.74161082390638,"Aldh18a1"
-0.0683023701969695,7.86093382607352,-0.861228718181739,0.395220234286662,0.592845492895295,-6.33161916457754,"Aldh1a1"
0.00114496914839043,5.23318728703179,0.0117172201282621,0.990720563312701,0.99407158790011,-6.70366626552479,"Aldh1b1"
1.12349659790362,5.54084630216615,8.66820951191513,4.40541737213801e-10,1.44716393954462e-07,13.0479657533869,"Aldh1l2"
0.065654871220957,8.62694743779131,1.01590053544133,0.316940889258123,0.523185893462755,-6.18817495196913,"Aldh2"
-0.00414306030361629,7.03353325596559,-0.0576229915515381,0.954390466937732,0.976685044840936,-6.70205155310561,"Aldh3a2"
0.30231632543231,5.12440130537305,2.26309026559542,0.0302140564095072,0.109975264763512,-4.28825022603469,"Aldh3b1"
0.0267350093228922,5.30726184290869,0.108892815173322,0.913935618648425,0.952464832577807,-6.6977216006592,"Aldh4a1"
-0.139626810985197,7.41207007855834,-1.33982550908603,0.189299030773384,0.375209668955074,-5.8169177487992,"Aldh5a1"
-0.225698922498644,8.07256438461105,-2.42578137199664,0.0208046704611893,0.0840015637596297,-3.95654164227748,"Aldh6a1"
0.119012500600397,12.7131324795216,1.16855005790985,0.250814183303087,0.45052486705606,-6.02492827502337,"Aldoa"
-0.166818205840585,11.4702656118358,-2.06267000809764,0.0469473433160003,0.149002691655372,-4.67340874893681,"Aldoc"
0.0916425450001681,6.7453360076176,0.954338721023531,0.346732142435417,0.549475641790319,-6.24795084317378,"Alg1"
0.0214777202736453,6.962316808506,0.248444334064853,0.805303792508268,0.888070637572533,-6.67245215815172,"Alg10b"
-0.0797683136196588,6.52267423883062,-1.15154777710309,0.257640237191065,0.458591261188628,-6.04415728812356,"Alg12"
-0.104910600993098,8.65265597489088,-0.994853037869988,0.326922907507466,0.533033372958341,-6.20900791538685,"Alg2"
0.0901468132671399,6.30394841570946,1.53412789601743,0.134367151032674,0.304068169285334,-5.55035138597658,"Alg3"
0.192411826806504,7.30030025783834,2.09170011166256,0.0441034475331969,0.14367809167307,-4.61929624250119,"Alg5"
0.131099702780847,6.50566120860463,1.84667628263386,0.0736228505606166,0.201892352026748,-5.05726137086513,"Alg9"
-0.1944518615128,5.13865162413362,-1.79217150011501,0.0821201247666064,0.219165537485717,-5.1487135383421,"Alk"
0.830271460894173,6.98519964326139,6.33100575983836,3.38854466395316e-07,1.49898515265928e-05,6.57690846997721,"Alox5ap"
-0.307923725747111,5.45006757972389,-3.58853425592231,0.00104636460141227,0.00888352977259609,-1.18870188199866,"Aloxe3"
0.0739707398635188,7.53779087001387,0.703922899214762,0.486333777237698,0.668010490571058,-6.4542283040614,"Als2"
0.002757183888635,9.15665389988938,0.0504031996664618,0.960099711177695,0.979325008792297,-6.70244717535406,"Amfr"
-0.172417996115894,7.06210963408688,-2.73792865233344,0.00981562292819771,0.0490100855711892,-3.2766059434731,"Amigo1"
-0.351627182644356,6.70031986389149,-1.93045526415819,0.0620308774903966,0.18050877967921,-4.91237559604924,"Amn"
0.142430294560326,8.41381744486719,1.34742932943866,0.186863911867943,0.372428148291953,-5.80708852243726,"Ampd2"
-0.0019360594620776,9.30905905439438,-0.0297522265735477,0.976440788336622,0.986591024039526,-6.70328686034648,"Amph"
0.150372860898656,9.00280457840625,1.95034520258953,0.0595226692249463,0.175642376185725,-4.87722372254804,"Anapc13"
-0.138239041328255,7.79025575973169,-1.83631870283834,0.0751772474502653,0.204929112914426,-5.0748121652309,"Anapc2"
-0.0491617620528717,8.61283100251803,-0.969726340789011,0.339116207714202,0.542564414816854,-6.23334011745003,"Anapc4"
0.0627156700306562,12.0309716378784,1.03168695121668,0.309592481845296,0.514831593031007,-6.17228062059524,"Anapc5"
0.0173645004448233,7.79340063513129,0.272242871678891,0.787102309526465,0.877007784459572,-6.66617877056553,"Anapc7"
-0.0820766135032375,9.04623919720422,-1.25303071785675,0.218849864882442,0.412134610339572,-5.92555646856144,"Angel2"
1.19345758829376,5.30558715808376,5.16841375108975,1.07269591055341e-05,0.000240298537073606,3.21415921125097,"Angptl4"
-0.125839930683298,9.55950575075619,-1.70507959405453,0.097415818285834,0.246249609832311,-5.29013647513554,"Ank"
-0.28554172786367,7.57840387738844,-2.71203292585177,0.0104640844485695,0.0512333765768309,-3.33504602032543,"Ank1"
-0.0945336211589456,9.9916482297652,-1.27336292896204,0.211633774477206,0.404728526616818,-5.90069744131817,"Ank2"
-0.0559760544631688,9.78412469173763,-0.594440450863881,0.556201814255949,0.722094411525967,-6.52542683956912,"Ank3"
0.189321486370929,6.90828180934497,2.40265145658123,0.0219557775263484,0.0870754759588261,-4.0046949668032,"Ankfy1"
-0.16446851024902,8.42564270987281,-3.19963125128927,0.00300121047770701,0.0200464959457966,-2.18028706981767,"Ankmy2"
0.304246277812296,7.78456915635446,3.72298095555039,0.000719966571319259,0.00673591025794544,-0.834091279129513,"Ankrd10"
-0.108234303764152,8.89742971148983,-1.33919486382965,0.189502087413955,0.375209668955074,-5.8177307246806,"Ankrd12"
-0.230553946987532,7.54838351327244,-3.55894716566214,0.00113540539701319,0.00941792313700675,-1.26598904447661,"Ankrd13d"
-0.236300355344072,5.31752384425499,-2.84672745584019,0.00747926156014205,0.0402109979187595,-3.02731918289218,"Ankrd35"
-0.0834434859479369,8.16273295048742,-1.07056726723983,0.291998859264723,0.49718122157715,-6.13215646361958,"Ankrd40"
-0.160836895918307,7.07394296386692,-1.37490813106988,0.178265149935341,0.361122635919817,-5.77115288074098,"Ankrd50"
0.178331549996373,5.77074045646048,1.74430780075204,0.0902538625246173,0.233171223725228,-5.22716061786696,"Anks3"
0.0511082624860743,7.89498172770887,0.607019123899087,0.547920983290575,0.717885157805582,-6.51784284940979,"Anln"
0.203750245921398,10.4449275581655,1.94181020857557,0.0605879976390658,0.177796129452907,-4.89234286703909,"Anp32a"
-0.0199299611356906,8.93417343978729,-0.283933748776046,0.778204580898798,0.871333415069414,-6.66288789813032,"Anp32e"
0.0660339649482302,6.63726819116848,0.571220889995571,0.571653535220423,0.732989773230763,-6.53901792482585,"Antxr1"
1.14140580923225,7.95850560870146,7.83497871603467,4.39966848428606e-09,5.28274480148919e-07,10.8112005450915,"Anxa2"
0.938211539925993,7.67035029525853,7.36944527957931,1.64889708933752e-08,1.25990727598926e-06,9.52435929826174,"Anxa3"
0.534112705208193,8.68015736773496,5.73725827941203,1.97150158309036e-06,6.06236736800286e-05,4.86100166672986,"Anxa5"
0.0883568104457328,7.75086496906936,0.695167666981988,0.491733052809018,0.672523919329455,-6.46035183720275,"Anxa6"
0.0222594694574598,8.15172977926937,0.349699869795771,0.728747713298848,0.843989308484529,-6.64181246859644,"Ap1b1"
-0.0470017307256644,7.7591428794861,-0.592345249173851,0.557587310028308,0.723228601973445,-6.52667498787535,"Ap1g1"
-0.00756984039732174,8.32369419507541,-0.160181947724135,0.873697450772955,0.930216957717261,-6.69072450775839,"Ap1m1"
0.31845442817307,9.98092158075701,3.57631047932507,0.00108230189553427,0.00907723778158718,-1.22066667258504,"Ap1s1"
-0.0565310426589423,6.78533192061068,-0.621294612829059,0.538600860953973,0.71085385091877,-6.50904772192293,"Ap2a1"
0.287085153414909,8.98464746635336,3.35414500079159,0.00198523055243032,0.0145963966178407,-1.79290253223277,"Ap2a2"
0.00767279071531821,8.76007788344811,0.0548049118047386,0.956618665042307,0.97775191078402,-6.70221226621948,"Ap2b1"
-0.0733470304216491,9.67998593067388,-1.36267217668506,0.182055316608666,0.366948425922263,-5.78723462755182,"Ap2m1"
0.258892921900364,10.5369880636047,2.17702651546033,0.0366055281664822,0.12557723821021,-4.45692349441234,"Ap2s1"
-0.00581136528720881,7.76199457544358,-0.0815805960697483,0.935464555100131,0.963748263814088,-6.70035996826077,"Ap3b1"
-0.0850793236829415,7.71649691243926,-0.905062698169562,0.371880276829063,0.574163237512987,-6.29324735572387,"Ap3b2"
0.0205296084094748,8.45018009349775,0.255426457375186,0.799951815567213,0.883665415076789,-6.67067084714579,"Ap3d1"
0.0237888827647455,8.05330870115015,0.358102112876088,0.722508256934993,0.839928340185148,-6.63880686622153,"Ap3m1"
-0.21594377982136,8.95934429457655,-3.40585875426764,0.00172594650335396,0.0131878003279,-1.66123844292872,"Ap3m2"
-0.124367713107754,7.622587003384,-1.95930576197495,0.0584217343143455,0.173715097964177,-4.86129415453876,"Ap3s2"
-0.153178357385132,9.39245115075137,-1.6619136716003,0.105839054276851,0.260296637239805,-5.35804340567747,"Ap4s1"
0.780654696087138,7.08885031188241,5.60948789072492,2.8841785808874e-06,8.09645919494884e-05,4.49071657607439,"Apaf1"
-0.0686303519193262,8.06717660139483,-0.871346441486884,0.389752272846882,0.587424002381,-6.32292359376295,"Apba2"
0.205230815216749,5.79981602824084,2.46448298740324,0.0190009474894074,0.0790608730933015,-3.87525403782845,"Apba3"
-0.194532253535292,10.0837266602457,-2.96651828746487,0.00551429225443856,0.032074481936717,-2.74612274918247,"Apbb1"
-0.140788122989299,8.11017130454301,-1.37836762702922,0.177204751270731,0.359470458832782,-5.76658280400015,"Apbb2"
-0.104299975959961,6.53129990498443,-1.65463805440018,0.10731663148878,0.261954391383309,-5.36934435065576,"Apbb3"
-0.102001862615305,9.31676457202517,-0.95971014846345,0.344060776975477,0.54700457070849,-6.24287571778712,"Apc"
0.450822281361566,8.76885701134274,6.0426748284955,7.95401007880286e-07,2.9934382707017e-05,5.74515649981395,"Apcdd1"
0.138096312917438,7.06167689861723,2.27224015345826,0.0295971573212962,0.108158307515432,-4.27003517991762,"Apeh"
0.0603671347096836,9.35285281809994,0.904988800036939,0.371918858680751,0.574163237512987,-6.29331357244632,"Apex1"
0.00598157584651125,5.02401109946054,0.0505089451119183,0.960016073942011,0.979325008792297,-6.70244176236538,"Apitd1"
-0.0835492434370483,10.918971241659,-1.48247065874006,0.147539926642255,0.321351220797106,-5.62431268419306,"Aplp1"
-0.169275675265459,10.6748029659976,-2.28520421658187,0.0287424782856381,0.105956372802977,-4.24413547053329,"Aplp2"
-0.00801302585092826,8.90388551837101,-0.103610959472603,0.918094429999833,0.954754128034123,-6.69829080784558,"Apoa1bp"
0.575227955313347,4.52226643727454,2.04156813517047,0.0491145615677329,0.153175469379145,-4.71237655477994,"Apoc1"
0.705103307961003,10.487526034253,5.79464031933314,1.66202925440198e-06,5.33860734391669e-05,5.02725973944711,"Apod"
-0.0835905831694005,11.0358515382896,-0.900741736105099,0.374140587384812,0.575767769966923,-6.29711052377392,"Apoe"
-0.161805253484023,11.8629054159144,-2.39323725954464,0.0224406511961301,0.0882747300952295,-4.02420141070884,"App"
-0.214342608436203,9.38753867606315,-3.26937756887268,0.00249278101137202,0.0173690387909414,-2.00657106682354,"Appbp2"
0.27103296869954,8.89521270066398,3.00772352311918,0.00495914741940477,0.0297018770024445,-2.64784344661505,"Aprt"
1.34599815805711,4.70005270800817,4.00206118137912,0.00032706743234663,0.00365554410525529,-0.0819438462541076,"Aqp1"
-0.154385288945416,6.69893493103273,-1.99971351776073,0.0536739376531336,0.162569169720572,-4.78874462455412,"Aqp11"
0.692400188062362,10.0131141694602,6.18085978859275,5.28141501656015e-07,2.06466480065991e-05,6.14425430513638,"Aqp4"
-0.317707523077353,7.28541673727801,-2.86842170670622,0.00708056039669822,0.0387280543172984,-2.9769051389084,"Ar"
-0.0642574895604828,8.82300980840422,-0.717187885666692,0.478217576443825,0.662288262553103,-6.44480892694774,"Araf"
0.126059555919108,7.14698807732341,0.477245832228563,0.636278680085583,0.775810315243337,-6.58858713883085,"Arc"
-0.0432719644217271,11.4384656965901,-0.591319277749812,0.55826639480945,0.723737967337955,-6.52728460335435,"Arf1"
-0.171373358756288,8.24213495401136,-2.55887458303942,0.0151851826131889,0.067351693859553,-3.67332204245143,"Arf2"
-0.0600460262422937,10.9744287659302,-1.05764007765726,0.297768990637482,0.503909067041886,-6.1456511958104,"Arf3"
0.154819376299748,7.9027375588018,1.09656465980842,0.280633654754764,0.483675844473094,-6.10455518404298,"Arf5"
0.113457343189814,9.00821631419142,2.21838776958877,0.0333969646570858,0.117755193802535,-4.37646489853909,"Arf6"
-0.20597380004694,8.14183808549066,-3.41625979055727,0.0016778800039335,0.0129183952058575,-1.63464075858025,"Arfgap1"
0.108850264873295,6.32579770982428,1.77460715027747,0.085029809168398,0.224740737754838,-5.17770476137414,"Arfgap3"
0.0216371284146546,8.27312535419285,0.309194399087047,0.759084053012059,0.861192843236533,-6.65530729690515,"Arfip2"
-0.0936973047448827,8.21138051364813,-1.79206086661166,0.0821381847804888,0.219165537485717,-5.14889688268801,"Arfrp1"
-0.00817522030582302,8.07634443590177,-0.103458058175436,0.91821485642782,0.954754128034123,-6.69830686435199,"Arhgap1"
-0.0654821623954298,7.20928643587654,-0.827187670213518,0.413970436802008,0.608290475755398,-6.36016137590238,"Arhgap12"
-0.60429045622816,7.66098581844181,-4.86855640181387,2.61235202475677e-05,0.000484341590472368,2.35138779526184,"Arhgap15"
0.145789400710528,6.86087700844627,1.89596410125646,0.0665972362500195,0.189361191839836,-4.97264990764968,"Arhgap17"
0.600968447501221,5.6572799811366,5.42568254427916,4.98680517696349e-06,0.000124548268185649,3.95817220545241,"Arhgap18"
-0.282161560029951,8.00051673465486,-3.82916613495154,0.00053428224587005,0.00536730152574235,-0.55031539738614,"Arhgap20"
-0.117586890100539,5.89500689754806,-1.34262607809561,0.188399321362125,0.374286315783171,-5.81330333954417,"Arhgap24"
0.927140542068511,7.17717000600278,6.84178504545229,7.57308627184994e-08,4.19682132625706e-06,8.03808533444361,"Arhgdib"
-0.0305646068303587,8.81014038390781,-0.265505303772375,0.792243470915643,0.879170213573556,-6.66801277178272,"Arhgdig"
0.0697212987340178,6.78619457581861,1.19686031166324,0.239742649245969,0.438556804024454,-5.99233540397265,"Arhgef15"
-0.0174975648757606,7.48466325846061,-0.209809369621257,0.835084240722774,0.905467603948603,-6.68141939388193,"Arhgef18"
0.251285973566932,5.32577481190533,2.27542751455287,0.0293849333527659,0.107724902862042,-4.26367738795742,"Arhgef19"
-0.239472958064994,7.57133603281633,-2.49652915453121,0.0176167951087948,0.0746567207845816,-3.80727601235778,"Arhgef2"
-0.246446875567892,7.68855498978405,-2.41688253872316,0.0212408744632079,0.0849466533845815,-3.97510595618323,"Arhgef3"
0.136842635318482,6.14788775614514,1.66998346034152,0.104219956732988,0.25700794220267,-5.34545988372052,"Arhgef6"
0.0306043685096776,8.14432314330257,0.464502845462482,0.645285239717458,0.783212711548073,-6.5946345673228,"Arid2"
0.182531133345849,4.9369780382501,1.29298044246784,0.204843124323165,0.398159330487594,-5.87636867458782,"Arid3a"
-0.0287786749671458,7.81987285349187,-0.438332167246846,0.663952583766846,0.795134856313513,-6.60654754183905,"Arid4b"
-0.134032573390054,7.24110327444797,-1.33117273825538,0.192099729010642,0.379459041676721,-5.82804220761633,"Arid5b"
-0.126794174666556,8.21698158188387,-1.89774765183461,0.0663542005487431,0.189160109308825,-4.96955445773564,"Arih1"
-0.0485269012943765,8.95193306678689,-0.490942899310895,0.626660100245603,0.768062482600685,-6.58190697007279,"Arih2"
-0.0596300520701747,10.8040192699778,-0.716649178488932,0.478545671308237,0.662450129126389,-6.44519478103946,"Arl1"
0.10775734622631,7.89024017130522,1.36215654564619,0.182216398268982,0.366979750986613,-5.78790950338311,"Arl2"
0.0889076708293125,10.1736638866437,1.62163283657329,0.114235390712038,0.273664351206837,-5.42008134405065,"Arl2bp"
-0.0246948406190203,10.1286940359827,-0.307231803271525,0.760564271375535,0.86152866589102,-6.65591927011067,"Arl3"
-0.0141946887398208,7.5970969991302,-0.226267767053306,0.822364836832683,0.898437147345585,-6.67778366141382,"Arl4c"
0.0536363136839518,8.18783267534343,0.450570357651607,0.65519509247288,0.78857967812428,-6.6010615981876,"Arl6"
0.0195394982994256,11.0876421897701,0.274174461242624,0.785630168663573,0.875961982017454,-6.6656445431129,"Arl6ip1"
0.0629835264650078,9.35299950532155,0.923150953959356,0.362514572935617,0.56498241882377,-6.27688468284703,"Arl6ip4"
0.130612853522458,9.78503351033747,0.665550205805566,0.510244726837664,0.68876876823402,-6.48051434804195,"Arl6ip5"
-0.069771262197114,10.1405629878162,-1.20979512997425,0.23480564443884,0.432320140527591,-5.97720576308801,"Arl8b"
0.029222274380965,7.54290291136316,0.361451583862835,0.720026298472864,0.83820235992582,-6.63758897275206,"Armc6"
-0.167645544693871,9.53838942345118,-2.46996104208184,0.0187575071977496,0.0782828100887376,-3.86367638697655,"Armc8"
-0.122886335553315,6.84359435490152,-1.54156723547965,0.132550824666298,0.301431324590633,-5.53951873260152,"Armc9"
-0.365250299557758,8.49163655280155,-5.09994907766058,1.31488077216877e-05,0.000279786655445026,3.01664476839721,"Armcx1"
-0.105267287747376,10.3895264731434,-2.00449557685379,0.0531349571601937,0.1614075169475,-4.78008178614846,"Armcx2"
-0.221449065112934,9.26306594917071,-2.7213343212216,0.0102267140420258,0.0505125552536101,-3.31409550869395,"Armcx3"
-0.442761428196754,6.64928785396452,-4.53090253270571,7.06718457128162e-05,0.00108327695419371,1.38972685650446,"Armcx5"
-0.251416492323385,6.67061017984389,-3.19405464814274,0.00304587488150458,0.0202910792964697,-2.19409253802026,"Arntl"
0.0061815153512485,10.54958439015,0.0830889488025323,0.93427415103428,0.962718541819753,-6.7002339908565,"Arpc1a"
0.0876550319719031,10.0379528771848,0.644395256299754,0.523696962548935,0.699603650896497,-6.49439258830859,"Arpc3"
0.214532254556699,9.16634598297449,1.83533480260567,0.0753263506599438,0.20522462797304,-5.07647519258053,"Arpc4"
0.2751590884687,10.083216101545,3.76452902370246,0.000640849750186296,0.00621501017344133,-0.723428735552441,"Arpc5"
0.0134529788575916,9.57210999242018,0.175206627130456,0.861969484695869,0.923309417009116,-6.68817034096863,"Arpc5l"
-0.295349392271877,10.8774662254972,-4.80049557382595,3.19501506882161e-05,0.000572490778393126,2.15654848823802,"Arpp19"
0.320876136032017,7.67184341185348,4.44615893409187,9.05691916990693e-05,0.00130871184452265,1.15063524553921,"Arrb2"
-0.109667596588731,4.70928669763107,-1.16889074077604,0.250678767198951,0.45052486705606,-6.024540320868,"Arrdc2"
-0.136354413161411,7.55921486542992,-1.85415800184888,0.0725172005193137,0.199838383726174,-5.04453379734289,"Arrdc3"
-0.0306157763433164,6.0269858428701,-0.381251834507335,0.705418051847249,0.827960654731499,-6.63015973738903,"Arrdc4"
0.115014128999336,7.61293150363024,2.05731435898908,0.0474892724613289,0.149961428317146,-4.6833280954661,"Arsa"
-0.125198044218877,5.51366667519278,-1.24450038555015,0.221931787408888,0.415905612747314,-5.93587768920336,"Arv1"
0.330798994921681,6.07780286886806,4.47481830591173,8.32885733198687e-05,0.00123174274267477,1.23137540224564,"As3mt"
0.0466383634719207,9.10871925587289,0.504660286047927,0.617093301966207,0.761625433630833,-6.57503023815415,"Asah1"
-0.359087968443958,6.51267926644798,-3.90200006019655,0.000434813974865072,0.00454930886980199,-0.353919096314961,"Asah2"
-0.334430241032307,8.73933605089842,-6.2577328140872,4.20728350273867e-07,1.73912546756649e-05,6.36591131993274,"Asb13"
0.151553896469128,5.02387678752491,1.15846816297497,0.254845760314602,0.454933511244792,-6.03636191541755,"Asb2"
-0.173065137909065,7.05387711514143,-1.60740661628501,0.117328756022861,0.278465850573894,-5.44168181202243,"Asb3"
-0.011089288401186,6.59373726655404,-0.110888479767328,0.912364912759777,0.951614530516558,-6.69749917482189,"Asb6"
-0.185570574123667,8.17733293162899,-3.45015692992309,0.00152999715788307,0.0121126776565217,-1.54769325440576,"Asb8"
0.166176372528875,6.60289835799567,2.74003015659771,0.00976467391623115,0.0488368536860093,-3.27184803845838,"Ascc1"
0.124280212743491,7.48378171563656,1.63626088852305,0.111124928649553,0.268394054061194,-5.39770168261542,"Asf1a"
0.417719641263323,4.34439577110937,2.32815170060814,0.0260674833325055,0.0988901369905151,-4.15757386171272,"Asgr1"
0.213278426440452,7.25498942703315,2.94898033563664,0.00576792625015957,0.0332282364982147,-2.78771579218763,"Ash2l"
-0.0716812106671055,8.72877666866318,-1.16779931138937,0.251112781638824,0.45052486705606,-6.02578282349195,"Asna1"
-0.260364355447556,10.3243613793877,-4.30490483487551,0.000136684029879813,0.00181436672981025,0.75460061886286,"Asns"
-0.0660451276626271,8.48531380279748,-0.894293984215095,0.377529907339409,0.579392368445721,-6.30284241633726,"Asphd2"
0.210008828237817,7.03006830101293,3.23869766541315,0.00270537837938343,0.0184119071082735,-2.08322281340855,"Aspscr1"
0.185298451947549,9.38711392048586,2.82040338179645,0.00799128966785485,0.0422875905508835,-3.08818101150141,"Asrgl1"
0.409891558002014,3.9245906057211,1.49819806292357,0.143424286089133,0.315846582859169,-5.60202850419681,"Ass1"
-0.0996681794819249,9.00985533132335,-0.962064122224947,0.342894416541836,0.545494177482801,-6.24064310486148,"Astn1"
-0.166722307276926,8.56018239647548,-2.90351024358505,0.00647763217595762,0.0363367064108501,-2.89488128029044,"Atad1"
0.147022215690151,8.97251923552157,2.90218262906568,0.00649953848381942,0.036378659904441,-2.89799552082814,"Atad3a"
-0.0710714679538621,8.88636428254294,-0.9142220985691,0.367118292884085,0.569270617760242,-6.28500021497567,"Ate1"
-0.246374317958153,10.4594831841239,-3.48613738343745,0.00138676655410027,0.0111538496528352,-1.45496545191649,"Atf2"
0.023298192197485,9.27366032216937,0.329914420694088,0.743513978511711,0.852113891229188,-6.64861013329095,"Atf4"
0.377801105628805,6.80281996041428,3.9471138426585,0.000382517710098538,0.00413069981162083,-0.231595749977253,"Atf5"
-0.114922957781043,7.6453756580104,-1.01822839297332,0.31584984027297,0.522068418386295,-6.18584564476672,"Atf7ip"
-0.0290538768776843,8.41401462804994,-0.437016993304091,0.664896594425578,0.795698511079304,-6.60712820329433,"Atg5"
-0.0988362964431771,7.07757718933712,-1.46764918771353,0.151504323226462,0.325602346217561,-5.64512475897321,"Atic"
0.301628342812374,9.34406066303182,2.78441940703857,0.00874439595673907,0.0450899681082159,-3.17081683135543,"Atox1"
-0.0197514607461435,4.22601925634163,-0.122763838334434,0.90302591950801,0.946572378316128,-6.69609214694361,"Atp10d"
0.218697069726295,7.33166146786307,2.64303579014305,0.0123912253632868,0.0586186954832778,-3.48902055108302,"Atp13a1"
-0.229939158026397,10.734972066983,-2.07847142759658,0.0453799847941627,0.146137460611087,-4.64402675529836,"Atp1a1"
0.159435882811279,11.6302008135432,2.73975857108158,0.00977124437223544,0.0488368536860093,-3.27246304992792,"Atp1a2"
-0.0411919173791582,12.9344563379695,-0.506744112467626,0.615645865258905,0.760469639269707,-6.57396925590246,"Atp1b1"
0.17925854723546,9.54196470261789,1.60751356086874,0.117305247996337,0.278465850573894,-5.44152003857928,"Atp1b2"
0.14258855154104,9.3527676512213,2.86469935204194,0.00714752295508666,0.0389254408882311,-2.98557165426185,"Atp1b3"
-0.3382987824798,3.93796068835506,-1.34774359979289,0.186763789704227,0.372419846373435,-5.8066812021167,"Atp2a1"
-0.14401589822824,12.5162231161342,-1.36356187640848,0.1817776365443,0.366535234343425,-5.78606962099,"Atp2a2"
0.0729011721783806,5.7799664038879,0.719511582304988,0.476803823057373,0.66124158708779,-6.44314133675298,"Atp2a3"
-0.145408839144429,10.316813841898,-1.75881210400023,0.0877203380357721,0.229090452985188,-5.20357413630949,"Atp2b1"
-0.441702887045431,9.60885230053787,-3.44416987687865,0.00155517172115366,0.0122160918843893,-1.5630795570651,"Atp2b2"
0.0025331223234235,8.28723986901096,0.031050237007289,0.975413295646922,0.986165134983185,-6.70324682416533,"Atp2b3"
-0.0685839070153089,8.54075359396631,-0.965846853527275,0.34102566562258,0.544065938543078,-6.23704456410946,"Atp2c1"
-0.110136071952394,10.8580695620743,-1.75249219350694,0.0888167987212258,0.230502007245814,-5.2138713176264,"Atp5a1"
-0.0843321172095353,11.655979747878,-1.14938038566608,0.258519989915763,0.459216734464669,-6.04658985317256,"Atp5b"
-0.022080208603587,11.2172785592446,-0.267229249873818,0.790927089060839,0.878556235712293,-6.66754786082858,"Atp5c1"
0.155003200166682,10.983752570629,1.7243687375805,0.0938368865964776,0.239726149496472,-5.25931963480827,"Atp5d"
0.00252631910852255,11.5580981574,0.0284866552408899,0.977442641900122,0.986637958987653,-6.70332425021552,"Atp5f1"
0.194930712698967,9.94364145546343,2.06954212777273,0.0462599336466032,0.148025971253558,-4.66065158021187,"Atp5g1"
0.0879511033426014,9.41625311041586,1.23845967392582,0.224133808046638,0.418846018783706,-5.9431477809994,"Atp5g2"
0.0242470911566164,11.6527062287934,0.267690517985483,0.790574976487357,0.878552138921495,-6.66742295874624,"Atp5g3"
0.066997751474838,11.792367186692,0.671755136014352,0.506335178559583,0.68567355141675,-6.47636095184797,"Atp5h"
0.0868433662336231,11.0105094089508,0.879963788142252,0.385133271586864,0.583704464396777,-6.3154410293457,"Atp5j"
0.179274705982937,11.7154576854907,1.48073008714764,0.14800115185848,0.321351220797106,-5.62676626004629,"Atp5j2"
0.0215215279517839,10.4177091439521,0.172431019335485,0.864133758558282,0.924693649860724,-6.68865939175659,"Atp5l"
0.0001005614045077,10.5805190121265,0.00110189810659894,0.999127332898799,0.999368991016916,-6.70373529838031,"Atp5o"
-0.194348239873932,7.33458739247546,-2.43363627418471,0.0204264335256009,0.0830060469537511,-3.94011564987069,"Atp5s"
-0.00964130793417342,10.4557336756912,-0.158905264037104,0.874695382410321,0.930216957717261,-6.69093100972605,"Atp6ap1"
-0.201522472878473,13.8365137867715,-2.03745045150931,0.0495475451386133,0.154144521982743,-4.71994427851087,"Atp6ap2"
-0.0366926883385416,8.8409190722869,-0.293827789273811,0.770698013387477,0.868132696339747,-6.65999526372969,"Atp6v0a1"
0.153984164139005,7.83160795590399,2.60920486192159,0.0134517197355747,0.0618950936373202,-3.56357722774656,"Atp6v0a2"
0.0269204001692422,10.5720149020588,0.393006951728185,0.69679831865709,0.821401103550188,-6.6255633614113,"Atp6v0b"
0.0869106558905705,12.4213172459044,0.844613144281213,0.404304404154252,0.601980251003806,-6.34568844771676,"Atp6v0d1"
0.490162256246904,8.54116888798772,4.58539722839993,6.02268038919813e-05,0.000958119154660131,1.54401055634068,"Atp6v0e"
-0.125921754863752,10.0640341698534,-1.90570273230348,0.0652794765370487,0.186941737749197,-4.9557195372945,"Atp6v0e2"
-0.0812227379035506,11.0131657095489,-1.07694283968294,0.289182174234313,0.494186955155419,-6.1254446637657,"Atp6v1b2"
-0.040444779252286,11.2729300373918,-0.511731750686305,0.612187774638178,0.758388154341179,-6.5714123154259,"Atp6v1c1"
-0.215537411652511,11.2801994340927,-2.22225495539958,0.0331102129923156,0.116847308691566,-4.36888476846121,"Atp6v1d"
0.0171078130275684,11.1826816612844,0.195518334619817,0.846165484594326,0.912382411547827,-6.68435431221992,"Atp6v1e1"
0.11016052497971,10.1403037988684,1.18229635053463,0.245392530448623,0.445149111889355,-6.00919205006857,"Atp6v1f"
0.0936293059931432,10.2653000466549,1.12953688352418,0.266675813100629,0.468261185747379,-6.06866421989994,"Atp6v1g1"
-0.181566924874213,11.1368516724353,-2.75265089857806,0.00946383974582531,0.0476784653728242,-3.2432259467101,"Atp6v1g2"
-0.0668321437839535,9.81212821854429,-0.943071541970719,0.352380349551277,0.554809273427128,-6.25850887212566,"Atp6v1h"
0.288405627464509,6.70146025614047,2.81383990407815,0.00812396882620061,0.0427207244948172,-3.10330227630913,"Atp7a"
0.0868713740355218,9.58704612026082,0.98670090627191,0.330845901897083,0.536998996867392,-6.21696660518494,"Atp8a1"
0.0563121871275236,9.69000841888671,0.585254023660917,0.562289518379477,0.726211712928111,-6.53086733533312,"Atp9a"
-0.0893398525252047,7.18092857900467,-1.05239239891842,0.300133903952584,0.505664284552619,-6.1510855468343,"Atp9b"
-0.0155214716331087,6.26535149928473,-0.242343469947585,0.809988089352613,0.891092917671298,-6.6739683732697,"Atpaf2"
0.075970595814788,10.8770085285377,0.657931215257589,0.515067717732442,0.692506439677217,-6.48556293958801,"Atpif1"
-0.187571834767633,6.07313901197835,-2.6161670079259,0.0132268573822383,0.0611954511730531,-3.54828538467676,"Atxn3"
-0.0175647643348994,4.61918754991356,-0.0677497144983645,0.946386678018396,0.971428458629508,-6.70140755373238,"Atxn7l2"
-0.0859650478044564,6.36294694704856,-1.00083107127953,0.324066284273247,0.529486587688519,-6.20313254107422,"AU019823"
0.0299498429143358,6.70014683377385,0.545440572230867,0.589055612948692,0.744326598872527,-6.55348566078238,"AU022252"
0.089911145820218,7.98470364128861,0.935481732377412,0.356219224303996,0.559036717312781,-6.26555399672409,"AU040320"
0.126901480721218,7.50830049904574,2.17093062675692,0.0371009357901935,0.126761530616494,-4.46868598916738,"Aup1"
0.108024174950748,5.99680853717506,1.35664601087699,0.183944778482689,0.369133910819022,-5.79510762246838,"Aven"
0.0296024991895875,7.42881042385645,0.237148480842286,0.813982470575292,0.894543365270856,-6.67522984522985,"Avpi1"
-0.212491701984294,8.4252321296507,-2.55075205492973,0.0154834793699924,0.0684339933942782,-3.69089978014778,"AW549877"
-0.0876241608816885,6.14437738249952,-0.829874194424987,0.412470948078473,0.607148567180309,-6.35794891578649,"Axin2"
0.132557816812182,6.9804198847095,1.6262311777905,0.113249984287368,0.272219135501645,-5.41306471784873,"Axl"
-0.0772305859460041,8.1563558790483,-1.48330323937966,0.147319711635234,0.321337935024431,-5.62313815490234,"Azi2"
-0.437223964922286,8.12817859223336,-5.81638873499718,1.55790522963186e-06,5.10163381365811e-05,5.09026178417805,"B230217C12Rik"
-0.0790006876328344,9.60756364177592,-1.44824652948553,0.156821702862107,0.331485503762297,-5.67209201643628,"B230219D22Rik"
0.505700058239686,11.3231125862188,4.11406839263589,0.000237275416255146,0.00284899981946358,0.225249504832827,"B2m"
-0.2112746447013,8.9271786573888,-2.92483191333301,0.00613518396290091,0.0348813221250386,-2.84475119587256,"B3galnt1"
-0.155817748462774,7.10854396838624,-1.78918364538642,0.082609050895768,0.21990185524803,-5.15366180813246,"B3galt5"
-0.349856143277682,6.92702740683696,-3.96549289527976,0.000363019225728146,0.00395400854286617,-0.181619412599797,"B3galt6"
-0.212588539352693,9.49604841750286,-1.84742976933789,0.0735108515568297,0.201892352026748,-5.0559814649518,"B3gat1"
-0.0735848748209083,7.52852229959762,-0.732329561561384,0.469048411512606,0.655057086474127,-6.43384866071245,"B3gat3"
-0.175185583956768,4.43686760476622,-0.739731023163564,0.464603629779616,0.651879702842047,-6.42841046690146,"B3gnt6"
0.142340765487174,7.44097489141785,1.97943127728934,0.0560132726465903,0.167739297635181,-4.82530587977779,"B4galnt4"
0.489468091371777,5.54841797455102,4.97438633579016,1.90905333158035e-05,0.000373153331440298,2.65515642097717,"B4galt1"
0.0379887626712554,7.72200515887504,0.581572984574012,0.564738293789663,0.727823975359384,-6.53302407385646,"B4galt3"
-0.074026348421843,6.41587674371253,-0.877215880502364,0.386602371875435,0.584501092296721,-6.3178347102353,"B4galt7"
-0.136232295613879,7.84714557696769,-1.86598787215306,0.0707979744534226,0.197038733536761,-5.02432422143225,"B930041F14Rik"
-0.106964974253795,8.8461075135842,-0.847963177526415,0.40246241404148,0.600301080748649,-6.34287291289655,"Baalc"
0.0170600887423797,8.97617506686281,0.293320414306423,0.771082418057482,0.868371736101805,-6.6601459981866,"Bace1"
0.497403629871196,7.08301506309304,5.60832547461708,2.89418161303059e-06,8.09645919494884e-05,4.48734773494759,"Bach1"
-0.231391010653487,6.71678918193619,-1.87216655804127,0.0699139976565233,0.195441402539826,-5.0137275138855,"Bach2"
0.163297483558997,7.74617994710016,1.58329805895354,0.122727599098463,0.287066457445987,-5.47791510410492,"Bad"
0.161038298124641,9.63560844940018,2.42063121889822,0.0210561163507048,0.0846574766689195,-3.96729144391043,"Bag1"
0.368705250350917,6.17456302511405,3.62154104935373,0.000954993598507351,0.00831784579839822,-1.10215482473299,"Bag3"
-0.0927395099113305,8.24393468021384,-1.88747272232447,0.0677648466437244,0.191449928080842,-4.98735506513054,"Bag4"
-0.168083169917675,7.99894666790995,-2.99948204280974,0.00506577636487697,0.0301258375095219,-2.66756227709617,"Bag5"
0.113187707407721,6.65466863312566,1.15012732786313,0.258216557691795,0.459001092858556,-6.04575200260843,"Bahd1"
0.150216904479974,8.76843059694291,1.4155970404024,0.166101951825115,0.344429335137358,-5.71675599154472,"Bai2"
-0.111314131143103,8.60510454048294,-1.9006153448216,0.0659650347342295,0.188263537161697,-4.96457251953904,"Bai3"
0.0840437628839986,8.94554450204876,1.28681690155226,0.206958583281212,0.400649572163973,-5.8840486816994,"Baiap2"
0.129984585288897,10.3922946332366,1.2130529797553,0.233574120263122,0.430524228248145,-5.97337164023526,"Banf1"
-0.102265702194059,9.22970428240759,-1.74818140799973,0.0895712923548341,0.231882970916544,-5.22087733825717,"Bap1"
-0.113051020915453,10.7402865832068,-1.68864624524125,0.100554174756179,0.251784857644196,-5.3161614812366,"Basp1"
0.294404478273094,7.61326432439851,2.76449342236251,0.00918942981834662,0.0467160227559698,-3.21629402012314,"Bax"
0.106907885463145,5.91793602529708,1.09759785511714,0.280188550236794,0.483569766887116,-6.10344551470489,"Bbs2"
-0.17736394536006,8.83760117665946,-3.6317202166719,0.000928406998770082,0.00821395876280268,-1.07539563088588,"Bbs4"
-0.152558884178818,7.07696789913378,-1.65625338586521,0.106987113523983,0.261783606745,-5.36683894077582,"Bbs5"
0.00415636364714286,6.641790592703,0.0525886859253443,0.958371239426862,0.97855156113174,-6.70233299754795,"Bbs7"
0.0087911064535485,6.90476258773219,0.154750120778068,0.877944722693428,0.932296322708561,-6.69159167495832,"Bbx"
-0.00585218229230748,9.26027231794419,-0.0947638993733753,0.9250655919056,0.958782396296644,-6.69918087275109,"BC004004"
-0.0209347861299005,8.66593978155446,-0.299440556271041,0.766449536228473,0.866170800664485,-6.65831049530667,"BC005537"
0.0180108128523195,5.80214265017893,0.252696673358308,0.802043112049722,0.885442954042634,-6.67137313692375,"BC017158"
0.0712758877856688,6.50719144971044,1.10642565406,0.276405935650591,0.4786796474883,-6.09392471625637,"BC017643"
0.147714072253937,7.90349909794087,1.52881239281933,0.135677217829291,0.306009908539168,-5.55806362476963,"BC018242"
0.0853474839906852,7.00664398168158,1.35964763991942,0.183001750035094,0.36782695313949,-5.79118998855184,"BC022687"
-0.00230863076979242,7.88374397077845,-0.0471143452785068,0.962701188818389,0.980293373697572,-6.70260986562805,"BC023829"
0.691227625226892,6.23049395418914,4.86328828685152,2.65341204498668e-05,0.000490152268969518,2.33629129643667,"BC028528"
-0.0580590646829565,7.37761956334212,-0.795551248852636,0.431880786022582,0.625355569927108,-6.38569668107584,"BC029214"
-0.775775795646614,4.43927307618072,-2.82854380316103,0.00782954885395577,0.0417382821041215,-3.06939687144245,"BC030499"
-0.0712573528896102,9.76634368688308,-0.984487997794199,0.331916275952681,0.538562992158741,-6.21911635074418,"BC031181"
0.106837366231834,6.61853679508771,0.914552654634324,0.366947182012656,0.569270617760242,-6.28470110534288,"BC037034"
-0.162037689534991,7.38378470800489,-2.38556735890023,0.0228428534573645,0.0891829506160392,-4.04005378701778,"BC048546"
-0.0148378822933427,6.08387278556132,-0.154965760134757,0.877776038371595,0.932296322708561,-6.69155781843858,"BC052040"
-0.240045910857395,9.57498922837591,-1.6282604605721,0.112817348078988,0.271569396831665,-5.40996284593015,"Bcan"
-0.199031519309521,8.9520713516872,-2.39251559940083,0.0224782183980814,0.0882847783345207,-4.02569448600674,"Bcap29"
0.0186909042316581,9.51239060127071,0.294761600596613,0.769990679832254,0.868092765030669,-6.6597171632199,"Bcap31"
0.104891105670188,7.54970878573512,1.48617187191236,0.146562977739917,0.320053805280169,-5.61908692965972,"Bcar1"
0.148259133955135,10.436377910192,2.52298404946113,0.0165443980989096,0.0716781783615132,-3.7507080891215,"Bcas1"
0.0271964453926835,8.04845463865724,0.283423307835993,0.778592444739467,0.871574183978054,-6.66303445713654,"Bcas2"
-0.0825627886396712,7.22187204785652,-0.928655775136403,0.359695195650194,0.562114307921886,-6.27184396433523,"Bcas3"
-0.119256829416496,8.04676863908569,-1.58061116763738,0.123341668438162,0.287933606456912,-5.48192419434266,"Bcat1"
0.0297626617329616,8.55517056399924,0.275538476483991,0.784591080789073,0.875568227576742,-6.66526502697684,"Bccip"
0.0977200004517684,6.93033049927931,1.35707514702152,0.183809725866568,0.369015526200644,-5.79454800155605,"Bckdha"
-0.136111225110571,7.38715999991975,-1.68230093208884,0.10178830176574,0.253321514840141,-5.32615365753288,"Bckdhb"
0.0233073263668907,7.37940495730858,0.320414878979936,0.750639266563644,0.85702373132906,-6.65173416655444,"Bckdk"
0.082349840364304,8.24527849452663,1.461376951331,0.153207336452258,0.327155591212222,-5.65387687812694,"Bcl10"
-0.207013073303735,9.41175632594886,-2.66537751766564,0.0117338743116975,0.0562489811348769,-3.43944194178839,"Bcl11a"
0.225318494363288,9.92126643216616,2.251670033615,0.0310002084843563,0.112114514751478,-4.31090951240306,"Bcl11b"
-0.0467687691442842,6.9336456979881,-0.545469185175075,0.589036157869758,0.744326598872527,-6.55346996694484,"Bcl2"
-0.0282591344848251,7.80544961965307,-0.517526136392788,0.608181654242618,0.755700847423434,-6.56841084116475,"Bcl2l1"
-0.110108790657474,7.13988832981062,-1.73865211002026,0.0912583056380716,0.235015139313636,-5.23631375667214,"Bcl2l13"
-0.232144824035572,9.04822819467724,-3.42838950600981,0.00162344882785605,0.0125761174176315,-1.6035739719637,"Bcl2l2"
0.0696424093689874,7.62241410452335,1.29286468939534,0.204882701291951,0.398159330487594,-5.87651321296658,"Bcl6"
-0.129151564637191,7.9406778767225,-1.59061273068532,0.121068523078487,0.284240485048794,-5.4669713221247,"Bcl7a"
-0.0437441281255673,7.00979449338256,-0.641081375261938,0.525821331791116,0.701698061980047,-6.49652699662247,"Bcl7b"
0.0783405057199433,5.87288894400059,0.781851574444496,0.439780112725897,0.632756379023309,-6.3964570629603,"Bcl9l"
-0.159534911940138,9.09397150705592,-2.45903384842389,0.0192459629513379,0.0794250336854314,-3.88675301554663,"Bclaf1"
-0.0299511008407646,7.23667064083798,-0.430036120813615,0.669916623823139,0.799808128300211,-6.61018144300325,"Bcs1l"
-0.0719759639281744,7.47805201350372,-0.639391484609424,0.526906409536173,0.70275125317531,-6.49761129057094,"Bdnf"
-0.070081122550874,9.68902296290062,-1.54146853278092,0.132574792373988,0.301431324590633,-5.53966275374137,"Becn1"
0.0890253938326138,7.18602619471068,1.27376998763266,0.211491162427753,0.404728526616818,-5.90019604785462,"Bet1"
0.0423687863349043,8.44521460489409,0.517431445262168,0.608247023535934,0.755700847423434,-6.56846015816784,"Bet1l"
0.0289694388849204,12.1030220951371,0.347150938833348,0.730644276869486,0.844906922323508,-6.642710254714,"Bex2"
-0.0929687512061972,7.88512324928947,-0.979538350427935,0.334318856458529,0.540668150923656,-6.22390824023703,"Bex4"
-0.00219011600569485,8.58929909061677,-0.0422056226008964,0.966584742553992,0.981967537610753,-6.7028322766072,"Bfar"
0.666939054144988,7.72714481041395,7.02075902214869,4.50218240871298e-08,2.91083408809481e-06,8.54518876701612,"Bgn"
-0.0635309957112395,9.24133081995211,-1.05178497986832,0.300408485639769,0.505664284552619,-6.15171294110558,"Bhlhb9"
0.120482775362326,6.88544844357771,1.23379157277787,0.225846622085791,0.421107711077572,-5.94874383071434,"Bicc1"
-0.0840740251203101,8.96309926573561,-0.831164646711156,0.411751877474917,0.606770665226936,-6.35688373018514,"Bicd2"
0.0885210735548205,8.58136648635797,1.2917737017391,0.20525600484688,0.398574754402712,-5.8778749312839,"Bin1"
-0.0650252309377898,7.4262872835189,-1.12306793749934,0.269374179897943,0.470704777971354,-6.07578353103675,"Birc2"
0.121468102296284,8.44525420664322,1.7840483818086,0.0834551349528358,0.221390976100553,-5.16215057769353,"Blcap"
-0.133889395381891,4.55514792453436,-0.724531210021493,0.47375802593706,0.658725103616172,-6.43952118216404,"Blm"
-0.10716069876152,8.7503802225763,-2.05194980251536,0.0480376048958987,0.150884975241705,-4.69324396415381,"Blmh"
0.159704554190644,5.88602406923555,1.4977142731936,0.14354950097938,0.31598434458272,-5.60271704836125,"Bloc1s3"
0.0421209043993132,7.88089635925731,0.533937504172664,0.596901994140608,0.75017515372537,-6.5597294185199,"Blvra"
0.341973666011665,6.31469504692165,2.85487399323536,0.00732713778236991,0.0396042399104946,-3.00841491709498,"Blvrb"
-0.0252905566413108,8.70167557245768,-0.379667017719935,0.706583218067197,0.828866985046028,-6.63076883541048,"Bmi1"
0.521458261882868,6.76770937508798,5.3644418196664,5.98477723420501e-06,0.000145102074961999,3.78086692787689,"Bmp1"
0.0744579660517402,5.1923855124697,0.780586707073461,0.440513790434732,0.633450540394169,-6.39744146995721,"Bmp4"
-0.341056256588796,5.96642848794326,-3.69466871543557,0.000779225620698588,0.00713182360287292,-0.909216439528279,"Bmper"
0.0300757968050872,8.447141840095,0.478836583879053,0.635158257864113,0.774819326175308,-6.58782088253662,"Bmpr1a"
0.0334670960519736,6.79072345401441,0.558632437482432,0.580118985969358,0.739519728575195,-6.54616437679742,"Bmpr1b"
-0.030260055349772,4.35620268007333,-0.201187136725863,0.841765964428639,0.909707446359285,-6.68321482682871,"Bmx"
0.104385736958059,6.67829336896468,1.05652465186021,0.29827057516999,0.504588564435511,-6.14680841450227,"Bnip1"
0.309284085767353,8.45668650059306,3.19992700596569,0.00299885921644434,0.0200464959457966,-2.1795545455409,"Bnip2"
0.0254889881998216,8.09114017067953,0.272096493448473,0.787213902667498,0.877007784459572,-6.66621910171051,"Bok"
0.268138746721166,9.67598164487802,2.59340187832997,0.0139752791581473,0.0634359431093942,-3.59818780189758,"Bola2"
0.0884985334176123,8.34595699527675,0.976331765020335,0.335881587081296,0.541166403722356,-6.22700045830755,"Bola3"
0.100305250386712,7.24785586759163,1.93578941623451,0.0613494031702851,0.178938716129409,-4.90297657287413,"Bop1"
0.00460795101975326,8.39284393138394,0.0714529428846512,0.943461149636394,0.968919025877251,-6.70114607893987,"Bpnt1"
0.041665505368357,9.94976523525888,0.595242907537235,0.555671638276354,0.721792019602211,-6.52494765957108,"Brd2"
0.182518110819789,8.50779176610742,2.01997182213864,0.0514229098099065,0.158803266485829,-4.75193526576284,"Brd4"
-0.0877477116001035,7.73785789175411,-1.13896884592014,0.262776409086319,0.464161622074364,-6.05821620240066,"Brd9"
-0.0952538979953972,6.4231201405138,-1.16262242922009,0.253178869280508,0.453080566991343,-6.03166171690105,"Brdt"
-0.168421199105617,8.19463842916568,-1.95385481347034,0.0590893374962095,0.174806334568016,-4.87099143077845,"Bre"
0.0264968791389231,6.18275909797539,0.290311777021459,0.773363069118138,0.868724927357522,-6.66103449992623,"Brf1"
-0.0207683771465042,6.36621360463074,-0.258968392746458,0.797240562503945,0.882935204545489,-6.66974841310185,"Brf2"
0.287231619421528,8.62091131870737,2.33760300851341,0.0255098643357,0.0974592771552538,-4.13836903128593,"Bri3"
0.160842776138695,6.66263351400942,1.73205336181584,0.0924420884505632,0.237244504863201,-5.24696185447148,"Brms1"
-0.118723594127675,9.01155120866609,-2.17878283240717,0.0364638907239517,0.125364972318753,-4.45352996140722,"Brms1l"
0.0542347600270259,6.94227603159248,0.593738566515766,0.556665754348236,0.722404889134882,-6.52584544489986,"Brpf1"
-0.143081560716779,7.22163293623844,-1.04841252515807,0.301936174632671,0.507658924554344,-6.15519013733403,"Brsk1"
-0.264104841279245,8.03971931651875,-2.5490097468148,0.015548162773938,0.0685396720882599,-3.69466538798914,"Brsk2"
-0.143353924733492,8.49629637132231,-2.76670521190047,0.00913900851802071,0.0465895967154318,-3.21125604919636,"Brwd1"
0.0857039052934787,9.87458703006802,1.48074011150577,0.147998492262405,0.321351220797106,-5.62675213655462,"Bscl2"
-0.139672953132755,10.1010574329855,-2.94825956452747,0.00577858160273863,0.0332282364982147,-2.78942211440261,"Btbd1"
-0.262911774279386,8.04476849453699,-3.24746291044866,0.00264293513675273,0.0181263643217046,-2.06136117034108,"Btbd11"
-0.399425688714927,9.942080766228,-6.55870332959875,1.73336755111242e-07,8.82932165854043e-06,7.2305618728427,"Btbd3"
-0.233558225406621,7.56171265414345,-3.77703477511877,0.000618736471747649,0.00603537335981314,-0.690024762994898,"Btbd6"
0.000992076183440615,7.81619367144902,0.0111713592956472,0.991152838092417,0.994257573246492,-6.70367260370339,"Btbd9"
0.140476755031264,10.266467076878,1.32862036866563,0.192931924101832,0.380953677856516,-5.83131130590559,"Btf3"
0.203664889114666,10.3206784870249,2.7721794336982,0.00901532218427313,0.0461231629344613,-3.1987762036197,"Btg1"
-0.087024730870544,7.68394541043898,-0.802260851278464,0.428043523802977,0.621752642387017,-6.38036101048537,"Btrc"
-0.092430749961049,8.8898586364251,-1.73290181970819,0.0922891609366115,0.236972626580108,-5.24559462630755,"Bub3"
0.112243263200637,9.79321212757331,1.35154920678116,0.185554661425328,0.37057403706426,-5.80174206943393,"Bud31"
-0.0628843725618749,8.21895732556347,-0.525402957350352,0.602755451019782,0.75169080374504,-6.56427735523333,"Bzrap1"
-0.141061854227331,9.81680532167671,-1.49441317711402,0.144406233927105,0.316987852762576,-5.6074100861672,"Bzw1"
0.177843358926924,7.44371931363127,1.36231365670494,0.182167305526494,0.366979750986613,-5.78770389514477,"Bzw2"
0.00574612561900534,5.39489451289293,0.0656864389375437,0.948016983940034,0.972508065502358,-6.70154720270367,"C030006K11Rik"
-0.192754546010754,6.03707065977834,-2.58926092310089,0.0141155450326973,0.0637855677418389,-3.60723408694844,"C030039L03Rik"
1.20492349606681,8.76255735462083,6.91514447458755,6.117155999853e-08,3.66702900691352e-06,8.24628632289206,"C1qa"
1.2218751714037,9.84952329075884,7.68428577612714,6.72989359872304e-09,7.0705944621584e-07,10.3973799397027,"C1qb"
0.0406413239686817,10.2188643370397,0.783587883736435,0.438774172866053,0.63184984402156,-6.39510324604432,"C1qbp"
-0.0756395381503048,9.385130642946,-1.0389118577453,0.306268902974931,0.512106789689183,-6.16492966981996,"C1ql3"
-0.0545004557627766,9.12023808710585,-0.490849334062218,0.626725583165144,0.768062482600685,-6.5819532346047,"C1qtnf4"
-0.0109358206052683,6.08492148848427,-0.0926729692378074,0.926714069023054,0.959240363317582,-6.6993796399399,"C2"
-0.071869161199161,9.8089612501346,-1.15509693071506,0.256204312618788,0.457022555316985,-6.04016477504238,"C78339"
-0.309196521399922,6.29346005727372,-3.34150389266674,0.00205407555567231,0.015012613082979,-1.82493802678907,"C87436"
-0.0732677941847374,7.67647862178675,-0.874022879465118,0.388313913525597,0.586132016135763,-6.32060713161406,"Cab39l"
0.0455680975544463,7.41036809786801,0.441896929895924,0.661396659620167,0.793392805533897,-6.60496499403873,"Cabp7"
-0.0846797916413936,6.42745001561721,-0.914091627408619,0.367185845000987,0.569270617760242,-6.28511824586963,"Cacna1a"
0.167024675025808,5.98816522748521,1.18132569538786,0.245772524027221,0.44535782920204,-6.01030877033072,"Cacna1g"
0.215174606986137,6.74434596596752,2.29607859788509,0.0280427601998996,0.104368737777191,-4.22232805605668,"Cacna1h"
-0.227474637446881,9.31361936527268,-2.4691960128547,0.0187913323743287,0.0782828100887376,-3.86529430764644,"Cacna2d1"
-0.0887511034852918,8.55778203399754,-1.1488556761639,0.258733298391205,0.459272095665908,-6.04717812321523,"Cacna2d3"
-0.189248901147347,7.22789073831267,-1.52111013185282,0.1375937993912,0.307847741653364,-5.56919756413598,"Cacnb2"
-0.182125546834811,8.32504539517935,-1.62598207725642,0.113303185686685,0.272219135501645,-5.41344525490402,"Cacnb3"
-0.490365339776583,10.2498938744973,-5.02394184849311,1.64795610641349e-05,0.000331101300583395,2.7976968278092,"Cacnb4"
-0.300018376495995,7.99932279274368,-2.64890393588187,0.0122153451884486,0.0579510684716333,-3.47602469590063,"Cacng2"
-0.441894686910578,7.43227940749627,-3.02003803313151,0.00480376494085954,0.0289777351635821,-2.61832219954329,"Cacng3"
0.308119938204874,6.86757284854493,2.67667395012167,0.011413944515509,0.0551353631659692,-3.41427157402256,"Cacng4"
0.614133133750679,6.55456380047025,4.63283034890639,5.23876703696627e-05,0.000857763057383796,1.67861891416396,"Cacng5"
0.0281190715197154,6.09575738896913,0.219298830790252,0.827744840845819,0.901191112345739,-6.6793565338126,"Cacng7"
-0.0105761059256026,4.90937638232018,-0.0807135136008978,0.936148931982843,0.964178500423999,-6.70043134261171,"Cacng8"
-0.302201030500515,10.4977610845521,-4.20198856985067,0.000184161075945524,0.00231602071320019,0.468248622112586,"Cadm2"
-0.341941136950963,9.65285097732753,-5.47834438646287,4.26273043809125e-06,0.000109121571570021,4.11070507605346,"Cadps"
-0.608544514513372,9.11523616280943,-5.7670414575104,1.80427298204426e-06,5.68684290528074e-05,4.94730003099293,"Cadps2"
-0.201232948618945,7.1467230589818,-1.52431618865244,0.13679339011892,0.307556427271383,-5.56456900894522,"Calb2"
0.381043082481321,5.11566509537706,2.15237677954477,0.0386456890820406,0.13036134450885,-4.50433462595337,"Calca"
0.246193008742519,5.07073306257674,0.974067793277511,0.336987889717381,0.542089247441557,-6.22917791788828,"Calml4"
0.220007977649513,10.0712335910422,1.93240734534375,0.0617807300923744,0.179988574151268,-4.90893833514652,"Caln1"
0.133891402173698,10.6917467520465,1.74284936926284,0.0905119844130954,0.233479251864573,-5.22952330064097,"Calr"
0.299356279013276,8.35093693541973,4.05351004042354,0.000282314164390097,0.00323570529777104,0.0588155267677166,"Calu"
0.184953201814732,8.4493313249231,2.40102757456391,0.0220387292177997,0.0871696560355793,-4.00806352782531,"Camk1"
-0.109941725752314,8.32944499072547,-1.461054150967,0.153295392035392,0.327155591212222,-5.65432641477373,"Camk1d"
-0.160708232662907,11.1645564229267,-1.0652953257685,0.294342475977847,0.500271919285739,-6.13767834261006,"Camk2a"
-0.0898991109894267,9.51445370191077,-1.25298870600592,0.218864964229506,0.412134610339572,-5.92560745767215,"Camk2b"
-0.47238597790494,9.84717275279762,-4.76671839067697,3.53033209385246e-05,0.000620329782205504,2.06002109564379,"Camk2g"
-0.247801029243681,11.920316225412,-2.24879853971129,0.0312007426424752,0.11246986786705,-4.31659372745138,"Camk2n1"
-0.142324751292671,7.89865902726425,-1.64692839386582,0.108900948415777,0.264416785493599,-5.38127364168552,"Camkk1"
-0.6416327236559,9.49533285237431,-4.56939380431001,6.31249125747353e-05,0.000988732156412935,1.49866073327832,"Camkk2"
-0.0139586465844976,8.0848217877875,-0.308709336386159,0.759449808788495,0.861192843236533,-6.65545890877158,"Caml"
-0.181653396827666,8.97088488395551,-1.32807347289814,0.193110598017408,0.381157239061366,-5.83201104163077,"Camta2"
-0.0547489547737513,7.66754063285789,-0.843723728089324,0.404794327165302,0.602065667078359,-6.34643416422087,"Cant1"
0.276911637641472,7.76206439334303,1.41999626723734,0.164826902059222,0.34305491831806,-5.71079039940061,"Cap1"
-0.12434928232906,5.54588974489694,-1.41345913545021,0.166724384471971,0.345294074288358,-5.71964918858517,"Capn1"
-0.0876103188772635,6.61326896879433,-1.64130985909065,0.110067682450824,0.266766291872119,-5.38993752682972,"Capn10"
0.324877448662631,8.12562180841906,2.76910612807248,0.00908456786895654,0.0463699147400282,-3.20578445298953,"Capn2"
-0.0394446403384222,6.79464624978737,-0.429179192547503,0.670533920503518,0.800355635763134,-6.6105528895087,"Capn5"
-0.0420204594972136,8.52865057668647,-0.564888267673131,0.575904405065582,0.735839872444964,-6.54263247300092,"Capn7"
0.465856005118659,9.06573618461888,5.80858222745907,1.59450520270629e-06,5.18779983048246e-05,5.06764829674804,"Capns1"
0.314850519548848,8.68503868322019,3.48118206513773,0.00140569679388257,0.0112344357076859,-1.46776247559776,"Capza1"
0.118764828427923,11.2605604167223,2.00425124420005,0.0531623806563152,0.1614075169475,-4.78052479456866,"Capzb"
-0.121830684145853,9.05827843898589,-1.65161182920324,0.107936224496036,0.263211982656437,-5.37403251012788,"Car11"
0.482300414070943,6.26239190834358,3.8560419033353,0.00049523722297382,0.00504541679890298,-0.478005282888009,"Car12"
-0.108687480406221,5.77027910522844,-0.839255590040728,0.407261150879325,0.603428160756125,-6.35016901255148,"Car14"
-0.0430151179411452,9.9786808895924,-0.740930003625129,0.463885920630703,0.651818528208592,-6.42752454095898,"Car2"
-0.212180368203628,8.17200679380548,-2.44864334569067,0.0197211733706593,0.0807911269766327,-3.90863075406412,"Car4"
0.358986344752481,5.7398007426405,3.44050548428279,0.00157077591946101,0.0123003462140402,-1.57249062300428,"Card10"
0.192089707978768,7.43062861009321,2.72448692207239,0.0101474029504388,0.0502778178179179,-3.30698428130709,"Carhsp1"
0.0151148053265502,7.22630267784776,0.192872275843871,0.848220799955882,0.913426755109442,-6.68487507382848,"Carm1"
0.00193041460396718,7.33967328120659,0.0305605569148901,0.975800916828494,0.986165134983185,-6.70326212877366,"Casc3"
-0.0202347465178315,8.34215915677673,-0.255255755411506,0.800082547142697,0.883665415076789,-6.67071498384289,"Cask"
0.129071642136775,7.72060973430308,1.0705222992057,0.292018794033614,0.49718122157715,-6.13220367110308,"Caskin1"
0.176106808605439,5.76146784081105,1.79606810269325,0.0814861795428758,0.217886958342907,-5.14225006398811,"Caskin2"
0.184382289794756,5.54045176102397,1.85561487051036,0.0723035643173362,0.199576833526178,-5.04205057864801,"Casp1"
-0.00259215319433424,6.16774062851253,-0.0405958536442021,0.967858502207099,0.98286557121031,-6.70289989183977,"Casp2"
0.400631833882427,5.5867672928678,3.32418751674232,0.00215210483402274,0.0155398222002974,-1.86872510704543,"Casp6"
-0.122460958769449,6.56702639954121,-1.48080097937682,0.147982344022734,0.321351220797106,-5.62666637696031,"Casp9"
0.121319671723136,8.3828112472933,1.89348478614671,0.0669363527472754,0.190067582716503,-4.97694900962616,"Cat"
-0.0570463491381308,5.40745796679103,-0.53236234048624,0.597980291307895,0.750626089592264,-6.56057422164908,"Catsper2"
0.704742929869462,7.62535235130626,6.88790505139401,6.62148242919667e-08,3.75192538094818e-06,8.16903290543543,"Cav1"
0.0310943659500605,8.92479676915299,0.344593343320698,0.732549018964957,0.84526107728695,-6.64360453905534,"Cav2"
0.160079171099299,8.60042984570032,2.08111785643715,0.0451220366635519,0.145678893018113,-4.63908899224939,"Cbfb"
-0.0957167443238171,6.8160298818224,-1.11401606549339,0.273182739556205,0.475307955790071,-6.0856818282677,"Cblb"
0.123209746506455,7.47299383389663,1.14914776665137,0.258614540055126,0.45922293151338,-6.04685068102628,"Cbln1"
-0.349677171254313,6.77992516169276,-3.22213319355367,0.0028272476112798,0.019086759978158,-2.12445348533136,"Cbln4"
0.0109485133139088,8.36342307236453,0.106724439796538,0.915642656264977,0.953258859526069,-6.69795870028988,"Cbr1"
0.239551848530129,7.92307376624185,2.19815665039448,0.034933583241078,0.121813208774477,-4.41596058804598,"Cbr3"
0.23028250187374,6.72167003950595,2.38146547782735,0.0230606274270661,0.089802891208258,-4.04851694891336,"Cbs"
-0.0414718352811323,8.8926809106569,-0.7872886464073,0.436634733667428,0.629570125841747,-6.39220807073371,"Cbx5"
-0.228674528882544,6.52420689043957,-2.6068165076889,0.0135296679594584,0.0620356391726821,-3.56881690766275,"Cbx7"
0.0524448894517033,5.58563803734197,0.551086724525093,0.585222586984382,0.742627702002614,-6.55037315801564,"Cbx8"
0.20893867388566,8.67664960865967,2.62078621588098,0.0130795882560438,0.060961519015923,-3.53812489709501,"Ccar1"
-0.197168382205364,6.36410135706203,-2.95713043378771,0.00564872205800778,0.032743109584521,-2.76840476495442,"Ccbl1"
0.0370810871360217,7.99842010771508,0.472821664871205,0.639399346063013,0.778674451146045,-6.59070501060432,"Ccdc124"
-0.205929557098875,8.17637724681025,-3.46170356576445,0.00148254817739633,0.01177400072222,-1.5179840944559,"Ccdc132"
0.41776506312801,7.32351301498338,6.16286438998233,5.57039964412966e-07,2.16088656964199e-05,6.09232606280266,"Ccdc3"
-0.183416007939073,7.74358342652131,-1.51236916981954,0.139795206625763,0.311115281118149,-5.58177376266248,"Ccdc53"
0.0135720131473126,6.83834706621494,0.19882782146513,0.843596394904293,0.910390887973968,-6.68369301951509,"Ccdc58"
0.202353230571476,6.30138626822754,1.3333507073493,0.191391789964464,0.378505410506193,-5.82524818914079,"Ccdc59"
-0.0251170472070654,10.4379000430066,-0.287308422052811,0.775641757744161,0.869697276954619,-6.66191235150984,"Cck"
-0.511281766089471,7.88091143197842,-3.30070188634055,0.00229223892192051,0.0163504397217045,-1.92793161662747,"Cckbr"
-0.157624229745688,5.89610686640417,-1.5488730030061,0.130786500072574,0.299172349717189,-5.5288364388024,"Ccl25"
1.34895800833949,6.35677127191146,5.76295935972248,1.82632413739742e-06,5.72059169248147e-05,4.93547251085112,"Ccl9"
0.211934251054392,8.95839553112807,2.57484903179997,0.0146138965519384,0.0651616978880862,-3.63864347654021,"Ccm2"
-0.0473323902008203,7.55234302958499,-0.655957397722345,0.516321213308085,0.693608918144026,-6.48686162103794,"Ccnc"
0.855514854949776,9.35330208729039,10.0935042292537,1.0554506670567e-11,1.33065942849173e-08,16.6548852961367,"Ccnd1"
0.0797928955790183,9.33159614298594,0.757665985931684,0.453935372258065,0.643926454859041,-6.41501353989701,"Ccnd2"
0.260147181321621,6.83127719580001,2.76463325953633,0.00918623433934104,0.0467160227559698,-3.21597557600392,"Ccnd3"
-0.0433795833749652,7.96267372407405,-0.596524390426504,0.554825509013451,0.72127698574352,-6.52418112127054,"Ccndbp1"
-0.445618947726356,10.0558422901078,-5.80477955735955,1.61264476162939e-06,5.21318431595963e-05,5.05663256862954,"Ccng1"
-0.227827170606543,8.66976182234198,-3.49783125946207,0.00134306222448795,0.0108891684856796,-1.42473323650058,"Ccng2"
-0.065745066722585,6.99172707853321,-0.810241524017774,0.423506434882245,0.617904996768137,-6.37395843859122,"Ccnt1"
0.680889517445165,5.9288261404233,4.92363655181048,2.21907972647393e-05,0.000420707483481505,2.50937220905434,"Ccr5"
-0.101880180455062,8.65682099105216,-0.970121599541615,0.338922067135412,0.542564414816854,-6.23296190506206,"Ccrn4l"
0.182811370607554,7.13041503395283,2.67627426734165,0.0114251246426027,0.0551357928924836,-3.41516330267599,"Ccs"
0.100438533798317,11.2016043061911,1.57342609481087,0.124996086490491,0.290675333349553,-5.49261622689705,"Cct3"
0.00197368638351049,10.8949203546871,0.0338121965556668,0.973227098921957,0.985539008004705,-6.70315594545715,"Cct4"
0.0134438311357002,10.9925340663072,0.224718093783296,0.823560436683181,0.899158969948751,-6.67813766011968,"Cct6a"
-0.0271044930738659,8.95468796448954,-0.394086751473552,0.696008555311523,0.821045881739418,-6.62513421341753,"Cct8"
0.5586207274409,9.7130077951403,4.64389522447252,5.07094150959981e-05,0.0008329888610069,1.71006001793954,"Cd151"
0.173777314861033,9.10569865971512,3.11530071702599,0.00374825329899763,0.0240183499197523,-2.38768609539823,"Cd164"
1.42504025473862,4.16830157442513,5.00082769720932,1.76499737294804e-05,0.000349054186344196,2.73118983753387,"Cd248"
-0.00742464352217753,8.35814825080204,-0.125535556965294,0.900848157304685,0.945075360367698,-6.69574317704614,"Cd2bp2"
-0.0769920999072746,10.5394459200052,-1.10513154877448,0.276958158471226,0.479134967370734,-6.09532484302457,"Cd47"
0.33068031971317,7.56590446934253,1.94632301617819,0.0600226741718523,0.176601135267591,-4.8843553032685,"Cd59a"
1.56360821844165,7.14382885267441,9.33241256917553,7.49016830686181e-11,3.77729187715041e-08,14.7643186947564,"Cd68"
0.239603041435237,10.8211691341951,2.83588815093731,0.00768625894723706,0.0411047761091373,-3.05242144186664,"Cd81"
-0.109122289561843,6.91266263982319,-1.16346359398358,0.252842321908265,0.452832140267138,-6.03070812311745,"Cd83"
1.0432480967443,9.14678043975447,5.21104262554035,9.44924172106761e-06,0.00021858956880433,3.33726217691844,"Cd9"
-0.0335229039719269,5.83361800630079,-0.444885970366768,0.659256700211384,0.791956059829921,-6.60362826976095,"Cdan1"
-0.0677692196717563,6.4025903770814,-0.847434365617442,0.402752827200503,0.600556625538776,-6.34331806212197,"Cdc14b"
0.137264656975034,8.22715401204139,2.07356158716251,0.0458619896702671,0.147132670823624,-4.65317484945002,"Cdc16"
0.0234830311113789,7.56729743467223,0.319264594114872,0.751503582041409,0.857622214128723,-6.65210629487396,"Cdc23"
0.118690639268647,7.78416975236536,1.59801537627539,0.119408208155102,0.281653692107662,-5.45585188781163,"Cdc34"
-0.273537236475159,9.1984839743674,-3.62438697121493,0.00094748715964211,0.00828107061711466,-1.09467663092896,"Cdc37l1"
-0.0545383629983809,11.0869764212283,-0.89003358331024,0.379780244338423,0.580209807495913,-6.30660828024401,"Cdc42"
0.0270861690912509,7.10368564434217,0.228860193650209,0.820365699611536,0.897419571180255,-6.67718603981927,"Cdc42bpb"
0.016553760778149,6.57901409205227,0.221735940771495,0.825862421951673,0.900697273767796,-6.67881206170703,"Cdc42ep2"
-0.27033229244622,7.68286641910658,-3.79445276991926,0.000589168569942452,0.00580800309070371,-0.64342769080878,"Cdc42ep3"
0.430586208963185,7.56637758923779,4.75856374706829,3.61637935492808e-05,0.000631051940723264,2.03673453054794,"Cdc42ep4"
0.232518936819104,7.81221783179326,3.61537223910243,0.00097146253176051,0.0084321610114772,-1.11835591560942,"Cdc42se1"
-0.108217184295823,9.09214435911073,-1.68110754129746,0.102021811747041,0.253321514840141,-5.32802939161553,"Cdc5l"
0.0924881248482251,6.3226436575634,1.40782265452545,0.168374181411779,0.347711300925307,-5.7272583821757,"Cdc7"
0.286884075850788,7.20055915498474,3.65735266851368,0.000864592523272866,0.00777594216670237,-1.00787194381599,"Cdca4"
0.310607730842982,4.78843257678003,2.16049872040239,0.0379625774310371,0.128832623139112,-4.48875775148347,"Cdca7"
0.174130877338839,8.45205410871059,1.50678345262379,0.141216740487738,0.3131732727703,-5.58977726093667,"Cdh13"
-0.253667790975102,7.38459562882857,-3.76925367631507,0.000632406605892176,0.00614494511274421,-0.710813883448623,"Cdh8"
-0.0219886530185789,10.4274718111381,-0.4391013761887,0.663400716083962,0.795040354375337,-6.60620712963291,"Cdipt"
-0.362086295266533,7.74981824345673,-5.26415933493553,8.06747982256949e-06,0.000191006106785061,3.49076663410404,"Cdk10"
-0.186368741018891,10.9347372617567,-3.30868608886913,0.00224364663591523,0.0160492340211638,-1.90782716757641,"Cdk2ap1"
-0.140363188474212,8.69903544513484,-1.85168543404194,0.0728810154784329,0.200731273106355,-5.0487446434348,"Cdk5"
-0.109695843032782,10.3457025129231,-1.23419736312069,0.225697343525936,0.421084610951275,-5.94825813999087,"Cdk5r1"
0.0672442848010341,6.45126848230151,0.652716117744724,0.518383206400127,0.695082826342951,-6.48898598653104,"Cdk5rap1"
0.212755285232804,7.33357917507221,2.907495068912,0.00641229649558946,0.0360906375304215,-2.88552885543399,"Cdk5rap3"
0.0786778289346857,7.24767928672064,0.977600406484566,0.335262727568101,0.540860503879058,-6.22577820876137,"Cdk8"
0.0329296072969747,8.29728395301759,0.492429878045924,0.625619830933517,0.767640099123534,-6.58117054796578,"Cdk9"
-0.132985491919453,6.10932136304106,-2.16683078570577,0.0374374726252445,0.127565658411559,-4.47658304441098,"Cdkal1"
-0.0190753253441979,7.99211400559859,-0.255878416364222,0.799605712460053,0.883665415076789,-6.67055384671569,"Cdkl2"
0.0320515954809075,5.85724925964453,0.261917375312674,0.79498514588493,0.881704440443743,-6.66897075127126,"Cdkn1c"
-0.0550802568834854,8.28093380655388,-0.917773397747809,0.36528269890144,0.567523131750826,-6.28178137845514,"Cdkn2d"
0.313432487566085,7.41046751955781,2.61987594475141,0.0131084890276954,0.0610398062480773,-3.54012807323712,"Cdo1"
-0.112888222343296,6.37511465644054,-1.13495348508539,0.264431400288586,0.465668486998779,-6.06267394093286,"Cdr2"
-0.41119945916397,8.16123183403978,-3.60659110147073,0.000995380199571089,0.00856162295403142,-1.141397315302,"Cds1"
-0.0741999682090282,9.23849782505886,-0.882293226612043,0.383890692290133,0.583029207229208,-6.3134062790361,"Cds2"
0.0221685979349067,9.03922420620441,0.341409081154721,0.734922871639609,0.845588875582603,-6.64470876642549,"Cdv3"
0.355727474662277,7.15777922590148,2.64957810198305,0.0121952877380939,0.0579510684716333,-3.47453046089144,"Cebpb"
-0.0879542135030619,6.63818757093902,-0.891909235178173,0.378788467840477,0.5798577340906,-6.30495246118226,"Cecr6"
0.116677192934409,8.01508981462142,0.832472558856514,0.411023871478166,0.606257204991048,-6.3558025129377,"Celsr2"
0.0987568285680739,6.06446209182863,0.621903889730017,0.538204934874051,0.71085385091877,-6.50866790149445,"Celsr3"
0.970933045286602,5.81565678628301,5.40854432094521,5.24801361593181e-06,0.000129733983652667,3.90854413100428,"Cenpa"
-0.0548741457775564,7.18594447970642,-0.538527685187107,0.593765016547452,0.748347165437031,-6.55725359017506,"Cenpb"
0.626480413485582,4.6024348002463,4.77071541556758,3.48890006072408e-05,0.000615193112105998,2.07143760447531,"Cenpl"
-0.13747912729704,8.65624123153647,-1.69229823715023,0.0998495508611938,0.250767572207669,-5.3103962250827,"Cept1"
0.0778460018250331,7.46245920388007,0.978598683708532,0.334776295142207,0.54082129833945,-6.22481538360793,"Cerk"
0.166840607350184,8.78454553433979,1.2584644734288,0.21690352086995,0.410294244466301,-5.91894850884818,"Cetn2"
-0.0856862809951748,8.99848434729985,-0.883278290729989,0.383366007464819,0.582674736481339,-6.31254428759905,"Cetn3"
0.32345491151444,7.10117667089664,2.88553684663491,0.00678017558519893,0.0374506303134263,-2.93697051544963,"Cetn4"
0.0892049818282991,8.73828530352211,1.02220414744882,0.313992401030492,0.519776572749389,-6.18185583781799,"Cfdp1"
0.0875781189513099,9.29948634972534,2.00600682417522,0.0529656115046949,0.161020562731757,-4.77734074953785,"Cggbp1"
0.173225966330142,9.3779724850687,1.42639191110708,0.162986973664394,0.341055314601469,-5.70208834885918,"Chchd1"
-0.153468787534637,8.29899785529109,-1.46236931691258,0.152936884278981,0.327155591212222,-5.65249434853153,"Chchd4"
0.103455960387449,6.21881422749201,1.1629042450194,0.25306607936082,0.453039488184812,-6.03134230474307,"Chchd5"
0.0207555922742515,9.47148659521154,0.232945386653895,0.817217902130808,0.895335624689477,-6.6762305238235,"Chchd6"
-0.0560542280183778,7.6216584933309,-0.768488110200366,0.447568477353858,0.6389613099715,-6.40677976988604,"Chchd7"
0.142124644907609,7.32447301144325,1.10872780504617,0.275425498141237,0.477637822257997,-6.09143019756898,"Chd4"
-0.0699161602876767,7.88339451181807,-0.515115386646682,0.609846914555016,0.756845395452746,-6.56966364221649,"Chd5"
-0.0492914924477852,7.80725936875553,-0.660963273801969,0.513145396581024,0.690999261671055,-6.48356058029825,"Chd8"
-0.0618334933246569,7.80663373425273,-1.01679105365473,0.316523205420814,0.522667493430636,-6.18728447063488,"Cherp"
0.10613312313193,7.82327678075165,1.57897382599229,0.123717098679313,0.288577857835235,-5.48436439010868,"Chfr"
0.325900444005228,8.37694548683358,2.75023494336882,0.00952075088782214,0.0478788368626955,-3.24871137204953,"Chga"
-0.0159226891268389,10.5778544110103,-0.256849320365007,0.798862348585554,0.883284986607532,-6.6703018082506,"Chgb"
-0.249551989111377,7.83871799657297,-3.75768282487706,0.000653278751405873,0.00629920601020997,-0.741697055720337,"Chic1"
0.237823213169542,8.31064853433224,3.13371025278134,0.00357145734711418,0.0231204870365813,-2.3426637273253,"Chic2"
0.16640288446875,7.44380433081639,1.57660703222951,0.124261433824911,0.28944591721895,-5.48788787451009,"Chka"
-0.0270202218745733,7.05163782237344,-0.489798661405707,0.627461121835966,0.768217149166977,-6.5824721563751,"Chkb"
0.111938426497096,9.0930865629861,1.60459895674423,0.117947305526055,0.279410139055142,-5.44592562352836,"Chl1"
0.111904590754885,9.48807383065154,1.26187988232602,0.215686817276213,0.409498245234605,-5.91478175383694,"Chmp2a"
0.106528685623143,8.07443627850474,1.67266095428948,0.103687315876692,0.256490426477447,-5.3412733971044,"Chmp7"
-0.261900425492127,8.05464346765116,-3.20123647682948,0.00298846994643032,0.0200464959457966,-2.17631082616439,"Chn2"
0.186721899159121,8.45361275173082,2.37457987349017,0.0234304315341829,0.0908221877224323,-4.06270046322725,"Chordc1"
-0.141976663911756,8.49725185703315,-1.45398491584994,0.155233887297827,0.329896541779579,-5.66414924687216,"Chpt1"
7.65751369810172e-05,7.68552561017739,0.000798675460979988,0.999367475210187,0.999368991016916,-6.70373559073612,"Chrac1"
0.110200357506254,6.11906495644554,1.46109806974765,0.153283409221169,0.327155591212222,-5.65426525794642,"Chrd"
-0.745844563171242,4.30242899306043,-2.49889966713992,0.0175181665543543,0.0743637322673475,-3.8022237276804,"Chrm3"
-0.628361778919873,6.17407341027801,-5.0315793103641,1.61100603980933e-05,0.00032688472197501,2.81968045198394,"Chrna4"
-0.273040449193779,6.41892569647982,-2.37385291522545,0.0234697864123374,0.0909048639611503,-4.06419621452255,"Chrnb2"
0.0351928316547128,9.97009463812909,0.516003468001493,0.609233213159271,0.756553335129821,-6.56920280014283,"Chst1"
-0.280222249365679,6.80920608977096,-2.82438553869495,0.00791178214705412,0.0420433270469904,-3.07899624683174,"Chst10"
0.135792526167313,8.12717088793261,1.92083281903375,0.0632767719402867,0.182868057819407,-4.92927847709899,"Chst2"
0.331955833213909,4.42757476696718,1.25662515487557,0.217560893283995,0.410616264309206,-5.92118820331615,"Chst7"
-0.0618531910401084,6.07860451819249,-0.596353250482179,0.554938470094161,0.72127698574352,-6.52428358455567,"Chst8"
0.120004720513068,7.29462263723417,0.989997046210309,0.329255905306025,0.535722195691163,-6.21375611073786,"Chuk"
0.105179432731616,8.40499356670018,0.850529611467777,0.401054843426126,0.599265059377171,-6.34070873543162,"Churc1"
0.0976515665960535,7.6882324783617,1.46700445676042,0.151678680296575,0.325714212420824,-5.64602591749681,"Ciapin1"
0.311882313484325,7.21774814573643,3.17214035332294,0.00322760073644137,0.0213326219054703,-2.2482207654939,"Cib1"
-0.0298228127035648,7.43389515456909,-0.295378660581036,0.769523385421558,0.867778719293586,-6.65953291348663,"Cib2"
0.0166499654090005,6.80141680908983,0.155167253805559,0.877618424783146,0.932296322708561,-6.69152614032062,"Cic"
0.039863399919311,5.39150193974096,0.347776237767561,0.730178855575457,0.84456237813464,-6.64249061505454,"Cidea"
-0.289372155473934,7.44133186520951,-2.09283870098789,0.0439950708098612,0.143417674268992,-4.61716207499662,"Cirbp"
-0.134730389157266,6.07094797089129,-2.10016894175992,0.043302949942153,0.141803101661219,-4.60340103385367,"Cish"
-0.155982321652677,8.22502694489362,-1.42959987731614,0.162070206390824,0.339842016976683,-5.69771050306092,"Cit"
-0.0847833049817006,6.45421511060043,-0.987960473857615,0.330237698018033,0.536875793392953,-6.21574095714954,"Ciz1"
0.0745628933910557,11.6381475532578,0.716019992430464,0.478929034218638,0.662798880231777,-6.44564508562784,"Ckb"
0.467465163224942,7.13851844782356,3.91812031159134,0.0004153726231948,0.00439145521755006,-0.310267839820402,"Cklf"
-0.179237277204033,9.51506977582334,-2.57836420386359,0.0144908720295226,0.0649000600753841,-3.630993204265,"Ckmt1"
0.0447551698029998,5.71709859922708,0.587589988843646,0.560738325058478,0.725077788017924,-6.52949176908604,"Clcn2"
-0.147813766048967,10.7298685165627,-1.75183920132311,0.0889307433815808,0.230579814330752,-5.21493350087229,"Clcn3"
-0.0812832054741161,6.88432523678442,-0.88226746783018,0.383904418615496,0.583029207229208,-6.31342880723693,"Clcn7"
0.0677030443534126,5.15718887782896,0.495636126396206,0.623379436156475,0.76626877838764,-6.57957519484449,"Cldn1"
-0.313150330977398,9.1817338374193,-2.98706815260111,0.00523048282972624,0.0309430973105891,-2.69720590776168,"Cldn10"
0.300203747488992,9.35674156054405,3.48907952222615,0.00137564345787718,0.011117580061017,-1.44736348557385,"Cldn11"
0.00177897327854429,8.9071183222207,0.032541140823842,0.974233163121498,0.985766019587021,-6.70319872915666,"Cldn12"
0.0137672214348536,4.61967047949291,0.0522601989024358,0.958631022550796,0.978618673425843,-6.7023504682914,"Cldn2"
0.597752366209834,8.2414728641374,5.49349608414645,4.07459131574979e-06,0.000106467171012053,4.1546001981046,"Cldn5"
-0.104949725654358,6.03552458642625,-1.71663700093556,0.0952579931113264,0.242741818726841,-5.27170687072555,"Clgn"
0.322103233377335,9.63658286358936,4.78901816417479,3.30525323031868e-05,0.000588989118038767,2.12373577002572,"Clic4"
0.21148454204863,6.82050262014955,0.990672582991079,0.328930678918583,0.535614276327547,-6.2130968808101,"Clic6"
-0.0635970812546192,8.33403322411975,-0.801121667498429,0.428693564467003,0.621950991256357,-6.38126996084305,"Clip1"
0.0800002513084108,7.74048923018382,0.80840788110165,0.424546268136475,0.618961211394115,-6.3754348874325,"Clk1"
-0.0624102979070472,6.92706545413558,-0.800440303834315,0.429082650616166,0.622142023038137,-6.38181302449738,"Clk2"
-0.0479492152045604,6.84080375378799,-0.68415173723674,0.498573995771832,0.678442703906463,-6.46795076203883,"Clk3"
-0.0210101910953898,7.9889604243926,-0.18038939496243,0.857931144096938,0.919482640986883,-6.68723629273411,"Clk4"
-0.0821136247101496,7.42965988207844,-0.865491226097516,0.392910745816169,0.59041981261947,-6.32796762839362,"Clmn"
0.124383774409035,6.31964634304509,2.18432191128467,0.036020385043413,0.124418357379405,-4.44281402197672,"Cln3"
0.389922337395896,6.66255812628424,4.29192046293102,0.000141935208696219,0.00185435040791459,0.718366023479344,"Cln5"
-0.0376970897862572,11.2708187682723,-0.551914291822767,0.58466179219459,0.742495446496429,-6.54991430801431,"Clns1a"
-0.10549300413749,8.62434255299066,-1.63365313163686,0.111674261179561,0.269460908673937,-5.40170385059501,"Clock"
-0.109530148997382,6.4985077508476,-1.52337809262287,0.137027201354797,0.307593841677734,-5.56592420588193,"Clp1"
0.045234581845052,8.93396759298146,0.622179563897753,0.538025843848974,0.71085385091877,-6.50849592797708,"Clpp"
0.0240777524207343,8.28865773212912,0.31776511138777,0.752630771412966,0.858209260285157,-6.65258939496197,"Clptm1"
-0.137049903357435,7.20001560965505,-0.992397096375941,0.328101426709652,0.534609206751785,-6.2114120741482,"Clpx"
-0.324339663902038,9.92993216283905,-3.65653396689104,0.000866563453834371,0.00777594216670237,-1.01003173950124,"Clstn1"
-0.227558167752629,7.62076752572686,-2.29297425184455,0.0282409300246039,0.104719860377998,-4.22856114557769,"Clstn3"
0.230563120359051,10.7649869842015,3.28811079769002,0.00237092063008003,0.0167693586781116,-1.95958685577323,"Clta"
0.0580499719173407,9.25647160318157,0.638769507648154,0.527306081124769,0.70275125317531,-6.49800967017443,"Cltb"
0.0534351716802917,12.7660207646761,1.00408872819604,0.322516775075807,0.528411987234339,-6.1999168815411,"Clu"
-0.0501537860739725,9.20514221953091,-0.6968762167651,0.49067677073147,0.671319304069128,-6.45916269718818,"Cmas"
-0.0205030222297766,6.68567800695268,-0.219880327118333,0.827295599832683,0.900896503985364,-6.67922716733794,"Cml1"
-0.155898277645184,7.21880955920727,-1.80242863823089,0.0804602897104033,0.215830447345513,-5.1316747745194,"Cnih3"
0.233094413807338,8.19409026407338,2.12664685732118,0.0408823432757705,0.135816638431957,-4.5533887948756,"Cnih4"
-0.282586614097369,7.59731373933497,-3.06232204903124,0.00430454814389882,0.0266027405510806,-2.51644053048592,"Cnksr2"
0.862989458556979,10.5476988980067,7.7175583428185,6.12569436101248e-09,6.57273971544381e-07,10.488981498035,"Cnn3"
-0.428958615285021,7.24996361546221,-3.27571796534689,0.00245088129204178,0.0172141982670846,-1.99068412577713,"Cnnm1"
-0.119137952365146,6.71266058762573,-1.46753739532137,0.15153454423411,0.325602346217561,-5.6452810392357,"Cnnm2"
-0.00335659197908184,7.68925051166589,-0.0624017212821742,0.95061288403237,0.974308913118247,-6.70176061458392,"Cnot10"
-0.204883106158471,9.90515109282653,-2.79746738061651,0.00846396676792639,0.0440493131172887,-3.14092801570749,"Cnot2"
0.0965119045103934,6.39205271652376,1.1677675956686,0.251125401803408,0.45052486705606,-6.025818913254,"Cnot3"
-0.209114925178394,8.68691811395579,-2.32068045232888,0.0265160462102501,0.0999405239449113,-4.17271575082024,"Cnot4"
-0.179900232038375,9.80403053180934,-3.41340784521393,0.00169093022574235,0.0129792406825246,-1.64193762837388,"Cnot7"
-0.0410246032474987,8.93237943204669,-0.522260879597836,0.604917242492521,0.753709005841871,-6.56593357337812,"Cnr1"
-0.224759843961366,10.8562702188316,-2.41703541336732,0.0212333110912487,0.0849466533845815,-3.97478743856236,"Cntn1"
-0.286397722010094,6.26272645139547,-2.75015665873868,0.00952260031197375,0.0478788368626955,-3.24888906687218,"Cntn6"
-0.087681811654449,7.95569266696746,-1.53901194671765,0.133172449244722,0.302150520954066,-5.54324468618719,"Cntnap2"
-0.0686656996466101,6.82758863488767,-0.977771443690259,0.335179352187113,0.540860503879058,-6.22561331148083,"Cntnap4"
0.259825156490772,7.04660329031552,4.17601872332111,0.000198500535950756,0.00246561133694498,0.396309267702279,"Coasy"
-0.0815049859675117,7.38948081884301,-0.705545626247407,0.485336747544799,0.667635902309989,-6.45308517465673,"Cobl"
-0.011343405917875,6.61524799817058,-0.158053835541819,0.875361025292043,0.930728579073956,-6.69106781011493,"Cog1"
-0.197114166104498,6.5490071821155,-2.9044218895337,0.0064626297594931,0.036292919684993,-2.89274230682531,"Cog2"
-0.0723536560336179,7.15355713792804,-1.32344307834601,0.194628468401831,0.383402877402514,-5.83792510527419,"Cog3"
0.0503362935049974,7.76226313317908,0.891777705945335,0.378857961351552,0.5798577340906,-6.30506868305577,"Cog4"
-0.163170796983311,7.74194506187803,-2.55013292984673,0.0155064360733717,0.0684754440613078,-3.69223807743044,"Cog6"
0.0422374459376669,7.58763289038817,0.407274458610263,0.686391117933958,0.812805440689822,-6.61979889352598,"Cog8"
-0.136888889678121,7.19254239304615,-2.05095547636233,0.0481398473539218,0.150884975241705,-4.69507968146833,"Coil"
0.587925592310945,6.00163392938865,4.45674808179585,8.78087859268874e-05,0.0012798257440153,1.18045291629489,"Col16a1"
0.92043420951663,5.53407612288196,3.62844316546324,0.000936887066838094,0.00824558722175307,-1.08401389489222,"Col18a1"
0.0613984076680129,5.84534323017537,0.546294439789652,0.588475167856832,0.744326598872527,-6.55301697727695,"Col23a1"
0.912258195718837,7.31969066230876,6.7883932000132,8.84880327728222e-08,4.79833493842303e-06,7.88626533154786,"Col4a1"
0.537122033031935,6.50238643384986,5.22182408865847,9.15088549261511e-06,0.000213647757126195,3.36841019768445,"Col4a2"
-0.149634358051493,8.58985891193517,-1.92220011865912,0.0630984298245618,0.182629537978093,-4.92688077441214,"Col4a3bp"
0.0143501318187588,6.08534029305813,0.11168672186057,0.911736748908723,0.95138772425263,-6.6974090769958,"Col5a1"
0.398732658071318,6.32300440123454,2.97738301278799,0.00536248055175929,0.0315922773627594,-2.7202845626861,"Col6a1"
-0.0502769166536156,3.74236843377023,-0.141735847795383,0.888135599818795,0.937914480400927,-6.69354781799681,"Col9a2"
0.369303481681633,8.67776580387147,3.20002192092938,0.00299810501088886,0.0200464959457966,-2.17931945293374,"Commd1"
0.0179229493825159,7.55154446966523,0.201898789658258,0.841214016783005,0.909707446359285,-6.6830694823516,"Commd10"
0.129409377649917,9.08873904313483,1.17470806576523,0.248374699194079,0.448621592817256,-6.01789975534006,"Commd3"
0.0765857811564163,7.97096325306881,0.971087430698183,0.338447990250532,0.542564414816854,-6.23203711487685,"Commd4"
0.00576886599665821,7.23399771404312,0.0657699327089877,0.94795100651786,0.972508065502358,-6.70154163540595,"Commd5"
0.138695913945744,7.6751706625126,1.53582037731461,0.133952171352613,0.303604853991563,-5.54789090142298,"Commd6"
0.0727246816752301,8.13895648136345,0.831276952845818,0.411689334620661,0.606770665226936,-6.35679095358815,"Commd8"
0.119294073805037,8.51663520520234,1.76848841987578,0.0860636861101847,0.226878812887434,-5.1877488105701,"Commd9"
-0.0645916112092614,9.20154884113943,-0.679784178840703,0.50130084440747,0.681601552533533,-6.47093089560593,"Copa"
0.00991672989596521,9.30336301958978,0.197259372374004,0.844813736163789,0.911509557439877,-6.6840078031939,"Copb2"
0.221611556400127,10.0808199520666,2.38427657879189,0.0229111804623416,0.0892898632701612,-4.04271808319925,"Cope"
-0.13848509189015,9.36265049947976,-2.53979199021938,0.0158945255389129,0.0695799412263349,-3.7145587746435,"Cops2"
0.0305481823042274,9.530423468626,0.472257374664456,0.639797860000995,0.778783636974419,-6.59097374000007,"Cops3"
-0.0574924869285667,8.67640176314139,-0.787189946285986,0.436691711321521,0.629570125841747,-6.39228545622793,"Cops4"
-0.148532220056303,9.65194257765969,-1.65811849563757,0.106607684840968,0.261362447570735,-5.3639435459058,"Cops5"
0.0266320520304525,9.73405785826188,0.443703520135057,0.660102910816126,0.792670030026469,-6.60415813610547,"Cops6"
-0.0860174884824465,9.46657957183763,-1.34076203228201,0.188997796152533,0.375094799684071,-5.81570982687349,"Cops7a"
-0.0432440798559117,6.98697379324473,-0.717056781097348,0.478297412694507,0.662288262553103,-6.44490285770846,"Cops7b"
-0.0244294798085095,8.33867171426315,-0.479173946715051,0.634920753450694,0.774819326175308,-6.58765805350374,"Cops8"
-0.012781342298035,8.54488505462197,-0.265748797810824,0.792057504526147,0.879170213573556,-6.66794728841226,"Copz1"
0.38135476841401,5.87440566008946,3.88452110800236,0.00045689637328354,0.00473002235557105,-0.401175613329995,"Copz2"
-0.137029585419361,8.42355303920336,-1.89243262552983,0.0670807138653347,0.190263239607921,-4.97877207641696,"Coq10b"
-0.130871192702479,8.98196360598927,-1.50627730344026,0.141346124345241,0.31332241981233,-5.59050122229938,"Coq2"
0.0695878051625541,6.58716762342692,0.804819127212242,0.426585908315766,0.6208579323626,-6.37831524492436,"Coq4"
0.0219753789179305,8.56969285281854,0.443315592091307,0.660380627363874,0.792739705735782,-6.60433166649671,"Coq5"
0.12911313312164,6.35185248663523,2.06973553260958,0.0462407163750443,0.148025971253558,-4.66029207715464,"Coq6"
0.10006352164873,8.22616805658651,1.90770722421441,0.0650110493066996,0.186278819121412,-4.95222614541059,"Coq7"
0.118702766870222,10.5890954212256,1.85647829520519,0.072177205465372,0.199555727610675,-5.04057813303706,"Coro1a"
0.297928419855708,7.3740854401683,3.56043721335473,0.00113075133488329,0.00940986630662774,-1.26210347232013,"Coro1b"
0.115063442845634,7.70372630588428,1.50733526991556,0.141075791174114,0.313136098103458,-5.58898773754051,"Coro1c"
-0.0447299967129482,8.7533247400331,-0.547251102342499,0.587825172629981,0.744186462747228,-6.55249101487802,"Coro2b"
-1.2170196774449,4.7954965238594,-3.78218891734967,0.000609840020673218,0.00596012252762605,-0.676244968685555,"Cort"
0.745473882789991,9.84432311749665,6.67601500876842,1.22892929948911e-07,6.45571922637872e-06,7.56595918282797,"Cotl1"
-0.109161038377484,7.72995738599051,-1.59752298191146,0.119518063893604,0.281781017398525,-5.45659288138744,"Cox10"
-0.201663254846358,7.30511341524971,-3.04834130816162,0.00446390535437557,0.0273529461751106,-2.55021424400975,"Cox11"
-0.0148619537694355,7.93766915505864,-0.211481207828039,0.833790086786698,0.90466951912373,-6.68106256544093,"Cox15"
0.155752909237735,9.98361242442935,1.52501111665975,0.136620393626838,0.307304480401492,-5.56356463141292,"Cox17"
0.0988714630743671,7.36780603737408,1.55861831775548,0.128462715583963,0.296058913924473,-5.51451917357203,"Cox18"
0.0620017288515847,11.752353167026,0.57224219395164,0.570969432169838,0.732298791056077,-6.53843128279492,"Cox4i1"
0.165796751002763,11.9261895472936,1.52527119562816,0.136555694540405,0.307304480401492,-5.56318863776264,"Cox5a"
0.121017133546006,12.8902823236498,1.04473321582849,0.30360902013401,0.509687179938686,-6.15897179913939,"Cox5b"
0.145831132169126,12.910186922439,0.98329509020017,0.332494249338864,0.538660954659054,-6.22027332100867,"Cox6a1"
-0.675465223815357,6.83400756232078,-6.22039966882322,4.69830513684975e-07,1.8804406988201e-05,6.25829987207668,"Cox6a2"
-0.0986604790449121,11.7108355554705,-1.10468653853682,0.277148235441094,0.479134967370734,-6.0958059597516,"Cox6c"
0.302002357194815,5.57273479291179,1.91447910548636,0.064111232926252,0.184297694498852,-4.94040248533437,"Cox7a1"
-0.0359383780239909,11.4663045451894,-0.315650603501563,0.75422122351765,0.859168201987692,-6.65326680108853,"Cox7a2"
-0.0207025617673389,10.6977520190734,-0.387252623066942,0.701012798732417,0.823673705500367,-6.62783064623009,"Cox7a2l"
0.166064317605239,6.37676951025378,1.16940091283244,0.250476081557966,0.450321169089776,-6.02395916544843,"Cox7c"
0.0757231482305427,11.6240746842095,0.561369873258251,0.578272904126429,0.738404488358948,-6.54462362935994,"Cox8a"
0.403696482094791,3.68228014832982,1.13618116753723,0.263924597324537,0.465296406433325,-6.06131254824114,"Cox8b"
0.811395949691395,7.99456704915337,7.48956177276695,1.16994258829463e-08,1.01780401381302e-06,9.85873586129934,"Cp"
0.0895430878954046,8.23159018574916,0.719529623089176,0.476792856282605,0.66124158708779,-6.44312836941394,"Cpd"
0.0354269491828359,6.8102634016235,0.280789974085325,0.780594324478179,0.87255661513179,-6.66378637669956,"Cpeb1"
-0.217069600464586,7.9290959343174,-2.45997183452329,0.0192035827600285,0.0794250336854314,-3.88477489182085,"Cpeb3"
-0.319459096376806,11.563959770244,-4.43451492121636,9.37034268121583e-05,0.00133865830428814,1.11786702629671,"Cplx1"
-0.126055918712792,10.5078923582002,-1.23353933027597,0.22593945194081,0.421107711077572,-5.94904566651956,"Cplx2"
0.450798569474095,6.06811787755735,3.90968676974889,0.000425435458392478,0.00446973128473597,-0.333112727261352,"Cpne2"
-0.160542265918447,7.85970560687394,-1.97915155544418,0.0560461464436406,0.167739297635181,-4.82580806355893,"Cpne4"
0.150451214616456,9.35228598489537,1.44652414875549,0.15730078978939,0.332050181208829,-5.67447064817345,"Cpne6"
0.00586602476895854,7.49683616191041,0.116644760367274,0.907836406585369,0.949050372804729,-6.69683500017554,"Cpne8"
0.0752220491799332,7.07684929161345,0.770310650286001,0.446501479085968,0.63833314255883,-6.40538204369096,"Cpsf1"
0.0212816406200643,7.43366528157204,0.397395520845241,0.693590676077971,0.819463332857571,-6.62381193637094,"Cpsf2"
-0.0319587377131834,8.69916958246094,-0.599662167151822,0.552756501370532,0.721229246160826,-6.5222974017127,"Cpsf6"
0.0991685763923944,7.88606352514875,1.46615562466107,0.151908476723306,0.325714212420824,-5.64721182393925,"Cpt1c"
0.187934690198973,5.8845505839115,1.35111858907345,0.185691174233866,0.37057403706426,-5.80230157520896,"Cpt2"
-0.235105822315131,9.35871447547739,-2.43033597746275,0.0205845828197215,0.0833072670139269,-3.94702165556407,"Crbn"
0.0606599667048844,7.1147527335657,0.795503307355275,0.431908278813428,0.625355569927108,-6.38573465038804,"Crcp"
0.0442974538797143,9.08349144816119,0.99866618010588,0.325098816446672,0.530573893637724,-6.20526408270159,"Creb3"
0.0199031449259457,5.67914106543197,0.107315055042997,0.915177658096765,0.952971490766464,-6.69789459207165,"Creg2"
0.0354703214156976,8.01694588450709,0.500188092555442,0.620204959783134,0.764017390169497,-6.57729272394488,"Creld1"
0.564459043907519,7.13532122074773,5.86625745545572,1.34318358002732e-06,4.67149985798468e-05,5.23469354094939,"Creld2"
-0.0147890994495205,7.52850595753545,-0.138814402379145,0.890425972175658,0.938633437349503,-6.69396336070559,"Crhbp"
-0.0921585656020726,7.0035092798652,-0.855456203470235,0.398361506694959,0.596300705925401,-6.33653678560459,"Crim1"
0.132791538468222,9.49187238458491,2.50209038387774,0.0173862107323679,0.0740462794401137,-3.79541818440566,"Crip2"
-0.0876100882595345,8.94906938538888,-0.820670560606189,0.417621958140272,0.612051012758324,-6.3654998675364,"Cript"
-0.0602602562662234,9.5156060439928,-1.14046943619966,0.262159840714767,0.463559634195151,-6.0565465540684,"Crk"
-0.0667259801361712,7.52273592954195,-0.733174676497909,0.468539656377499,0.654860739514796,-6.43323039275544,"Crkl"
0.0198206982712946,6.50165536422304,0.215554112107221,0.830639266921525,0.902749479137569,-6.68018144463254,"Crlf3"
0.143980128388325,7.97635291716676,1.0076975952793,0.320806118646467,0.5264420262046,-6.19634306255285,"Crls1"
-0.17013888524677,8.35107148472149,-1.51638177725994,0.138781140538926,0.309815534191149,-5.57600838671067,"Crmp1"
0.264728696107424,8.28226651909628,3.95971182435779,0.000369045388572627,0.00400323504622447,-0.197348070457938,"Crtac1"
0.422089245714259,6.17665393206162,5.18750232101386,1.01348082334191e-05,0.00023126623493725,3.26927203994991,"Crtap"
-0.341376815943722,7.45534751027148,-2.94680240552319,0.00580017983029851,0.0332767996407229,-2.79287098882201,"Cry2"
0.123782653310638,10.1029567193074,1.65992978703463,0.106240272179431,0.260829407452079,-5.3611290594656,"Cryab"
2.06559740110514,4.01726269761116,8.76450106849152,3.39549263545846e-10,1.22310495432979e-07,13.3005582534768,"Cryba4"
-0.0660253053162638,7.45185325583761,-0.968858070491965,0.339542940747813,0.54273060227931,-6.23417043051415,"Cryl1"
0.231360926207798,9.04384881695235,1.61610351734033,0.115429630346658,0.27569666314104,-5.42849611910644,"Crym"
-0.0754245103647445,7.43765329202105,-1.08267844438606,0.286664616436653,0.490963188696438,-6.11937484235634,"Cryz"
-0.228344505708192,9.65576854554235,-3.32333848887434,0.00215702469565897,0.0155398222002974,-1.87086911160771,"Cryzl1"
-0.0662082147037608,10.4982635878685,-1.12674884690409,0.267836384160192,0.468921171152987,-6.07173719904974,"Cs"
-0.138065455301651,11.0370467927532,-1.94047687514414,0.0607559055229476,0.177992934797544,-4.89470001609741,"Csde1"
-0.221115617300193,8.19923693941767,-4.46096997749402,8.67314980524674e-05,0.0012677882454452,1.19234596980793,"Cse1l"
0.83510176090553,9.92125749471321,9.29415822703628,8.28201962372038e-11,3.79692954203835e-08,14.6671325528532,"Csf1r"
-0.147500480326982,6.1338069544531,-1.47437825749292,0.149694063683123,0.323162312994003,-5.63569862222529,"Csf2ra"
0.0760582739128278,6.25211484527111,0.846040475860263,0.403518953049538,0.601343404322937,-6.34449015210154,"Csk"
0.0949139053853075,9.97345093105106,1.03934767640382,0.306069212285994,0.511942632689309,-6.16448471082201,"Csnk1d"
-0.208484887246715,9.3520023754216,-2.74383837908777,0.00967297396959906,0.048531294317094,-3.26322020393901,"Csnk1e"
0.0909413799453329,8.67960624328652,0.957971848621449,0.344923776898946,0.547685959351821,-6.24452107775124,"Csnk1g2"
-0.224566600618664,8.85307863239027,-3.78501126880985,0.000605021224425693,0.00592450880539567,-0.668696199093906,"Csnk1g3"
-0.0331477391063918,9.53653743831656,-0.467742792509286,0.642990059223203,0.78153744725539,-6.5931122986551,"Csnk2a2"
-0.0761796749347611,9.0843031311801,-1.01073208743498,0.319372528275664,0.52565132509601,-6.19332870916795,"Cspg5"
-0.285539350547923,9.77367970306366,-1.99323466985147,0.0544117665889203,0.164310502340075,-4.80045536684788,"Csrp1"
0.8125017333931,6.82639423642731,6.3887854144994,2.85757724074158e-07,1.31176498872131e-05,6.74308101198776,"Csrp2"
-0.171677382602677,7.75233487847202,-2.84798637979802,0.00745556139269892,0.0401692266061759,-3.02439994460037,"Csrp2bp"
0.0881954085407349,11.8929836223825,0.849518943993863,0.401608778742071,0.599784743761634,-6.34156174070759,"Cst3"
0.38095180552114,10.1610384949343,3.39411483560079,0.00178180857569163,0.0134919829537731,-1.69122367669909,"Cstb"
0.00368447234918754,6.9763532152428,0.0773896658724956,0.938772853891272,0.96577550023943,-6.70069788427474,"Cstf1"
-0.0293431902020741,8.91290369865831,-0.584228105750791,0.562971461248456,0.726475199354135,-6.53146976546324,"Cstf2"
0.0100591572853264,7.96459263886794,0.131170838345852,0.896422892631849,0.942129821924224,-6.69500967478752,"Cstf3"
0.0598812329904558,8.31980331307836,0.766326122515213,0.448836166130388,0.640124656616388,-6.40843367927982,"Ctcf"
0.0750208391817152,8.55330060790427,0.763459516437025,0.450520290378477,0.6416192669807,-6.41061968337451,"Ctdsp2"
-0.157325336828888,6.66658691555718,-1.26549620922482,0.214404145985768,0.40804598425046,-5.91035870564281,"Ctdspl"
0.344167681990436,8.0724117141148,4.03062963522735,0.000301424222347608,0.00341591540067188,-0.00385734278079486,"Ctgf"
0.241940522793122,9.5998213884777,3.68316486922774,0.000804631676948174,0.00731127485918854,-0.939674270665576,"Ctnna1"
0.0668431413551529,11.4140476618403,1.04392980224966,0.303975157108371,0.510132019067393,-6.15979590707165,"Ctnnb1"
-0.0473876690576074,6.90714107150355,-0.685230033740223,0.497902041145611,0.67807723291853,-6.46721214782321,"Ctnnbl1"
0.059551080059402,5.24609834157868,0.43622321334351,0.665466625901731,0.796002892415187,-6.60747782981838,"Ctns"
-0.0950919722354954,8.33872720134765,-1.35716878912158,0.183780266143353,0.369015526200644,-5.79442586524237,"Ctps"
0.405958554288243,11.4805675788964,6.23687533840427,4.47487268429069e-07,1.80534263575024e-05,6.30579890777445,"Ctsb"
0.021874878603738,6.9918296237268,0.285238099678289,0.777213718873569,0.870610569586719,-6.66251219773727,"Ctsf"
1.18947035674577,7.9956153732313,7.44497316709877,1.32864302958866e-08,1.0984175079042e-06,9.73479524171451,"Ctsh"
0.661680140790412,9.3176574258592,4.96992100493794,1.93450942947151e-05,0.000375220425108648,2.64232126316843,"Ctss"
1.15368626203005,9.52631396668534,8.23165334665647,1.45556555116876e-09,2.65772090358931e-07,11.887221629501,"Ctsz"
0.0171091560048789,6.20056581761367,0.215243753311133,0.83087926266127,0.902749479137569,-6.68024917673194,"Cuedc1"
-0.0943131615559037,8.97149577931781,-1.37372251264415,0.178629697018451,0.361488588308205,-5.77271675471189,"Cuedc2"
-0.134266321736296,8.09165044301017,-2.54107028383297,0.0158460731364266,0.0694884755017385,-3.71180290331571,"Cul1"
-0.195590126814996,9.90449668129935,-4.13067036100093,0.00022621050868278,0.00273568248270327,0.271013943001685,"Cul3"
-0.03936248966182,7.1190134061016,-0.441937841608719,0.661367349901079,0.793392805533897,-6.60494675808282,"Cul4a"
-0.0486361848445589,8.0448896742704,-0.717967186227367,0.477743177781906,0.662066184543597,-6.44425024821253,"Cul4b"
0.0278727069086658,7.72724150178969,0.344153123919814,0.732877041843842,0.845303956825873,-6.6437578031066,"Cul5"
0.0512503384579256,6.72648944842035,0.688217972157147,0.49604270273025,0.676458450478272,-6.46515955564704,"Cul7"
0.0266539172769128,6.33389602840948,0.268371481562642,0.790055239363361,0.87839919161871,-6.66723817553989,"Cutc"
-0.120090501097007,6.96492134384481,-1.68222754995017,0.10180264755897,0.253321514840141,-5.32626902961271,"Cwf19l2"
-0.21604382306725,9.84070941769924,-2.14030649685313,0.0396810483483756,0.132997574200449,-4.52740218853182,"Cx3cl1"
0.240192138364024,7.35188955035596,2.05965471721632,0.0472517830086548,0.14939858414586,-4.67899590181542,"Cx3cr1"
-0.0582584058272195,6.72388814854035,-0.534939740878504,0.596216382730315,0.749809239988521,-6.55919061464356,"Cxadr"
0.0937600441198728,8.4564068817246,1.44722230979422,0.157106454039277,0.331778830703549,-5.6735067785235,"Cxcl12"
-0.164546199225414,8.50193096599212,-2.0626276055095,0.0469516125237229,0.149002691655372,-4.67348736210157,"Cxcl14"
-0.16921312706834,9.16959857374052,-2.24673911437793,0.0313452804418484,0.112910178048744,-4.32066714871098,"Cxx1c"
0.0536673812690192,7.38032725442907,0.529354132614013,0.600042161064942,0.750902469605045,-6.56218078772346,"Cxxc1"
-0.216862021774004,7.12398682136149,-2.92519166391745,0.00612955481328251,0.0348813221250386,-2.84390352507018,"Cxxc4"
0.217221981969482,8.02352907384921,1.54795694679488,0.131006676248599,0.299486250372478,-5.53017826646737,"Cyb561"
-0.188009140286036,5.41533595046528,-1.2677787908888,0.213597503660562,0.407290775718346,-5.90756101783311,"Cyb561d1"
-0.0480803970587111,5.69778258421281,-0.476283304616114,0.636957044855953,0.776262536783125,-6.58904956180534,"Cyb5d2"
0.571586522594458,8.76998443813704,6.35127927470699,3.19177821323688e-07,1.42443694950032e-05,6.63523636350976,"Cyb5r3"
0.0203575267848526,8.09480970830407,0.261388389572592,0.795389589238096,0.881765156853752,-6.6691108929527,"Cyb5r4"
1.34698372180817,7.1918889114384,7.48936900466772,1.17058561969374e-08,1.01780401381302e-06,9.8582005064451,"Cyba"
0.00689139141613279,10.2456767128582,0.128457060819961,0.898553552105388,0.943256778365419,-6.69536692286052,"Cyc1"
-0.19704200023048,11.2351513766399,-1.8205708307073,0.077594190750176,0.209703914229977,-5.10134251055026,"Cycs"
0.332673443856501,9.28959168201706,4.81848360043621,3.02953619791899e-05,0.00055354895094585,2.20800050911336,"Cyfip1"
-0.336671640435258,9.89913005871528,-3.09173539055761,0.00398670716885988,0.0252574927795984,-2.44510673980409,"Cyfip2"
-0.127426099326207,6.9097050869823,-1.38581784547755,0.174937803622369,0.356449027744487,-5.75670614722666,"Cygb"
-0.0312513757239269,9.51529517409455,-0.499685219323839,0.620555294721753,0.764214981997997,-6.577545887264,"Cyhr1"
0.0756206328529801,9.10155976868381,0.887604378221891,0.381067197238696,0.581368727619962,-6.30874783548893,"Cyld"
0.233876477723919,7.43481706941322,2.28181355115673,0.0289638432561397,0.106616541270593,-4.25091971812557,"Cyp20a1"
-0.15395986723199,5.10042604753055,-1.69112424308051,0.100075613900015,0.251085234277501,-5.3122507052239,"Cyp27a1"
-0.13989300398345,6.99906884185818,-1.81843334040915,0.0779272921379456,0.210306960137066,-5.10492914085787,"Cyp2d22"
0.0278428797493638,7.1510636192852,0.36750987789453,0.715544943119417,0.834912806143271,-6.63535755868074,"Cyp2j9"
-0.13333593715437,8.59353989195645,-1.59981312408928,0.119007823087044,0.281103724509586,-5.45314483596572,"Cyp46a1"
0.0202779733628969,5.12972382187201,0.186211471380243,0.853399298590092,0.916856745509598,-6.68615461978252,"Cyp4f13"
-0.0380299989798778,5.19343478548223,-0.314717925635384,0.754923095103897,0.859346745616,-6.65356416604036,"Cyp4f14"
-0.262447914843267,5.93388804966641,-1.9140081748481,0.0641734585643433,0.184297694498852,-4.94122581198012,"Cyp4f15"
0.156492533392749,6.52025398758399,2.26292643416662,0.0302252066155519,0.109975264763512,-4.28857588260922,"Cyp4v3"
-0.0283458203543572,8.08511524594164,-0.431782706770755,0.668659175090521,0.798851942069991,-6.60942209455052,"Cyp51"
-0.0514299953664641,8.36956469164019,-0.754672779636279,0.455705724222147,0.645345710260755,-6.41727094414129,"Cyp7b1"
-0.130224280746269,8.69333069142001,-1.28824415449778,0.206467250931965,0.399958165548386,-5.88227322242668,"D10Bwg1379e"
-0.0432546723689608,8.72811280633513,-0.447853065047339,0.657135331813908,0.790537566397314,-6.60229255388871,"D10Jhu81e"
-0.0453281497980613,6.67083614528384,-0.737885475851171,0.465709634479818,0.652613985968762,-6.4297714278383,"D10Wsu102e"
-0.147733826104764,5.61161900561685,-1.54877500456395,0.130810039882293,0.299172349717189,-5.52898001847759,"D11Wsu47e"
-0.0625761632074938,7.19985385994195,-0.4258291573742,0.67294937938338,0.801910141831377,-6.61199797327703,"D130043K22Rik"
0.0814473644847891,8.17271940579153,1.05307152068764,0.299827116414462,0.505664284552619,-6.15038369079946,"D15Ertd621e"
-0.199845839791701,7.96616382955152,-2.08290275103743,0.0449487927103181,0.145492144825503,-4.63575597440939,"D16Ertd472e"
0.144034565009693,7.90349829412115,1.84998233298665,0.0731325175489477,0.201204193125665,-5.05164241514484,"D17Wsu104e"
-0.183386582421015,6.96746391503422,-1.63521512125822,0.111344954662916,0.268794928848771,-5.39930729086809,"D17Wsu92e"
0.0628028700850682,8.79167960281121,1.32070782116901,0.195529390110255,0.383977692494554,-5.84140992097529,"D19Bwg1357e"
0.0560035077796687,9.87622847712903,0.861210122231351,0.395230328596863,0.592845492895295,-6.33163505729501,"D3Bwg0562e"
-0.195647298402694,6.07832672565982,-2.63123587684657,0.0127520067414923,0.0597661431202097,-3.51509642062326,"D3Ertd751e"
0.127289770610032,8.2242529091917,0.982820573302135,0.332724345382303,0.538660954659054,-6.22073317488002,"D5Ertd579e"
0.0497441639663485,6.18586487192972,0.686778974871092,0.496937680289235,0.677129619480846,-6.46614917175964,"D630023F18Rik"
-0.0946277046306911,8.07343414008557,-1.13471572934128,0.264529629883981,0.465668486998779,-6.06293743394935,"D6Wsu163e"
0.259821856234868,8.64227310223281,2.77221305228515,0.00901456744219215,0.0461231629344613,-3.19869951437909,"D8Ertd738e"
-0.0492144518339269,6.84437682668521,-0.38787690284373,0.700555106879894,0.82351967459098,-6.62758627390179,"D8Ertd82e"
-0.291727187794085,9.69713590112445,-2.73249209057505,0.00994857775696635,0.0495157427802056,-3.28890392462397,"Daam1"
-0.242608083217625,8.80318838121747,-2.63178939304445,0.01273486817019,0.0597413397044353,-3.51387493955074,"Dab1"
1.03266320638045,7.24824495346653,7.11931226758246,3.38533996476315e-08,2.26371492352817e-06,8.82316908932706,"Dab2"
-0.159963789130369,8.24367458709329,-1.95422760461582,0.0590434701156478,0.174806334568016,-4.87032891446368,"Dab2ip"
-0.132244547416365,6.66661897804845,-0.987460371484376,0.330479090449932,0.536998996867392,-6.21622776844685,"Dact2"
0.182091652061636,10.1859943076445,1.87273580564826,0.0698330343980429,0.195441402539826,-5.01274980593702,"Dad1"
0.125027627730567,9.19041997853188,1.8654688834992,0.0708726596838738,0.197137795248635,-5.02521301906283,"Dag1"
-0.179514411073628,10.2196883734596,-1.36013476597105,0.182849062337051,0.367666595440888,-5.79055347650225,"Dap3"
-0.14351463950155,8.09160690073403,-1.08699726282096,0.284779171913018,0.488946387100524,-6.11478454469337,"Dapk1"
-0.434773038296784,4.59861684247124,-3.10521225927759,0.00384863077949028,0.0245058649254665,-2.41229733914756,"Dapk2"
0.0595750254921854,6.68642430611347,0.765305492547511,0.449435355315008,0.640797991759566,-6.40921289338713,"Dapk3"
-0.0308709573254723,8.69409630639478,-0.387298487110785,0.700979169562184,0.823673705500367,-6.62781270617245,"Dars"
-0.0485251538728818,6.87032536307368,-0.577819175476956,0.567240988730374,0.72993016232898,-6.53520971732802,"Daxx"
0.0369498018639544,6.81659990064237,0.459496062031533,0.648838997666121,0.784863292211621,-6.5969664310252,"Dazap1"
0.550259412602635,12.7842390574399,3.8733539426628,0.00047157280655882,0.00485335033362476,-0.431326702397582,"Dbi"
0.0405973870229287,7.84179604655083,0.602007835592308,0.551212386990477,0.719959613466194,-6.52088289679577,"Dbn1"
0.230360742105091,7.24534064475487,4.0464676052506,0.00028806621645543,0.00329414496504474,0.0395127383224425,"Dbnl"
-0.44099890507389,9.65753145047166,-3.97917831270798,0.000349133997206935,0.00383591012617554,-0.144353482599433,"Dbp"
0.328970726062583,3.80590267983553,1.55962421813444,0.128224778299766,0.295808580496669,-5.51303694780228,"Dbpht2"
0.00921005214929527,6.93100469964438,0.139803080097167,0.889650754648539,0.938547879097328,-6.69382370010397,"Dbr1"
-0.0310330518004975,6.52281112212657,-0.390046085956428,0.698965650493658,0.822960809793316,-6.62673412180833,"Dbt"
-0.101009360326139,6.47369993261835,-1.59222425510537,0.12070548114049,0.283652256007219,-5.46455443719044,"Dcbld1"
0.859023016104272,8.67019064410633,5.08060674835972,1.39267657943971e-05,0.000291421908303505,2.96089231892651,"Dcn"
0.0463232989230439,6.16560887807946,0.358472486440591,0.722233659353739,0.839928340185148,-6.63867274877273,"Dcp1a"
-0.211497813315903,6.19106716937276,-2.70530445084129,0.0106389754109679,0.0519887141448749,-3.35017290990028,"Dcp1b"
0.149820940404476,6.85970006290919,1.92187005594885,0.0631414413684766,0.182629537978093,-4.92745969860212,"Dcps"
0.0415061054722251,5.44114788122307,0.628404577366954,0.533990120153238,0.707358070904328,-6.50459276693602,"Dctd"
0.102177297328402,10.4958758432355,1.00104127318691,0.323966148729676,0.529486587688519,-6.20292534587307,"Dctn2"
0.0782837347372686,10.4446841641476,0.753030057568698,0.456679046637437,0.645705536822402,-6.4185061764585,"Dctn3"
0.099646658771291,9.06347827177028,1.42277140504976,0.164026539756016,0.342520016558837,-5.70701873524765,"Dctn4"
-0.0177482304787086,9.21642732974555,-0.304321133669255,0.762761227366009,0.863043863808403,-6.65681973540582,"Dctn5"
-0.0994540935512974,9.92483197934548,-1.36385506024341,0.18168620426695,0.366497411247292,-5.78568556613202,"Dctn6"
-0.125912169751243,7.28292476743099,-2.04386650921484,0.0488743281857655,0.152709564461472,-4.70814731369986,"Dcun1d2"
-0.0985231497301572,6.57547615578276,-1.57284601051516,0.125130440503099,0.29067930819096,-5.49347761612552,"Dcun1d3"
-0.147934333915819,8.5652951380291,-1.47318740821383,0.150013165158832,0.323514887680935,-5.63736952729189,"Dcun1d4"
-0.413459241699223,6.49945465249092,-3.3586110321208,0.00196144106555667,0.0144824996978072,-1.78157044531434,"Dcx"
0.579087621011184,6.39213574912155,4.35380629609005,0.000118567766230291,0.00159876268743144,0.89133097676385,"Dcxr"
0.246149689029376,10.1799990164121,3.58992230430168,0.00104235746585252,0.00886443288413868,-1.18506917932734,"Ddah1"
0.510515054580671,6.38255504783622,4.40204530539111,0.000103019227710646,0.00144714753577935,1.02660382602589,"Ddah2"
0.147173808162612,7.72450675545865,1.05369235013117,0.299546853235726,0.505664284552619,-6.14974170806015,"Ddb1"
-0.108070899611231,6.22722135321739,-1.56121068874559,0.127850239772337,0.295485224185103,-5.51069755695602,"Ddc"
-0.00623619702753596,7.7450462328513,-0.0662713209566899,0.947554813520269,0.972429573582156,-6.70150805453081,"Ddhd1"
0.185259882739423,7.64875496472337,2.19315053161844,0.0353234203747182,0.122598767343224,-4.42569213032157,"Ddit3"
0.232932694224889,8.02988812043703,2.89322847209546,0.00664911440902122,0.036807336953561,-2.91897762201272,"Ddit4"
-0.446963630432294,8.35467393481865,-4.14619854207864,0.000216319838180176,0.00264140664392888,0.313870286776797,"Ddit4l"
0.159900567184856,6.06089736604749,2.00815785933305,0.0527253860352544,0.160942751017278,-4.77343650554992,"Ddo"
0.252497385106077,8.07848963264383,2.18359766672817,0.0360780998238141,0.124447234891583,-4.44421630596334,"Ddost"
0.273415215904406,9.43248554367379,3.31331187669246,0.00221594651172928,0.0158961852896881,-1.89616821837765,"Ddr1"
0.134534259630145,7.79286758654641,1.85447325691484,0.072470925576105,0.199838383726174,-5.04399658222964,"Ddt"
-0.22971706023114,10.326143580124,-4.06990133790683,0.000269357938180252,0.00311643815568595,0.1037854190687,"Ddx1"
0.107506158696082,7.80365417121622,1.85590649088648,0.0722608656549224,0.199568206734816,-5.04155332450482,"Ddx18"
-0.0906803132692284,6.09656181029463,-1.16635464960737,0.251688103796746,0.451373793544448,-6.02742580854292,"Ddx20"
0.0854541182250996,6.49735743391029,1.1623951753681,0.253269848756416,0.453082599247466,-6.03191923618182,"Ddx21"
-0.239179796756074,9.52186267688807,-3.16401903987752,0.0032975323727629,0.0216529371820877,-2.26823026543624,"Ddx24"
-0.0860103462693355,8.2590956457375,-1.13465944400157,0.26455288821168,0.465668486998779,-6.06299980475228,"Ddx25"
-0.0110225773128137,6.20605087478153,-0.17519934607417,0.861975160673987,0.923309417009116,-6.6881716340583,"Ddx27"
-0.0129310003421665,6.11432952160391,-0.161391783833494,0.872751964907987,0.929915098041618,-6.69052729574289,"Ddx28"
-0.168526704320491,10.1617646768002,-2.43162117002646,0.0205228645935489,0.0831491954002965,-3.94433311235789,"Ddx3x"
-0.000291248519254921,9.27747097982591,-0.00456474432136814,0.996384884632232,0.997769851707773,-6.7037253437694,"Ddx3y"
-0.0125446815942089,6.35065579585469,-0.181049129417114,0.857417364492223,0.919218574002283,-6.68711544441441,"Ddx41"
-0.267600227260991,7.76046710362875,-3.27432060606161,0.00246005733502177,0.0172306515840483,-1.9941867872261,"Ddx46"
0.13214295545353,8.43225252598532,1.17357085283132,0.248823893520498,0.448951304123031,-6.01920028658161,"Ddx47"
0.0355233071811976,6.90465861556806,0.58522860970515,0.562306406374992,0.726211712928111,-6.53088227118939,"Ddx49"
-0.159775444542442,10.7542902899072,-3.05911063406518,0.00434066908424271,0.0267931385456989,-2.52420605354728,"Ddx5"
0.0528999119723849,8.12988653961114,0.655002860193391,0.516927995883041,0.694239116707903,-6.48748829916,"Ddx50"
0.0895728448367342,6.05324857506164,0.98987300469921,0.329315646766331,0.535722195691163,-6.21387711194648,"Ddx51"
-0.187611742651938,7.30687081483818,-3.24904882118855,0.00263178517576136,0.0181153947379065,-2.05740246649226,"Ddx52"
0.0206633541771651,8.44268845867308,0.324867148003372,0.747296956331665,0.854949761973818,-6.65028127814235,"Ddx54"
-0.136868185695987,8.97850968086822,-1.26786157051504,0.213568293200305,0.407290775718346,-5.90745947152151,"Ddx6"
0.0912717017805993,8.72038842623761,0.954429754325852,0.346686754284509,0.549475641790319,-6.24786505603535,"Deb1"
-0.237196458518547,6.26911660819553,-2.40780670454184,0.0216943126981253,0.0864173925249969,-3.99399040201213,"Decr2"
-0.0575675643436273,7.48357382514309,-0.919845503610146,0.364214441479904,0.566525191961004,-6.27989777881332,"Dedd"
-0.0193160988543404,5.62963000478527,-0.233024695996933,0.817156821544274,0.895335624689477,-6.67621180683428,"Dedd2"
0.0910898703277399,6.02197586853214,0.970852622071546,0.338563204782105,0.542564414816854,-6.23226202577784,"Def8"
-0.0322306181846521,9.05766080147515,-0.530722535090753,0.599103821088642,0.750902469605045,-6.56145108718784,"Dek"
-0.0869852734718883,8.61746455766214,-0.965573756143029,0.341160352936531,0.544108684332362,-6.23730481075692,"Denr"
-0.0934610258224666,7.93570916322935,-0.834773221341204,0.409745223701004,0.604901979837284,-6.35389665886396,"Dexi"
-0.160508451284236,6.88610278262179,-2.07534457465377,0.0456864329986694,0.146749478733943,-4.64985468169612,"Dffa"
0.16484520210268,8.4275237402431,2.64068377645677,0.0124623755428532,0.0587911691885956,-3.49422417053045,"Dgat2"
-0.0179918565665832,7.91531866201647,-0.210581975336649,0.834486115794821,0.905013652032964,-6.68125484397517,"Dgcr2"
0.198319329639422,8.99349672216491,2.0429778028325,0.0489670961238536,0.152904684676529,-4.70978306092477,"Dgcr6"
-0.131738170283766,7.19997344243069,-1.93866528556964,0.0609846861170812,0.178287404109241,-4.89790059296424,"Dgcr8"
0.0844858946865249,5.7222690428879,0.958038273410965,0.344890773017009,0.547685959351821,-6.24445825627813,"Dgka"
-0.0140837521240469,8.79220997746182,-0.190059020022871,0.850407168316342,0.914999647923898,-6.68542097576654,"Dgkb"
-0.173811841843129,7.18184725703461,-1.68622642600652,0.101023337867341,0.252458222430626,-5.31997578517429,"Dgke"
0.138418941454769,8.85643739123877,2.01437544789739,0.0520363549474793,0.159862861040884,-4.76213286137834,"Dgkg"
-0.165253994944142,6.69716662043528,-1.1256719203293,0.268285644389672,0.469453332636056,-6.07292230669216,"Dgkh"
0.020699757950576,4.95538305942084,0.143047366704008,0.8871077035299,0.937289786067732,-6.69335845795125,"Dgkq"
-0.347355996768692,11.1522711899687,-3.0059064797353,0.00498247268225075,0.0297708646168135,-2.65219360545491,"Dgkz"
-0.0434047549048745,6.78128986279269,-0.735851534826045,0.46693030936234,0.653546919265689,-6.43126750524486,"Dguok"
0.310438481720278,7.30323504954577,2.37168048289205,0.0235877514750359,0.0912216493010783,-4.06866416572071,"Dhcr24"
0.0229173973130934,6.72923858453272,0.237075207415114,0.81403884631507,0.894543365270856,-6.67524744301187,"Dhcr7"
-0.207198977639469,7.4398224707413,-3.70551486765256,0.000755985413228904,0.00699529254846489,-0.880464289213807,"Dhdds"
-0.0814555011895544,7.1973486602717,-1.47116735621603,0.150555700502529,0.324328234786096,-5.64020119653435,"Dhodh"
0.154437694728354,8.19672297065495,2.23526002941872,0.0321619733260706,0.114542960087128,-4.34332182562991,"Dhps"
1.40204231358466,8.85011536581467,8.63515527417973,4.81863233849716e-10,1.44716393954462e-07,12.9609678838452,"Dhrs1"
-0.166265641019213,8.1213436960332,-2.57688878471328,0.0145423923254502,0.065015323135856,-3.63420508826931,"Dhrs7"
0.297521596291053,3.0816711899771,0.935096622155053,0.35641474242766,0.55906673283443,-6.26591003037041,"Dhrsx"
0.0997370021275122,10.1333840066602,1.84070572329177,0.0745154861404448,0.203675662117216,-5.06738821713912,"Dhx15"
0.0839167107221198,6.18725571200712,0.970243096123833,0.338862406228915,0.542564414816854,-6.23284561901983,"Dhx29"
-0.035036175845441,9.8117177369345,-0.431528230829629,0.66884232385337,0.798851942069991,-6.60953292031945,"Dhx30"
0.0146232735714272,7.39864480192916,0.285710084048702,0.77685526486659,0.870610569586719,-6.66237582690718,"Dhx32"
-0.0490610364946029,6.79096605108905,-0.54631419209786,0.588461743831854,0.744326598872527,-6.55300612681586,"Dhx33"
-0.111503310006405,8.80189299150359,-2.12556871273352,0.0409785179588362,0.135867630549908,-4.55543452705582,"Dhx36"
0.24354214427621,4.28846408512899,1.41013430124093,0.167696020087032,0.346594684138894,-5.72414094186416,"Dhx37"
-0.115575902336626,5.64373725029129,-0.835534653757752,0.409322584595867,0.604632042799343,-6.35326478243784,"Dhx38"
-0.0960499660857804,6.01132740155151,-0.884727524449809,0.382594922059011,0.582203357216812,-6.31127445151573,"Dhx8"
0.112667688728163,8.20126360433983,1.23245481662821,0.226338897068241,0.421190796278649,-5.95034276474513,"Dhx9"
0.165580074538099,7.31874082687882,2.07706304298688,0.0455177892070604,0.146394267201024,-4.6466525812409,"Diablo"
-0.032097199342112,7.46676754785288,-0.633558091802805,0.530661186860261,0.705135049131808,-6.50133274459463,"Diap1"
0.237086050257001,4.61898674756785,1.45140302017836,0.155946714318083,0.33099296309179,-5.66772639054542,"Diap3"
-0.0148305290337162,6.64121983259472,-0.172366282415149,0.86418424981035,0.924693649860724,-6.68867070511197,"Dicer1"
-0.0690662024665287,7.28663911822616,-0.80141728318375,0.428524822712047,0.621950991256357,-6.38103420959067,"Dido1"
-0.0613457488699478,7.79301143165116,-0.722975113020173,0.474701033163886,0.659663078050558,-6.44064604712704,"Diras1"
-0.475896525561682,10.3606720928436,-4.85443420864562,2.72386932112736e-05,0.000501331130892163,2.31092437656752,"Diras2"
0.0319397078004921,7.39567448799011,0.675085705201268,0.504243492486158,0.683759056899084,-6.47411609927204,"Dirc2"
-0.0803797654735741,8.34946930168033,-0.971463584453367,0.338263476149468,0.542564414816854,-6.23167670980389,"Dixdc1"
-0.164263874933514,10.8589961858626,-1.60419103364652,0.118037396247126,0.279410139055142,-5.44654167634329,"Dkk3"
-0.230795751823748,9.47226615838351,-4.4659154294123,8.54861543358107e-05,0.00125321708231248,1.20628068973201,"Dlat"
-0.194275656264411,8.07507513038199,-2.97945151864341,0.00533402790065909,0.0314614066702033,-2.71535914515594,"Dld"
-0.151270456261656,6.55966955997428,-1.76459850379349,0.0867264650066572,0.227911184485968,-5.19411928973671,"Dleu7"
-0.0854185289014463,8.3932652950432,-0.969964537599447,0.338999202854166,0.542564414816854,-6.23311221081083,"Dlg3"
-0.32676273949898,9.72480969245655,-3.72407209841585,0.000717772520782409,0.00673591025794544,-0.831191332481368,"Dlgap1"
-0.258617955100075,5.97417719779638,-2.36409756189826,0.0240037356554552,0.0926882380631396,-4.08423692135835,"Dlgap2"
-0.0795350585003468,7.15934031792712,-0.538374187393907,0.593869791013087,0.748347165437031,-6.55733671960942,"Dlgap3"
-0.0620095171878693,8.9096296732106,-0.626224171252935,0.53540187398852,0.708483770801392,-6.50596422687496,"Dlgap4"
-0.00381893624971287,8.36950395207833,-0.0587474649312169,0.953501471767497,0.976217204171171,-6.70198517682632,"Dlst"
-0.273326093832667,6.17544977094277,-2.61695974144707,0.0132014751445509,0.0611902933400463,-3.54654250923789,"Dlx1"
-0.502091208276263,5.64669363068971,-4.7091752974514,4.18375894787212e-05,0.000717642733813575,1.89585176976215,"Dlx1as"
-0.0400743471246768,7.01374997251937,-0.739345890035774,0.464834307241721,0.651879702842047,-6.42869474699307,"Dmap1"
0.236971482508477,5.51544916047624,2.43233310850006,0.0204887481064385,0.0831491954002965,-3.94284335577019,"Dmrta2"
-0.140126947670995,6.73382281823155,-2.25544628121225,0.0307382496889198,0.111600390464097,-4.30342621462848,"Dmrtc1a"
-0.143862978325206,7.79757843492929,-2.13857341146273,0.0398317105218213,0.133380688022274,-4.53070624896486,"Dmtf1"
-0.0537697717269436,9.00387127150471,-0.597172204139805,0.554398025403452,0.72127698574352,-6.52379300778268,"Dmwd"
-0.165405686612402,5.42296727193667,-1.14788608461605,0.259127798695895,0.459810516827375,-6.04826451342455,"Dnaic1"
-0.132601311986255,10.1274497137682,-2.58562536849102,0.0142397603612619,0.0640701281745829,-3.61516839725263,"Dnaja2"
-0.0583874250690993,8.53379843122186,-1.21470621686288,0.232951001096556,0.429689794634212,-5.97142235842152,"Dnaja3"
-0.00992984996336539,8.61229147008255,-0.144252517683705,0.886163347479597,0.936905822192142,-6.69318291976987,"Dnaja4"
-0.0579714801938867,9.22202136845677,-0.747620156073252,0.459893064165527,0.648714501639119,-6.42255571954758,"Dnajb1"
-0.0636236699472631,6.39938145237209,-0.83738715347951,0.408295472434479,0.604156582525368,-6.35172517517512,"Dnajb12"
-0.0797049987547614,8.60552154343348,-0.929791460246691,0.359115333153454,0.561671183980682,-6.27080048708722,"Dnajb4"
-0.172870774257819,10.2039815823874,-2.07868018466843,0.0453595901050738,0.146137460611087,-4.64363742725318,"Dnajb6"
-0.07751107320896,9.41425169700189,-1.10520958573565,0.276924836158571,0.479134967370734,-6.09524045588561,"Dnajb9"
0.0389762327706988,9.02202331559566,0.742241274303406,0.463101733888987,0.651442690098233,-6.42655405490088,"Dnajc10"
-0.060847551640196,7.35255403910551,-0.711763405151001,0.481527170683464,0.664681067250506,-6.44868142530616,"Dnajc12"
0.0334847659327465,8.75068301285992,0.270628732136254,0.788333119636522,0.877414240195759,-6.66662231561327,"Dnajc15"
0.339777576597059,8.67781188954485,4.4716556701947,8.40627781552129e-05,0.00123594341176892,1.22245946637562,"Dnajc3"
-0.0540385153225143,6.67985601047976,-0.963957604222431,0.341958142042683,0.544520022204373,-6.23884348985223,"Dnajc4"
-0.0452417121564557,10.3892654850719,-0.546063280191812,0.588632279078574,0.744326598872527,-6.55314393066883,"Dnajc5"
-0.123678662995712,11.0799855768305,-2.16269076141215,0.0377800598903699,0.12829955692063,-4.48454612796427,"Dnajc6"
-0.0269341118265402,9.07248990230514,-0.408258984662852,0.685675229887412,0.812658092672672,-6.61939361128061,"Dnajc7"
-0.0450384244203008,9.53479364603527,-0.96316961725776,0.342347571969953,0.544968057274139,-6.23959281976138,"Dnajc8"
0.064919975697479,10.4562670611211,1.05829065744323,0.297476710128851,0.503879415944751,-6.14497571313339,"Dner"
-0.22015540041127,10.4200043742687,-2.97477851603467,0.00539850948492964,0.0316934613882423,-2.7264834577382,"Dnm1l"
0.169794820912393,7.76994712803939,2.258689872213,0.0305148287623254,0.110949013300942,-4.29699113810208,"Dnmt1"
0.158182841189634,8.1410745417732,2.72823309944386,0.0100539029920587,0.0499033787292836,-3.29852738386345,"Dnttip1"
0.336409245218335,7.37400394948068,3.02606001055708,0.00472946689637167,0.0285637144412004,-2.60386106186142,"Doc2b"
-0.0438087828316048,8.51686432940915,-0.594317119282364,0.556283321193413,0.722094411525967,-6.52550042984824,"Dock4"
0.0866232012024952,5.61946862161838,0.937642483124301,0.355123535124224,0.558250903922437,-6.26355380861904,"Dok3"
0.0853987560753691,5.47722830771228,0.886599790238807,0.38160022844609,0.581744241854181,-6.30963101036534,"Dok4"
0.185888632629525,4.59142521788886,0.884077940368764,0.382940419569337,0.582203357216812,-6.31184387047481,"Dok5"
0.0551121303196111,6.26384680956842,0.692431318970497,0.493427408053279,0.674168089626846,-6.46225041190329,"Dolpp1"
-0.0639345123770086,10.2686175470617,-0.800601204818957,0.42899075031347,0.622142023038137,-6.38168482253218,"Dos"
-0.0352174204140532,6.32890181764926,-0.279543855065901,0.781542164424492,0.873325312473457,-6.66413975740952,"Dot1l"
0.104366131291271,6.75766608433759,2.09651070585212,0.0436471496787785,0.142559958439171,-4.61027322910959,"Dpagt1"
-0.0615167709533576,5.79273651471619,-0.833338882514415,0.410542101139213,0.605723761277078,-6.35508544796512,"Dph2"
-0.0820862010814509,7.8772725481947,-1.07702276759502,0.28914698443788,0.494186955155419,-6.12536028487023,"Dph3"
-0.223650963299263,8.50679865348266,-3.33949513887042,0.002065224004529,0.0150621794556098,-1.83002320993939,"Dpm1"
0.0700666009719878,8.09854432311902,1.0152819743631,0.317231238079888,0.523322582151415,-6.18879305602371,"Dpm2"
1.29075370344436,6.28873218099198,5.2333999561046,8.84099622551573e-06,0.00020737276262919,3.40185901054987,"Dpm3"
-0.41548781617927,9.13613691986954,-7.05644295331005,4.06017125387434e-08,2.65914852380368e-06,8.64594608800039,"Dpp10"
-0.0275494862760003,7.44697495274517,-0.358276114779143,0.722379246037354,0.839928340185148,-6.63874387483189,"Dpp3"
0.0533183175905378,8.42018562293546,0.616877666090404,0.541475681075275,0.712243607308653,-6.51179034905466,"Dpp6"
0.233780419256137,7.66808678261002,3.16279314451043,0.00330821283338623,0.021694820960685,-2.27124828938924,"Dpp7"
-0.13758075517184,8.11318104607493,-1.5505780872236,0.130377478046361,0.298724953106679,-5.52633702541291,"Dpp8"
0.122745018053653,6.9278303132017,1.64855645658626,0.108564784538433,0.263978885451937,-5.37875844557545,"Dpp9"
-0.12054148322051,10.9193907514556,-1.75276347956087,0.088769496491773,0.230502007245814,-5.21342993629149,"Dpysl2"
0.346795923239045,7.60587492944392,4.36131910598828,0.000116002523009264,0.00157258259014979,0.912373270921605,"Dpysl3"
-0.140577240180244,7.54056786056456,-1.76852971243662,0.0860566735244817,0.226878812887434,-5.18768112389998,"Dpysl4"
-0.0701008378393584,5.26981528584757,-0.547693685100886,0.587524581461774,0.744069930766381,-6.55224738205192,"Dpysl5"
0.0301437925367219,9.20681668448724,0.306740360609332,0.760935068329122,0.861731294005804,-6.65607190431797,"Drap1"
0.328391333748561,8.39167506517621,2.45916445657211,0.019240056685925,0.0794250336854314,-3.88647760651829,"Drd1a"
-0.0935029369252544,9.50718797367712,-1.24896104939601,0.220316165046392,0.413845077519034,-5.93048853952831,"Drg1"
-0.00102851195915121,6.99570060275069,-0.0135805557064238,0.989244984222959,0.992788548345549,-6.70364235237821,"Drg2"
-0.262472304714767,7.62802877521132,-2.51878942179377,0.0167103401001899,0.0720874637512898,-3.75970432524161,"Drp2"
0.180610459133892,7.52111300455124,2.51643357533853,0.0168042070142835,0.0723068395674332,-3.76475247760189,"Dscr3"
0.133828943663274,8.37399358443723,1.27546897416754,0.210896710379808,0.404728526616818,-5.8981017574069,"Dst"
0.0491998221551363,10.1459746863654,0.630302693089938,0.532762743398268,0.706846228612857,-6.50339507621573,"Dstn"
-0.138310380348165,9.50626792932893,-1.08576915157917,0.285314427972923,0.48923517860165,-6.11609158599617,"Dtna"
-0.0354833551075468,6.3917129077322,-0.41349229382089,0.681874844871141,0.809104668867098,-6.61722305002353,"Dtnb"
-0.0860639031172008,8.64970064371405,-1.56065949241928,0.127980266867456,0.295650245447815,-5.51151057714305,"Dtnbp1"
0.0536841457956208,7.86270770449545,0.642722332586532,0.524768817913823,0.700478864144893,-6.49547142847618,"Dtx1"
0.123975678021074,6.31618886864025,1.42495150059074,0.163399939167875,0.341777641320445,-5.7040512195599,"Dtx2"
-0.00646410801785724,7.78368350704525,-0.0763511885708047,0.939592795667205,0.966224810063156,-6.7007788636037,"Dtx3"
0.0341955869972451,7.65263965016804,0.371639057077003,0.712496414275969,0.832619378914573,-6.63381560218082,"Dtx4"
0.156485893623561,8.47142075968309,2.21578873609879,0.0335909282559367,0.118286250535777,-4.38155381369808,"Dtymk"
-0.00973206952058813,7.84705582186536,-0.157468376295448,0.875818788153264,0.931019002667983,-6.69116145100099,"Dus3l"
-0.23460641090294,8.15802546252378,-1.50540646416164,0.141568954520456,0.31332705522664,-5.5917463154849,"Dusp1"
0.304276755195493,7.2967988941801,3.28919511103647,0.00236404438899047,0.0167442076596614,-1.95686317752628,"Dusp11"
-0.14175123996694,8.01969920439606,-1.8401794313209,0.0745946113788554,0.203781487098357,-5.06827959742073,"Dusp14"
0.11207114674178,6.16098125528333,1.44769797283497,0.156974160408032,0.331638328838586,-5.67284985133928,"Dusp15"
-0.195414962641203,6.23945274421099,-1.65772377419396,0.106687891900896,0.261403753403067,-5.36455654122598,"Dusp16"
0.104154407438411,7.53594347860675,0.990338344163544,0.329091565651145,0.535703281335934,-6.21342310437724,"Dusp19"
0.0596112329139043,6.69439454555768,0.752963428613926,0.456718550435358,0.645705536822402,-6.41855622270713,"Dusp22"
0.026365028330919,4.88347458095287,0.235706932130339,0.815091766347056,0.895145421970428,-6.67557506058917,"Dusp23"
-0.246055465455847,8.19080263889417,-2.32912398413318,0.0260096155852052,0.0987699483405044,-4.15560077806234,"Dusp6"
-0.260880896782347,7.71420113021784,-3.03082102917988,0.00467149680332837,0.0283494083985379,-2.59241649553092,"Dusp7"
-0.173237737781883,8.42999889948415,-3.32806621991303,0.00212976527278888,0.0154316182049918,-1.85892697896294,"Dusp8"
0.0506356042639833,9.16188718531274,0.635556878194201,0.529373031869268,0.704387387788052,-6.50006135313658,"Dvl1"
0.0221874529666662,9.14771882654117,0.426884293110824,0.672188218134425,0.801381840201396,-6.61154403420188,"Dync1i2"
-0.166458169111406,8.86876931498566,-1.81752435861474,0.0780693140036366,0.21031172570531,-5.10645333473699,"Dync1li2"
-0.0605076502602367,7.28956820488441,-0.796001603909218,0.431622574713071,0.62530096072336,-6.38533989568416,"Dync2li1"
0.144272793361303,12.7292442935417,1.88675155005733,0.067864817629762,0.191517781369272,-4.98860152607754,"Dynll1"
-0.00702954737591155,5.1002091558239,-0.0291434333519463,0.976922717434726,0.986637958987653,-6.70330504927598,"Dyrk1b"
-0.133553353853238,6.05138645701155,-1.59395099580307,0.120317472058235,0.283004203166828,-5.46196242797787,"Dyrk3"
-0.124662111936997,7.45191695038589,-1.39286345211182,0.17281484270407,0.353265201360609,-5.74732229069809,"Dzip1"
-0.601871921169586,6.52574293276474,-2.37850650229876,0.0232188909438909,0.0901689611294717,-4.05461563799316,"E130012A19Rik"
-0.0803873826728327,6.23597634980987,-1.05106961542296,0.300732088009602,0.505867885200942,-6.15245139616839,"E2f1"
0.0680883087474223,7.74029037503536,0.881900490753429,0.384100007253986,0.583066931368055,-6.31374969111567,"E2f5"
-0.0590605388526937,8.12240531740555,-1.04148859598823,0.30508956004254,0.510642765116006,-6.16229635185339,"E2f6"
-0.101688095175664,4.75267620630639,-1.05256171069074,0.300057398325095,0.505664284552619,-6.15091060680571,"E430018J23Rik"
-0.191427402798081,7.56869527584804,-2.48791357827364,0.0179795560590081,0.0758117903056669,-3.82561088207954,"Ebag9"
0.0252596792414682,7.5985200633207,0.344620203729834,0.732529005986384,0.84526107728695,-6.64359518120568,"Ebna1bp2"
0.218527951768388,7.44895983655169,2.45493789485059,0.0194320292874837,0.079788039876461,-3.89538489481594,"Ebp"
0.251713859708535,8.14103075947383,3.73742535366869,0.000691442019233965,0.00657913604339035,-0.795674509182597,"Ebpl"
0.0158030365164347,8.41566525303924,0.291610263058451,0.772378519590695,0.868724927357522,-6.66065215278382,"Ecd"
0.0861526815342048,6.89183287285927,0.711632658008398,0.481607102862056,0.664681067250506,-6.44877441288652,"Ece1"
0.264076626726394,8.36624194076052,3.00325126838448,0.00501674388476609,0.0299401649832845,-2.65854772460716,"Ech1"
-0.041932967382485,5.25046465998449,-0.34492177309763,0.7323043276985,0.84526107728695,-6.64349006828851,"Echdc2"
0.145294978954166,8.2211713275729,1.35438431446555,0.184657821854209,0.369403921529,-5.79805440258264,"Echs1"
1.17285562206031,6.06663493076452,7.79199378148855,4.96545209626738e-09,5.69108520942645e-07,10.6934342770674,"Ecm1"
0.00757580319701198,7.41653847313416,0.0890469604336151,0.929573568652817,0.960426041121934,-6.69971382610096,"Ecsit"
-0.254029404869039,8.92197051010283,-3.89346693760643,0.000445461304035991,0.00463187908505877,-0.376999120492775,"Edil3"
0.346808665985851,4.7293749759531,2.09013059759061,0.0442532278677926,0.143887187709399,-4.62223667587688,"Edn1"
0.246862885544099,5.67785525893124,2.31936786880873,0.0265955675513992,0.100090632210229,-4.1753723362538,"Ednra"
0.49962712879382,9.28007500695261,4.57120272969425,6.27905408040616e-05,0.000988732156412935,1.50378508947106,"Ednrb"
0.220134496888336,7.23351941380842,3.29064776476443,0.00235486217941323,0.0167026300573571,-1.95321355983056,"Eed"
0.0539976076703141,13.4500553187651,0.456985161089964,0.650624364761381,0.786080180041123,-6.59812646637896,"Eef1a1"
-0.0948513972037567,12.1115057483068,-0.740176801816078,0.464336711503477,0.651879702842047,-6.42808124341783,"Eef1a2"
0.0260989834108368,10.9232590168855,0.258864009484587,0.797320428613951,0.882935204545489,-6.6697757788034,"Eef1b2"
0.263363750981428,9.22281400362624,3.14185144687141,0.00349582628276952,0.0227183659072251,-2.32270800647787,"Eef1d"
-0.0143907300324151,8.67009507495492,-0.120274088406253,0.904982787478087,0.947638745276576,-6.69639897949122,"Eef1e1"
0.0725087404920756,11.1127180751727,0.730678258990051,0.470043408914673,0.655720307373913,-6.43505472593885,"Eef2"
0.110764654716448,7.03649340712022,1.2681787529831,0.213456396856584,0.407290775718346,-5.90707032602482,"Eef2k"
-0.0152142109516803,6.44069351631987,-0.126751859661263,0.899892743422995,0.944269476712893,-6.69558758267009,"Efcab1"
-0.104589564312717,6.39083533721658,-1.23139185203681,0.226730916076453,0.421764666091315,-5.95161308004834,"Efcab2"
0.68588768860451,6.85992624806005,6.26900566401887,4.069424722308e-07,1.71017573954994e-05,6.39839112981831,"Efemp2"
-0.245590950180114,7.39091628900842,-2.93145313183349,0.00603235428510832,0.0344130799319019,-2.82914001228502,"Efhd1"
0.238395477086477,5.72624189497595,2.25302821649774,0.0309057614659535,0.111966778069543,-4.30821909274631,"Efna1"
-0.0238710510442586,7.54208145741087,-0.367245309742848,0.71574043331527,0.834947722694635,-6.63545577369404,"Efna3"
-0.492070346066093,6.98655884652571,-4.39307829399712,0.000105748963184814,0.00147546262745309,1.00142955371328,"Efna5"
0.0210237815036231,6.78503721200233,0.302238175023683,0.764334660445294,0.864440388568203,-6.65745890167701,"Efnb1"
-0.058617372593353,7.27519815989784,-0.737936436293264,0.465679074253358,0.652613985968762,-6.42973389226852,"Efnb3"
0.0889363119797098,6.45562267660098,1.12786112038582,0.267372945808239,0.46868381337534,-6.0705120921732,"Efs"
0.103239048749808,5.97260304290375,0.965051360410372,0.34141808940962,0.544347589280023,-6.2378024310986,"Eftud1"
-0.022974998216287,9.80776474684015,-0.343217734635055,0.733574202372437,0.845367117171372,-6.64408281663033,"Eftud2"
0.241763725395491,8.39311725928365,2.47155540964552,0.01868719222887,0.0780774734135804,-3.86030343499594,"Egfl7"
0.104766607562025,7.13348197718526,1.57047237916193,0.125681426135505,0.291202846956602,-5.49699946332085,"Egfr"
0.0254889244283763,7.64006044194291,0.454604575345445,0.652319009166127,0.787237205388098,-6.59922049955233,"Egln2"
-0.323419954002449,10.2331972614217,-1.58042720192892,0.123383803996309,0.287933606456912,-5.48219847418266,"Egr1"
0.0156614685855967,5.84646950746741,0.0489635379460234,0.961238427956145,0.979891932925579,-6.7025197415753,"Egr2"
-0.355232211154241,5.57080830907415,-1.19984324379278,0.238597380445772,0.437226231681696,-5.98885953813898,"Egr4"
-0.111469693227107,7.02815998906116,-0.851654191463076,0.400439037922228,0.598522923447909,-6.33975844672052,"Ehbp1"
0.408755579748101,7.67700107201825,6.98392535691748,5.00958350276581e-08,3.157916200556e-06,8.44106042293679,"Ehd1"
0.158674419382817,8.54386159442433,2.14183868906675,0.0395482715062516,0.132695897009998,-4.52447943832381,"Ehd3"
0.524097035265346,6.26399353168951,5.33088022596907,6.61391778887539e-06,0.000159162382471172,3.68374188537565,"Ehd4"
-0.031736131416105,8.90427782292111,-0.835854729400812,0.409145005017897,0.604546809348156,-6.35299900206271,"Ei24"
-0.0198119171079486,8.37040164857436,-0.32272869530823,0.748901673665291,0.856202933641818,-6.65098159609206,"Eif1a"
-0.115630489737488,7.72790526299577,-1.11351784828467,0.273393475656263,0.475307955790071,-6.08622447606911,"Eif2ak1"
0.0337893507207835,6.70743278737598,0.457552167383254,0.650221013280961,0.786071384432591,-6.59786505829383,"Eif2ak3"
-0.0105557795811344,7.29165813665267,-0.166224338640596,0.86897723595537,0.927460783264112,-6.6897247766268,"Eif2b1"
0.0151691747631593,8.6980074191935,0.268301100329679,0.790108952460643,0.87839919161871,-6.66725729553291,"Eif2b2"
0.0341088795519865,7.9957594656571,0.598747549282897,0.553359179426269,0.72127698574352,-6.52284747814699,"Eif2b4"
-0.0591482994058659,8.72642387738665,-1.22917036870266,0.227551827991881,0.422979678792133,-5.95426467547713,"Eif2b5"
-0.0580182764619339,10.742465711343,-0.727708814548127,0.471835719574657,0.656767191226882,-6.43721689221396,"Eif2s2"
-0.138550884336132,9.52628011327137,-2.24126530432733,0.0317323739494611,0.113994972099123,-4.33148069213428,"Eif2s3x"
0.252329690750967,11.6030247584116,2.45618969984092,0.0193749901955159,0.0796966358531701,-3.89274787419808,"Eif4a1"
-0.212860060277814,12.4305726372916,-2.06072430999039,0.0471435932797815,0.149243654055203,-4.67701473253293,"Eif4a2"
-0.158164429117308,9.11834970577083,-1.68737994244344,0.100799463188762,0.252273792983091,-5.31815809832552,"Eif4b"
-0.0977978997620277,9.24152440819637,-1.74346476104134,0.0904029931202137,0.233423478401325,-5.22852655629376,"Eif4e"
0.4612571777873,7.03385511650301,4.20336287299575,0.000183431249672147,0.0023126094802416,0.472059284305471,"Eif4ebp1"
0.0420521839783064,6.81106765312123,0.486431845295292,0.629820715239915,0.770507123769161,-6.58412762600914,"Eif4ebp2"
-0.169304765195773,7.70938382340514,-3.03771160572905,0.00458878622739766,0.0279821631738409,-2.57583497839138,"Eif4enif1"
0.179882371154633,8.44731047914829,2.57234640677604,0.0147020692599165,0.0654585695957151,-3.64408585773522,"Eif4g1"
0.00797457903982792,10.8345763607165,0.11230242116077,0.911252273548308,0.95138772425263,-6.69733914169142,"Eif4g2"
-0.14477177939433,12.3621255329174,-2.47419477797605,0.0185713198881327,0.0777866828869212,-3.85471645482144,"Eif5"
0.0551884577387627,11.6894838755449,0.617259461130049,0.541226869585155,0.712243607308653,-6.51155403494198,"Eif5a"
0.0287531027574445,7.10269490430507,0.459777501515629,0.648639012269295,0.784809630248094,-6.596836014935,"Elac2"
0.0771553262029247,8.21932195154898,1.28813494428053,0.206504815287932,0.399958165548386,-5.88240913950689,"Elavl1"
-0.28085853272694,10.6212178356392,-4.73719627547078,3.85183238977033e-05,0.000667518582185972,1.97575043351089,"Elavl2"
-0.125977256254393,8.69627859996799,-1.64960019257475,0.10834972465492,0.263837596057345,-5.377144868154,"Elavl3"
-0.37183393107162,8.99652927452483,-4.76114348472962,3.58893570624372e-05,0.000628437596062051,2.04410053095237,"Elavl4"
0.426600582033096,5.80497004662347,4.80395389885978,3.16251918627709e-05,0.000569983401718899,2.16643804304996,"Elf1"
0.529259189930983,6.77995783052794,6.54866253758478,1.78523574228735e-07,8.91380579045062e-06,7.20180893762605,"Elk3"
-0.0206966528743057,6.29632456753757,-0.289938001867361,0.773646546956795,0.868724927357522,-6.66114424563232,"Ell"
-0.304350912140825,7.88598745251932,-2.92114388416698,0.00619317307233277,0.0351386011805079,-2.85343767319081,"Elmo1"
0.0340481184661013,7.94672697972064,0.416543721183248,0.679662802894098,0.807712407257407,-6.61594481526257,"Elmo2"
-0.115571129446366,4.14692178572004,-1.25647455108088,0.217614785322943,0.410616264309206,-5.92137145812385,"Elmo3"
0.619100561515467,8.22725670193366,7.30756396884391,1.96891039494758e-08,1.42896248362665e-06,9.35149022478946,"Elovl1"
-0.217462597109469,8.22121767320939,-3.23059720202081,0.00276433566161698,0.0187625097463451,-2.10339934680242,"Elovl4"
0.178921925722276,9.87384325150485,2.40839783010882,0.0216645135338051,0.0863928554258039,-3.99276193765042,"Elovl5"
-0.0631913908451076,8.02484823535172,-0.901348233157924,0.373822791798144,0.575454315945678,-6.29656934519622,"Elovl6"
-0.241066266380918,9.1604795320135,-4.88227688753999,2.50835071089484e-05,0.000468504171668247,2.39071730268181,"Elp3"
0.436121798820267,7.23674511830112,5.52468342503998,3.7130701748315e-06,9.85526994298698e-05,4.24496124086211,"Eltd1"
-0.131962683021048,7.47541648148272,-1.09467354228144,0.281449654935701,0.484890839877145,-6.10658375925554,"Emb"
0.20363417176847,6.58450042004046,2.28570139685094,0.0287101473547439,0.105956372802977,-4.24314006715927,"Emcn"
0.0314042069882457,7.24705342265964,0.245933319514778,0.807230897923187,0.889417832254017,-6.67308075512832,"Emd"
0.0541435532532285,5.97450510660532,0.397540803191359,0.693484585644888,0.819463332857571,-6.62375362649776,"Eml1"
0.0207116917570578,6.35911355492728,0.361957665880954,0.719651558901029,0.838153074258173,-6.63740397915861,"Eml4"
-0.18686830131635,7.36401589791797,-1.95376255029894,0.0591006941182761,0.174806334568016,-4.87115538341689,"Eml5"
1.2490709196647,5.85427558449336,6.24461468344175,4.37363870542601e-07,1.78336760806905e-05,6.32810667634379,"Emp1"
0.167498282841367,7.47777005199474,2.17730467211377,0.0365830637489632,0.12557723821021,-4.4563861801966,"Emp2"
1.35308963108913,6.07996790420302,7.41763205428559,1.43657552519167e-08,1.16849199573252e-06,9.65868874539411,"Emp3"
-0.0309504897079873,11.6980050711153,-0.494583575354861,0.62411451550421,0.766352447452577,-6.58010004410399,"Enc1"
0.358320072742589,6.82848446137451,4.74015396153565,3.8183568644471e-05,0.000663999091979541,1.98418894590108,"Eng"
0.0592960583144822,10.9732229130392,1.02295547335478,0.313642233180712,0.519567684128738,-6.18110021646483,"Eno1"
-0.0295298943927022,10.6381234167174,-0.451468209330272,0.654554529391985,0.788207712088215,-6.60065324735169,"Eno2"
-0.122461715066996,10.0078575467199,-0.931745416958397,0.358119112284005,0.560867914052248,-6.26900234247759,"Enpp2"
0.0664499350716932,7.57448625603095,1.06732260446687,0.293439703661666,0.499285298827784,-6.13555796333041,"Enpp4"
-0.317582782768773,9.03322987987201,-3.85483356060585,0.000496931448047566,0.00505247034779007,-0.481260440675416,"Enpp5"
0.0338376270984689,5.43257088396929,0.248536478824608,0.805233098437668,0.888070637572533,-6.67242897000393,"Enpp6"
-0.0595326040425542,10.3866398502766,-0.974059741924664,0.336991828421432,0.542089247441557,-6.2291856530615,"Ensa"
0.33671399687897,6.45491296785455,4.55409055582341,6.60249695552528e-05,0.00102136172229184,1.45532696507665,"Entpd2"
-0.0434958486572325,7.67906728777296,-0.651115563375052,0.519403063772857,0.695907356522307,-6.49003122251658,"Entpd5"
-0.201401983038625,6.3544438706634,-2.20338269924186,0.0345307189766679,0.120889919739051,-4.40578390679746,"Entpd6"
-0.0365190568534557,7.44867530858617,-0.464312358806352,0.645420290857217,0.783212711548073,-6.59472374122229,"Ep300"
0.0653226737354225,8.09828392722654,0.921008562506881,0.363615731140012,0.566135885192677,-6.27883875874692,"Ep400"
-0.137531640353391,9.77089343310538,-1.27631423870958,0.210601434821822,0.404728526616818,-5.89705888249734,"Epb4.1l1"
0.0830880718724412,8.27342851138607,0.876096006058452,0.387202108669471,0.584803903569974,-6.31880817457161,"Epb4.1l2"
-0.302372748921211,9.73148119445153,-3.5809456638282,0.00106853650977645,0.00901108631906797,-1.20855140751767,"Epb4.1l3"
-0.112166512366953,8.28011807177961,-1.86340156434537,0.0711708283124558,0.197749028749154,-5.02875143491712,"Epc1"
-0.132593778930598,8.46000103757966,-2.44628895337649,0.0198303288241915,0.0811065273806955,-3.91357914752795,"Epc2"
-0.051320019332842,6.4322064446724,-0.549593705822087,0.586234980135364,0.74318325913088,-6.55119926182005,"Epha3"
0.00624318643364395,8.39957106118086,0.0936012251459698,0.925982196450488,0.958851607666679,-6.69929194551063,"Epha5"
-0.175357407334218,8.84345441667501,-1.43307918847525,0.161080497647093,0.338611483799204,-5.69295253773177,"Epha7"
-0.0704307292666084,7.37717631543013,-1.11344985462568,0.273422244645448,0.475307955790071,-6.08629851588251,"Ephb1"
-0.0647319905869269,6.48838021701231,-0.612228212402983,0.544510459076061,0.714351260437194,-6.51465668655888,"Ephb2"
-0.126455626485896,7.16512248939123,-1.05580388900304,0.298595001230754,0.504968005099495,-6.14755557594893,"Ephb6"
0.0772697499276743,7.21448305594768,0.989274169284786,0.329604163971345,0.536018638796354,-6.21446106867477,"Ephx1"
-0.104985307760104,6.78987618175177,-1.51514113573799,0.139094041235437,0.310295168424681,-5.57779237896064,"Ephx2"
-0.16662120730444,9.47921481885808,-2.1270328609688,0.0408479588702303,0.135791863271306,-4.55265617851395,"Epm2aip1"
0.0378733906490551,9.94136267030744,0.538000245401487,0.5941250731945,0.74848182466147,-6.55753913701903,"Epn2"
0.00578883952448513,8.51798004990803,0.0610905014689391,0.951649290777849,0.975044163631185,-6.70184275000597,"Eprs"
-0.28047489406643,9.70221355532701,-5.25430746895058,8.30758119065931e-06,0.000195771644600444,3.46228635404214,"Eps15"
0.029491329993005,8.14182604505627,0.417761540643295,0.678780783424294,0.807142534970223,-6.61543207741774,"Eps8"
-0.193946763248382,5.20426847690511,-1.81595170952914,0.0783155491887178,0.210862421013723,-5.10908890316595,"Eps8l2"
0.0153968902294729,7.64419912303992,0.276013272770327,0.784229481602722,0.875358405427739,-6.66513248238257,"Eral1"
0.0272231662178484,7.73475602070523,0.527391359481602,0.601389284493951,0.751305440424651,-6.56322420250916,"Ercc1"
-0.13402938322765,6.86583598143191,-2.06415630133913,0.0467979147444421,0.148991088419332,-4.67065241699848,"Ercc3"
-0.197865949164812,6.4547973303515,-3.00893060514843,0.00494370925654855,0.0296446204289826,-2.64495276304988,"Ercc5"
-0.0226674964295429,7.74092201048833,-0.084702244015026,0.933001095585738,0.962389962167902,-6.70009669543428,"Erdr1"
0.179919288819073,10.1741929511998,2.54223741389858,0.0158019528313894,0.0693553073356802,-3.70928587579078,"Ergic3"
0.0284211004255682,7.11908416249875,0.32897298311745,0.744219107220049,0.852319654300995,-6.64892378384096,"Erlin2"
0.358620826046045,8.6532236804922,3.20056641238717,0.00299378190854178,0.0200464959457966,-2.17797074448951,"Erp29"
0.0242356917758765,7.2505467880297,0.332251364423531,0.741764600275968,0.850711269433557,-6.64782770574387,"Esrra"
0.0219782155686985,9.02125649447265,0.532371555222243,0.597973980561998,0.750626089592264,-6.56056928666995,"Etf1"
0.160549512924865,9.28449191146238,1.76404618140794,0.0868209200804087,0.228040572898698,-5.19502288192077,"Etfa"
0.411399543460489,8.74076286630257,5.38857014873923,5.56974602057842e-06,0.000137015752106229,3.85071252139029,"Etfb"
0.165047841581486,7.38509790747397,2.3717270835686,0.0235852153838312,0.0912216493010783,-4.06856835444511,"Etfdh"
0.107038301401513,6.53077766663693,1.60171627165403,0.118585162877297,0.280368015185283,-5.45027623386209,"Ethe1"
0.297516477333285,7.00509736219007,4.41953923866761,9.78920880129134e-05,0.0013867129209245,1.07575384517183,"Ets1"
0.132931475907956,8.43489370426991,1.39879690355953,0.171042654938015,0.350494964994885,-5.73938687277519,"Ets2"
0.0547827648956673,7.17251253946173,0.729729316972434,0.470615747838278,0.656155713671119,-6.43574661395182,"Etv3"
-0.211561149445298,7.78102622229312,-2.61904942435443,0.0131347818401042,0.0610677894574193,-3.54194654985051,"Etv5"
-0.13957441065606,5.71583741583441,-1.42151192741924,0.164389398761321,0.342710102502415,-5.70873128708373,"Evc2"
-0.108221842924266,8.47358048489768,-1.19681962007781,0.239758300356022,0.438556804024454,-5.99238276505647,"Evi2a"
-0.0560540024236366,8.69571271310864,-0.919705422392118,0.364286594827782,0.566525191961004,-6.2800252435941,"Evi5"
-0.0809663485096835,8.78133711861567,-1.35706597395822,0.183812611900856,0.369015526200644,-5.79455996547162,"Evl"
-0.0605552623001483,7.2020022788829,-0.805247654181022,0.426342044839292,0.6208579323626,-6.37797195416218,"Exoc7"
-0.107660595488082,7.53346551296258,-1.46378171427644,0.152552614381299,0.32681513777608,-5.65052522362177,"Exoc8"
-0.0324863434904899,7.54554057179377,-0.507574533108048,0.615069485522224,0.76005768573599,-6.57354524690463,"Exosc1"
-0.0342756333987747,8.17460101801815,-0.613554823013334,0.543643657599349,0.713949569829443,-6.51384100675109,"Exosc10"
-0.0548832702240372,6.28677412675083,-0.658163125397236,0.514920549049831,0.692506439677217,-6.48541010379931,"Exosc2"
0.0780260656626473,8.00398127973386,1.30174863064768,0.2018620665537,0.393654447652864,-5.86538605666777,"Exosc4"
0.335875631245835,6.11446949510036,2.91540919341165,0.00628436812288704,0.0354894383468302,-2.86693189323154,"Exosc5"
-0.0384218577764473,8.1651676042651,-0.804552665994717,0.426737587269933,0.620899495846011,-6.37852861704125,"Exosc7"
0.0383007900346797,7.52876751235857,0.700381854730085,0.488513465482141,0.669608454017717,-6.45671392128099,"Exosc8"
-0.144633678177066,7.67500879089341,-2.06712574044769,0.0465006259253012,0.148513398696196,-4.66514100655388,"Ext1"
0.124063822959805,7.37163012524317,1.47490779078706,0.149552343206693,0.322994632458824,-5.63495524308655,"Ext2"
-0.237934544988137,6.51993965782471,-2.87347638353575,0.00699057197302198,0.0383606686180086,-2.96512587446731,"Extl1"
-0.245412559701934,9.33188618845259,-4.52281245457717,7.23679415911885e-05,0.00109925159471194,1.36685714247387,"Extl2"
-0.0694795743604734,8.39952166011058,-0.71436412993465,0.479938788002518,0.663468012033086,-6.44682834364423,"Extl3"
0.890051067191386,5.95998894234707,7.28479575990899,2.1018985120826e-08,1.49294002766656e-06,9.28778451117322,"Ezh2"
0.377348856766198,7.12088121482995,4.06455853049374,0.000273515809351708,0.00314200507189217,0.0891207983201801,"F2r"
0.291464714476991,5.09091855836635,1.30146408285734,0.201958287043744,0.393689849849864,-5.86574351978736,"F5"
-0.141486887740104,6.3671192999191,-1.42009346707842,0.164798817345611,0.34305491831806,-5.71065840610576,"F8a"
-0.0150321897601032,7.75501837902706,-0.17253603519583,0.864051853172603,0.924693649860724,-6.6886410302773,"Fa2h"
-0.199380906283779,8.20219431494588,-2.0094501534687,0.0525815219342331,0.160708251584447,-4.77108934904757,"Faah"
-0.222354657688517,8.97532682857157,-2.17800736757892,0.0365263674911723,0.125478522655301,-4.45502855704525,"Fabp3"
0.419882280095228,10.6497354347291,3.60750123660138,0.000992875005873172,0.00856162295403142,-1.13901027046381,"Fabp5"
0.325173012620355,5.73541893622966,3.18095712554785,0.00315327940500495,0.0209236684729473,-2.22646701724716,"Fadd"
-0.0792215084113545,9.50216882611129,-0.888692299461824,0.380490488805547,0.580754701890549,-6.30779032339935,"Fads1"
0.095442473192274,8.24904375801142,1.08928189621259,0.283785334312344,0.487774178915184,-6.11234941983479,"Fads2"
-0.135217290297969,6.89816926679418,-1.46247714022396,0.152907521764484,0.327155591212222,-5.65234408315019,"Fads3"
0.00459484945119221,8.28936633318834,0.0840035946079221,0.933552379863371,0.962564843927823,-6.70015647619756,"Faf1"
-0.073227558412673,7.33847407159183,-1.32311019497797,0.194737941022614,0.383468737437345,-5.83834955719671,"Fah"
-0.133271171012619,6.8770131130178,-1.8674853919089,0.07058285134622,0.196874623528201,-5.02175851242221,"Fahd1"
-0.159369972030993,8.19525963242263,-1.76091008814268,0.0873588839485566,0.228501479124778,-5.20014904946236,"Fahd2a"
0.0106887664963188,7.76596711469134,0.151136163069031,0.880772604291333,0.933700300967584,-6.69215207939776,"Faim"
-0.209683374637337,8.67710049705567,-1.78992082268154,0.0824881922131759,0.219750635674087,-5.15244157957486,"Faim2"
-0.0869379142046531,6.3506053712127,-1.18520078981968,0.244258068996145,0.443542408759409,-6.00584551511333,"Fancl"
0.0299258603923945,6.86305757335744,0.256393196665011,0.79921155188998,0.883477390657863,-6.67042033251299,"Farp1"
0.0876216304677724,7.92877215525575,1.19335665128654,0.24109301349191,0.440040559913029,-5.99640791619532,"Fars2"
-0.0587990097892453,10.1508544649921,-0.982932327951313,0.332670145221568,0.538660954659054,-6.22062489240413,"Farsb"
0.00347567087597557,6.70880032788113,0.0369771222810048,0.970722198537773,0.984188188022918,-6.70304229264066,"Fastk"
0.22409680564179,10.9124615080229,1.61532889063304,0.11559775310048,0.275761338167322,-5.42967302370549,"Fau"
-0.0195668202677633,6.48577831294876,-0.239899305980666,0.811866748243384,0.892770172566809,-6.67456526987719,"Fbf1"
0.180812479615631,8.66664228613,2.40011188398813,0.0220856303334227,0.0872867035826417,-4.00996232030859,"Fbl"
0.598190588114677,6.63250901267006,5.16439944740682,1.08558096947586e-05,0.000241171137844351,3.20257137028588,"Fbln1"
0.244277789361896,5.52827814088216,2.12027425003115,0.0414537173206958,0.137172635464743,-4.56546910655535,"Fbn1"
0.0643733235446822,5.5635152895009,0.773102696012619,0.444869826043274,0.6369899297945,-6.40323459851367,"Fbxl12"
0.0293719035887793,6.36055535726816,0.309479082959384,0.758869416738589,0.861192843236533,-6.65521820551304,"Fbxl14"
-0.0214522398792032,6.85821185534438,-0.26079540262745,0.795843033917924,0.882073938472108,-6.66926765473796,"Fbxl15"
0.0787376496446898,5.80076795203048,0.800243033975934,0.429195339708443,0.622142023038137,-6.38197017046415,"Fbxl19"
-0.270575162246771,7.08528755477299,-3.08975020689133,0.00400743902296273,0.0252935106292879,-2.44993305792934,"Fbxl4"
-0.0747582090593751,8.25477296335925,-0.925903393321105,0.3611030658431,0.563441448343674,-6.27436785401718,"Fbxl5"
0.19643718695847,6.14403864924042,2.48413540180174,0.0181407830855852,0.0763639141073508,-3.83363758804744,"Fbxl6"
-0.00858983413849183,7.6936758527971,-0.0964189279365609,0.923761015083461,0.95795327967631,-6.69902040052401,"Fbxo18"
0.00942030506731018,9.04211023014196,0.0933904673137718,0.926148360290381,0.958851607666679,-6.69931193293114,"Fbxo2"
-0.040171669511709,7.99915000688469,-0.454990667316605,0.652044037833942,0.787229610437293,-6.59904344868873,"Fbxo21"
0.00986830773436092,8.53605383868122,0.208364585547198,0.836203010480307,0.906472596047887,-6.68172548587696,"Fbxo25"
-0.271676679054483,6.1932893472533,-3.24835400562912,0.00263666463169212,0.0181153947379065,-2.05913696664665,"Fbxo27"
-0.184140310420057,8.23028721246001,-2.79833508126049,0.00844561913500961,0.0440369913039272,-3.13893733400214,"Fbxo28"
-0.164178372678287,8.68978230238806,-3.18920813648077,0.00308520545240515,0.0205044865368716,-2.20608031542615,"Fbxo3"
-0.0405328426622349,6.69095578821964,-0.445342202253227,0.658930323437221,0.791941282434201,-6.60342345570555,"Fbxo30"
-0.114739231966197,8.50240576479015,-1.20598111646402,0.23625350648075,0.434827165395045,-5.98168243584913,"Fbxo31"
-0.268559473216402,9.09269795459593,-4.34079000325835,0.000123145007688484,0.00165164966428996,0.854896766990936,"Fbxo33"
-0.423222401363464,8.64676144246961,-5.11746671491663,1.24816560030255e-05,0.000267851026481947,3.06715680550678,"Fbxo34"
-0.0355490168534148,7.06158945191903,-0.389581031429143,0.699306300680456,0.823010892492775,-6.62691721257894,"Fbxo38"
0.262755111839013,5.57055790978732,2.1731580713523,0.0369192258374478,0.126311842536126,-4.46439082522453,"Fbxo4"
-0.0911502752860499,7.16998036046741,-0.929432536732647,0.359298527309689,0.561671183980682,-6.27113039991904,"Fbxo42"
-0.00699692191121451,7.74419991620068,-0.101261703201023,0.919944940238949,0.955764798851467,-6.69853489342406,"Fbxo44"
-0.0478145700324619,6.87459890059333,-0.684551364469053,0.498324904053306,0.678286772237738,-6.46767715625948,"Fbxo7"
-0.299263112050437,9.18606536498786,-4.44682046904738,9.03942625886481e-05,0.00130871184452265,1.15249754195707,"Fbxo9"
0.195667495078919,6.11723419258672,2.67720012041457,0.0113992416861393,0.0551353631659692,-3.41309750985895,"Fbxw17"
-0.123498534678998,7.04806417660538,-1.07137696716033,0.291640074890798,0.49718122157715,-6.13130612334671,"Fbxw5"
-0.543193823865318,10.2493727297673,-7.79914954832342,4.86638182049609e-09,5.69108520942645e-07,10.7130543843255,"Fbxw7"
0.158097866573956,7.92126011570531,1.32097406212514,0.195441557222101,0.383954722661105,-5.84107100538395,"Fcf1"
1.20599812596923,7.52864231257998,7.35257128090981,1.73054122432701e-08,1.28339991092369e-06,9.47726104846244,"Fcgr3"
0.112863951055236,6.74810315819406,1.34599571971754,0.187321165659412,0.372743120826548,-5.80894551939575,"Fcgrt"
-0.163470295826533,7.34475192329596,-1.86111461979294,0.0715019246459561,0.198232108845276,-5.03266206009035,"Fcho1"
0.161706827601065,3.40180753273951,0.550721993840959,0.585469826906559,0.742627702002614,-6.55057517066308,"Fchsd1"
0.227882877738904,7.70980168362061,4.00144491289224,0.000327643453415703,0.00365554410525529,-0.0836262297400179,"Fchsd2"
0.0968226807160221,8.68327419954854,0.997032773763111,0.325879339284892,0.53167567389638,-6.20686945063158,"Fdps"
0.0892627987458414,5.19281694779396,0.812165462899394,0.422417072333324,0.61710582148811,-6.37240582736141,"Fdxr"
0.0710841821174638,9.51060693340345,1.05854925295792,0.297360588776942,0.503879415944751,-6.14470711129363,"Fem1b"
-0.0473615777982591,7.57476109002938,-0.80242418621865,0.427950370848925,0.621752642387017,-6.38023058433463,"Fen1"
-0.0473018840930516,6.57713269807153,-0.546842147324803,0.588102990739767,0.744241752145708,-6.5527159643788,"Fert2"
-0.0732134327110905,10.8861330064119,-1.06223158280195,0.295710488159676,0.502110434945875,-6.14087564180207,"Fez1"
0.0388438466010423,7.67418380001011,0.528468325371605,0.60064994650519,0.750902469605045,-6.56265215679901,"Fez2"
-0.185860842370549,7.01303210297186,-1.95050733708039,0.0595025899405341,0.175642376185725,-4.87693600334812,"Fezf2"
0.294356670856128,4.86092448186163,1.98739016835324,0.0550849243891286,0.165500725008665,-4.81099390737604,"Fgd2"
-0.313250660068281,7.83776379196275,-3.25446675526683,0.00259403150271188,0.0179447199837805,-2.04387091376176,"Fgf1"
0.0323882425260258,3.95574595421593,0.0831882567300244,0.934195781780759,0.962718541819753,-6.70022561573042,"Fgf10"
-0.47907661736618,9.6346647166412,-8.08002944236166,2.21662402368887e-09,3.10512081985083e-07,11.478255868594,"Fgf12"
-0.362477444472649,10.2725824325898,-4.56935869012247,6.3131420655357e-05,0.000988732156412935,1.49856126549286,"Fgf13"
-0.27462045082499,4.87760808864084,-1.40054719125514,0.170522609064753,0.34999817562619,-5.73704030912157,"Fgf5"
-0.518130960341535,6.93383964056111,-5.57578378594393,3.18876221620107e-06,8.59942666112406e-05,4.3930395735538,"Fgf9"
-0.189276088168141,9.1526120626191,-2.78553893551388,0.00871999881371767,0.0450899681082159,-3.16825572494691,"Fgfr1op2"
0.0488658984209255,8.10542183263086,0.728210198612341,0.47153281591799,0.656767191226882,-6.43685241357002,"Fgfr3"
0.587815951692016,7.86679191849874,7.1166464051927,3.41150771739323e-08,2.26371492352817e-06,8.81566201229594,"Fgfrl1"
-0.120660200498733,9.33241176745022,-1.80100648204205,0.080688712630231,0.216055007653548,-5.13404197482298,"Fh1"
0.215695111655835,9.73841109033939,3.73997290153294,0.000686526265564349,0.00656954830596018,-0.788892783985849,"Fhl1"
-0.0430596868695886,7.57714245493313,-0.49793290957806,0.621776772987037,0.764977524244781,-6.57842609900686,"Fhl2"
0.194393151767432,5.83310255603577,1.26271466158655,0.215390218643335,0.409428146482599,-5.91376177423332,"Fibcd1"
5.08284203753637e-05,7.54192826027748,0.000891703162704696,0.999293800338312,0.999368991016916,-6.70373551096206,"Fibp"
0.0562652456803781,5.24011186609412,0.646439175414666,0.522389002053937,0.698411383180807,-6.493070787757,"Fign"
0.100966644147701,10.3055513606454,0.784637511733747,0.438166736123057,0.631155341407762,-6.3942834377104,"Fis1"
-0.113091190322214,6.88834066569525,-1.25961841138417,0.216491866562929,0.409669224419081,-5.91754186675403,"Fiz1"
0.157425330176836,7.85645860535952,1.60033344486035,0.118892145351267,0.280962084820261,-5.45236084977561,"Fjx1"
0.115632075573208,6.31706269125045,1.66022681484553,0.106180121612885,0.260821409300429,-5.3606672728521,"Fkbp14"
0.0582400599431891,12.1885504121897,0.801144848166578,0.428680331143432,0.621950991256357,-6.38125147746021,"Fkbp1a"
0.043506310452988,7.6016955044416,0.529269492951517,0.600100222931143,0.750902469605045,-6.56222586099346,"Fkbp1b"
0.0174530665504063,9.67228585584013,0.265363862323825,0.792351501227804,0.879170213573556,-6.66805078248831,"Fkbp2"
0.0235304339062002,7.76626915432136,0.354402256698529,0.725253401958395,0.841957806200605,-6.64013908403414,"Fkbp4"
0.134342934306816,7.27505117008147,1.52730177763379,0.136051401817347,0.306565440646466,-5.5602511309544,"Fkbp5"
0.0739935584926545,8.35918837544269,0.735568628897988,0.467100242910924,0.653603364317366,-6.43147528178894,"Fkbp8"
0.252663180930461,9.02164075197652,4.37615441233284,0.000111096481929257,0.00151831858636651,0.953952459282361,"Fkbp9"
-0.195508632658855,7.43497268330244,-2.51131295610597,0.0170099042807718,0.0727610836471048,-3.77571399890961,"Fkrp"
0.174750112132224,7.68550333874879,3.25976209378335,0.00255763228388018,0.0177172247357249,-2.03063441694763,"Flii"
1.06726750443117,6.36060641986727,7.56377949416094,9.4714732382586e-09,9.11264523892262e-07,10.0645446342357,"Flna"
0.045032823831959,8.85984013085314,0.558401227642152,0.580275042246976,0.739531725562674,-6.54629417323912,"Flot1"
-0.0847407552192623,9.5019158832226,-1.04303240145701,0.304384488842059,0.510257566523383,-6.16071572137948,"Flot2"
-0.119689348315234,6.87612365723135,-0.954466197842603,0.346668585077034,0.549475641790319,-6.24783071055369,"Flrt1"
-0.421514174805067,8.35516747822456,-4.8902318683746,2.44994571635684e-05,0.000459296514780207,2.41352766743259,"Flrt2"
-0.142466654418028,8.76832321422505,-2.02965426157148,0.0503765023764611,0.155953776233575,-4.73424006910943,"Flrt3"
0.133648673327805,7.84179932385021,1.34710364070874,0.186967715481765,0.372428148291953,-5.80751055212534,"Flt1"
-0.251881357476277,8.73847170454042,-3.0293778196476,0.00468899794390413,0.0284214142200824,-2.59588676118659,"Fmn2"
0.294877908028804,5.72109161320582,2.37740045121971,0.0232783016466588,0.0903019040031541,-4.05689392348323,"Fmnl3"
0.121471034862264,5.97654396597773,1.14365926533831,0.260852663033456,0.461926657502931,-6.05299060637469,"Fmo1"
-0.101099526611363,7.23193357495597,-1.48627142879508,0.146536770926426,0.320053805280169,-5.61894620755398,"Fn3k"
0.389478888555273,7.56030812200923,4.01609834278787,0.000314211807260011,0.00353693893462551,-0.04359929039724,"Fndc3b"
-0.355075149278018,7.73681320070033,-3.47807915449873,0.00141767692893014,0.0112943834954103,-1.47577143427755,"Fndc5"
-0.108590562835177,8.77526755351513,-1.50587646591781,0.141448655556126,0.31332705522664,-5.5910744026296,"Fnip1"
0.03549148747544,10.661284827828,0.574104081239236,0.569723327953762,0.731357799925197,-6.5373591618957,"Fnta"
-0.029227547942407,6.56119424318661,-0.317319323049875,0.75296598535873,0.858209260285157,-6.65273258217555,"Fntb"
0.104616134799728,5.14672130038924,0.321056148789285,0.75015756309668,0.856667706226575,-6.65152613211518,"Folr1"
0.0511562246147634,7.52992186208916,0.20768404473271,0.836730107991853,0.906472596047887,-6.68186893441743,"Fos"
-0.0972550738017971,9.28988369567322,-1.59523327825875,0.120029996170277,0.282723620124572,-5.46003603672852,"Foxg1"
-0.115392654764884,6.92850206411,-1.44904932248387,0.156598798225119,0.331485503762297,-5.67098249650908,"Foxj2"
-0.142284448664533,8.81894393840658,-1.22074779408814,0.230684359574076,0.426937566121341,-5.9642782774622,"Foxj3"
-0.0213994407491883,6.56557806657463,-0.245308218564779,0.807710829130516,0.889752230516643,-6.67323625126764,"Foxk1"
0.15391684093613,7.9048989236782,1.3683154342896,0.180299587186044,0.364283180360264,-5.77983362442219,"Foxo1"
-0.136498256093326,9.44990215294353,-1.59416127781288,0.120270290194986,0.283004203166828,-5.46164660931699,"Foxp1"
0.0557457778269101,5.66943594252001,0.733940644110349,0.468078823484096,0.654609402892483,-6.43266943096394,"Foxq1"
-0.175176616477117,6.61526686072227,-2.16752805523934,0.0373800461225538,0.127456100470614,-4.4752407642148,"Foxred1"
0.130209460299163,5.41404697240255,1.41203967792559,0.167138658471054,0.345867974833617,-5.72156798071616,"Fpgs"
-0.111203369321457,5.09861877452941,-0.746712412208209,0.46043364769037,0.648956647653029,-6.42323243943731,"Frat2"
-0.181270754174557,4.30651768236564,-1.36190772001077,0.182294170190993,0.366989820468334,-5.78823509337534,"Frmd3"
-0.149813710845715,6.90163296745711,-1.52379617502276,0.136922958650043,0.307593841677734,-5.5653203231256,"Frmd6"
-0.0752936024564993,7.47709141288489,-1.01022903959,0.319609880630413,0.525854543158413,-6.19382900769864,"Frs2"
-0.103988845783779,5.84408123507417,-1.10992507603725,0.274916587201329,0.477247624528847,-6.09013098014327,"Frs3"
-0.0936233940932216,10.2635268858709,-1.40088267953517,0.170423070246974,0.349936296113799,-5.73659023142976,"Fscn1"
-0.119916516606681,7.38075491392221,-2.61369032319821,0.0133064481134461,0.0615072574116487,-3.55372830449491,"Fsd1"
0.2833271937183,8.06145775995955,3.54836198502864,0.0011690038656649,0.00960901786676055,-1.29357114152368,"Fstl1"
0.0757352526675196,6.93253358751151,0.917750559098026,0.365294484565374,0.567523131750826,-6.28180211690749,"Fstl5"
0.178825763152856,14.2537650813177,1.28301196529412,0.208272767243344,0.402257942367388,-5.88877320527165,"Fth1"
-0.0562863545064045,8.8796521971879,-0.619158587164279,0.539990118172489,0.711528563630751,-6.51037643767901,"Fto"
0.0611508741910624,7.53639750120465,0.769069112921427,0.447228167414227,0.638915481096302,-6.40633453932346,"Fubp1"
0.194197935158905,7.26985283124838,1.6701826368018,0.104180255993967,0.25700794220267,-5.34514864949326,"Fubp3"
0.0505930346113013,6.71342608361642,0.558860539537437,0.579965047458908,0.739519728575195,-6.54603627333313,"Fuk"
-0.22482743080046,9.29467616072303,-3.01281936494131,0.00489428155697115,0.0294532958136104,-2.63563560613363,"Fundc1"
-0.0969744353643515,8.53293120562842,-1.0004354904944,0.32425478734717,0.529539149155368,-6.20352235245643,"Fundc2"
0.17969001238042,6.07734093032918,2.18396260803327,0.036049007497645,0.12443199507914,-4.44350974918716,"Furin"
0.0940048061879394,9.22826753958414,0.629958126775823,0.53298543910553,0.706955699476378,-6.50361275586477,"Fus"
-0.0913586674071769,8.11478824937596,-1.23873728776453,0.224032252867854,0.418846018783706,-5.9428143748886,"Fut8"
-0.967474424012423,3.26395445313927,-3.03524788830977,0.00461819889422049,0.0281275084825531,-2.58176610842748,"Fv1"
0.878740981404097,7.71149661629199,6.01970998797895,8.51485634228693e-07,3.17824342810104e-05,5.67876037901422,"Fxyd1"
0.880207039901769,6.70911646543557,6.52077222378064,1.93767249959945e-07,9.58008079949024e-06,7.12190537881911,"Fxyd5"
0.259489274916464,8.92108861305214,2.60479326320519,0.0135960261534803,0.0621057607717403,-3.57325312487671,"Fxyd6"
-0.703304910766374,7.28145411045527,-5.20559712983595,9.60360211621273e-06,0.000221145961059638,3.32153195579759,"Fxyd7"
-0.0856854958086988,6.64545212249534,-0.794012213275388,0.43276389867533,0.626055175278167,-6.38691448638897,"Fyco1"
0.0993945241857155,6.87938558819138,1.06113832368163,0.29619972194818,0.502602691044641,-6.14201447678358,"Fzd2"
0.047562246531422,6.29432375438282,0.676408073131216,0.503414333240313,0.683192006391725,-6.47322180834046,"Fzd6"
0.242011590696419,5.54913261245709,3.25122152237392,0.00261658259991504,0.0180759260977693,-2.05197742605886,"Fzd7"
0.00518064267626572,7.81749348505511,0.0529622763719359,0.958075791993163,0.978447998991803,-6.70231299493056,"Fzr1"
0.12222952052954,5.711064441223,0.942521651408259,0.352657557740434,0.555072429364859,-6.25902111271213,"G0s2"
-0.0400270594301303,10.9333409686712,-0.677417747885344,0.502781747798199,0.683062595405797,-6.47253783947082,"G3bp2"
0.00228828461117641,6.73170708536184,0.0342400959493221,0.972888418545149,0.985393913380837,-6.70314117361505,"G6pc3"
0.113459465679162,7.08622243907527,1.11240609538909,0.273864144058711,0.475748149668646,-6.08743456220361,"G6pdx"
0.180235790555656,9.33081477628608,2.32157372069784,0.0264620513784907,0.0999074518543218,-4.1709072147173,"Gaa"
-0.0169211203057959,8.08067776619831,-0.199094522303324,0.84338943559075,0.910362355240615,-6.6836392459392,"Gab1"
-0.25306771069355,4.42197930992293,-2.20321734954059,0.0345434016149063,0.120889919739051,-4.40610616736997,"Gab3"
0.103742479157008,10.0114969314503,1.03581576415851,0.307690120603082,0.513631671036524,-6.16808566391416,"Gabarap"
-0.168417682919707,11.2838969822735,-3.07889621348213,0.00412260999345476,0.0258641991410769,-2.47629081584019,"Gabarapl1"
-0.0335183655133081,9.1467117860926,-0.281633473009993,0.779952924145508,0.872516103918765,-6.66354628522143,"Gabarapl2"
0.0123376976653781,10.2040456055922,0.167093965829378,0.868298295033069,0.92710118919116,-6.6895778524303,"Gabbr1"
-0.225028734208762,7.81037428718504,-3.08910813784724,0.00401416619117384,0.0253043001276121,-2.45149367250486,"Gabra3"
0.0647676961694024,9.73092027335808,0.621486514837559,0.538476140907099,0.71085385091877,-6.50892813032613,"Gabrb1"
-0.48292068301685,10.1703468590105,-5.36460488399212,5.98187119144547e-06,0.000145102074961999,3.78133890593227,"Gabrb2"
-0.153167501511922,10.3668464727214,-1.65526658963205,0.10718831434301,0.261954391383309,-5.3683697265504,"Gabrb3"
-0.690319959869741,7.39853165834515,-5.64909435682668,2.56326635612612e-06,7.34463195110455e-05,4.60550272658641,"Gabrd"
-0.715813709603787,10.3996450922489,-6.35411008350312,3.1652345851978e-07,1.42443694950032e-05,6.64337888175442,"Gabrg2"
-0.21110897859531,11.6345866549424,-3.15813068819802,0.00334913528962423,0.0219346613838636,-2.28272107078582,"Gad1"
0.383650916211724,6.24971633332791,3.07881335838067,0.00412350111231921,0.0258641991410769,-2.47649182409475,"Gadd45a"
0.351263674182241,7.32377260545082,2.97007666614167,0.00546413065426639,0.0319300242056378,-2.73766630363375,"Gadd45b"
0.635671456890271,7.12082783694198,6.49928070920272,2.06403696462107e-07,1.00085946274847e-05,7.06029786622349,"Gadd45g"
0.0242271847946416,7.60644740854668,0.312657914927014,0.756474071604527,0.859728813769628,-6.6542178580223,"Gak"
0.206446051820212,6.57681056923312,2.84605335101901,0.00749198107523102,0.0402364862219276,-3.02888200094941,"Gal3st1"
0.29547739582238,6.22336394171256,2.800984440562,0.00838982780115234,0.0438444576178355,-3.13285681664908,"Galk1"
-0.00621766722537481,8.26877986733586,-0.0936947770586645,0.925908440153726,0.958851607666679,-6.69928305899478,"Galnt1"
-0.00224965586097304,7.10813456365387,-0.0333914341945578,0.973560135291446,0.985678330109368,-6.70317028978567,"Galnt11"
0.295010416785214,8.58951902351301,3.62470108170199,0.000946662164048468,0.00828107061711466,-1.09385109321985,"Galnt2"
-0.112918160466734,7.5793434146873,-1.23735063286897,0.224539854559804,0.419390550572256,-5.94447902743091,"Galnt9"
-0.18630774953466,7.85862948865541,-2.74349381506258,0.00968123777176217,0.048531294317094,-3.26400115080941,"Galt"
0.336131336030569,6.58215266896286,3.98136616360706,0.000346962835119633,0.00382037899019282,-0.138391759763676,"Gamt"
0.120320052214742,7.18819942467679,1.01479258350875,0.317461084308862,0.523530493188225,-6.18928183466802,"Ganab"
0.0664632509421078,5.52160090309431,0.490870990973579,0.626710426005881,0.768062482600685,-6.58194252684131,"Ganc"
0.122147475414535,9.57004107248887,1.48196028071475,0.147675049999373,0.321351220797106,-5.62503239389696,"Gap43"
-0.0283389014641364,9.67270942385409,-0.322061940884305,0.749402246082127,0.856386931110847,-6.65119901036792,"Gapvd1"
-0.332674219502633,7.31768786231316,-2.82048271119349,0.00798969851086434,0.0422875905508835,-3.08799811698336,"Garnl3"
0.0777135405154529,9.35572449664055,0.950956926384154,0.348421067458568,0.550638496770152,-6.25113225968321,"Gars"
-0.0649828083778182,7.7111026094671,-1.04231817512643,0.304710542390803,0.510257566523383,-6.16144725693869,"Gart"
0.198022158085641,7.5531395097331,2.2003497233545,0.0347640163137591,0.12149337094268,-4.41169220709477,"Gas2l1"
0.160652861766304,8.0320640107589,2.17578573886945,0.036705885083772,0.12575256690045,-4.45931967224704,"Gas6"
-0.13421687231656,7.91431726477705,-1.55670450941034,0.128916401055403,0.296593177271699,-5.51733695131383,"Gas7"
0.07429265442601,6.05300154567679,0.973506183778105,0.337262702024958,0.542244923260371,-6.22971732800798,"Gas8"
0.0358701317959799,6.05871293122653,0.400635720216338,0.691226060010801,0.817316065799406,-6.62250644981909,"Gata2"
-0.0506971696083365,8.47976361801616,-0.585449744247742,0.562159467380021,0.726211712928111,-6.53075228848491,"Gatad1"
0.45480836867878,8.37008376796845,7.39292092996132,1.54175459358577e-08,1.2319374802137e-06,9.58983322022511,"Gba"
-0.0680318475605459,7.09940169414908,-0.971616141069964,0.338188662041715,0.542564414816854,-6.23153050280225,"Gba2"
0.148291711298452,7.80885925728783,1.26020305775579,0.216283525012727,0.409669224419081,-5.91682874004238,"Gbas"
0.00966188126191383,7.87925165923043,0.13960411058843,0.889806756861987,0.938547879097328,-6.69385188610496,"Gbf1"
1.3411663400854,7.04929458585665,5.77467258783846,1.76376369735436e-06,5.59412599104278e-05,4.96941001852375,"Gbp2"
-0.0955325543377929,2.53777685782183,-0.214443413064055,0.831498229634986,0.902938323008018,-6.68042339235768,"Gbx2"
-0.113546257372226,8.55321728324456,-0.782947715144363,0.439144896972454,0.632022749837924,-6.39560272839341,"Gcc2"
0.00446061873894433,6.39986777125089,0.0556229028997586,0.955971858881095,0.977685273643756,-6.70216644649587,"Gcdh"
0.172308205095783,8.01894436631352,2.52995303369409,0.0162720407022223,0.0706803628435032,-3.73573933101393,"Gclm"
0.159310160234723,8.00620548664637,2.29003900013037,0.02842946426634,0.105109815465654,-4.23444909594214,"Gcnt2"
-0.293107574708255,9.74981500955911,-3.80277219077067,0.00057553516924262,0.00570220797345881,-0.621142036921284,"Gda"
-0.188053318338474,10.5095312580251,-3.69697042822409,0.000774236522800537,0.00711528727979941,-0.903117693218112,"Gdap1"
0.102250012862176,7.66907532969984,1.49605595772569,0.143979372738371,0.316552475452855,-5.60507573998541,"Gdap1l1"
-0.114554805770681,5.70222213773644,-1.15147373697178,0.257670254522748,0.458591261188628,-6.04424045661063,"Gdf10"
-0.11996789606181,12.8162428989891,-1.40387657624568,0.169536799701037,0.348542226209675,-5.73256950195453,"Gdi1"
0.0642331490654021,6.81860417479253,0.710425422093529,0.482345502122118,0.665040915040573,-6.44963221826599,"Gemin7"
2.69168919170944,9.53425181519839,10.6698024409451,2.51687878562927e-12,4.23087323864281e-09,18.0317727756345,"Gfap"
0.185442956111586,7.84818714596409,2.65744331243864,0.0119635281213422,0.0571867984037237,-3.45707966835819,"Gfer"
-0.0303530704891416,8.23984026751178,-0.365571089869183,0.716977970609266,0.835618189457483,-6.63607566367604,"Gfod1"
-0.00330465282766628,5.56967414904156,-0.0166507095924903,0.986813809708487,0.991368527448773,-6.70359526778095,"Gfpt2"
0.0671179213437899,6.94297205924569,0.839477190063376,0.407138586847681,0.603428160756125,-6.34998422831136,"Gfra4"
0.0774001158370562,6.16688727344556,0.922761962717275,0.362714346472495,0.565081386858446,-6.27723980229141,"Gga1"
-0.0878016387176622,7.11046174885233,-1.05796796520723,0.297621658296965,0.503879415944751,-6.14531080590025,"Gga3"
-0.110677307435563,8.76311467916831,-2.4579852153408,0.0192934435046468,0.079425988239946,-3.8889638673886,"Ggnbp2"
-0.231351203622903,10.4260952332859,-3.76149707945773,0.000646325527042956,0.00624409891355867,-0.731520761279187,"Ghitm"
0.210867788262464,6.76871533881561,3.68970503587626,0.00079009098835547,0.00720511546885468,-0.92236317593554,"Ghr"
-0.0592032769028025,7.12618586136191,-0.648111174931037,0.521320349288433,0.697352392960628,-6.49198647231604,"Gipc1"
0.0380066385429344,7.23120488452512,0.201391751503171,0.841607259850611,0.909707446359285,-6.68317308975588,"Git1"
0.15997252671029,11.8672284622466,2.30635340167902,0.027395756866075,0.102414234155386,-4.20165420214749,"Gja1"
0.607481253215208,6.22069501741423,2.26606506244766,0.0300122359994956,0.109358169180243,-4.28233406603969,"Gjb2"
-0.0877589140081938,8.76669234270505,-1.34249302866578,0.188441990040347,0.374286315783171,-5.81347520600335,"Gjb6"
0.160580716416999,7.3710269900113,2.06337638937704,0.0468762731097294,0.149002691655372,-4.67209895525162,"Gkap1"
0.0546453250186956,6.79555338017206,0.694617062693521,0.492073726210871,0.672683058086587,-6.46073445035388,"Glb1"
-0.101446948726828,6.80406819179684,-0.662156263765872,0.512390114464525,0.690350880909592,-6.48277027643087,"Gldc"
0.0198898951347721,10.0727834659942,0.152023311976229,0.880078271497107,0.933382696773903,-6.69201573677276,"Glg1"
-0.0104920601725158,9.90652460645317,-0.212750295844333,0.832808011844886,0.903971330980146,-6.68078981215818,"Glo1"
-0.0975790068302992,6.50869984858392,-0.983155497932992,0.332561927298635,0.538660954659054,-6.22040862147663,"Glra2"
-0.280505661499614,9.53140693909845,-3.70379122476844,0.000759633236576983,0.00701617291585664,-0.885035808339613,"Glrb"
-0.168996965472338,8.6429461544196,-2.62698672624755,0.0128842854889375,0.0602740739524229,-3.52446772133899,"Glrx"
-0.117023803026774,9.37243482761975,-1.00269511115578,0.323179031783469,0.528981453191832,-6.2012937357279,"Glrx2"
-0.458851058913124,6.41741423665901,-6.24373406997064,4.3850403212485e-07,1.78336760806905e-05,6.32556855998995,"Gls2"
0.333993230105039,7.55795962171189,5.02471516156608,1.64417677379549e-05,0.000331101300583395,2.7999225461848,"Glt25d1"
0.216893218416377,8.53990825780727,2.38105645979769,0.023082445675196,0.0898184981018623,-4.04936028727622,"Glt8d1"
0.0394574721153582,7.38101913633361,0.573988455242865,0.569800673390065,0.731357799925197,-6.53742584163973,"Glt8d2"
0.60376959168167,8.32274547474081,5.68035453097929,2.33543292750989e-06,6.92799309025433e-05,4.696099000743,"Gltp"
-0.0550581700941989,10.3424045097286,-0.843642085854914,0.404839317283902,0.602065667078359,-6.34650257811062,"Glud1"
-0.122072892477698,10.4372708294793,-2.09019043475891,0.0442475093306441,0.143887187709399,-4.62212460388936,"Glul"
0.224182103111607,7.23176506937194,1.61938567267875,0.114719508712334,0.274445200396728,-5.42350413922579,"Gm1673"
0.0994276834160902,5.59890569709084,1.08305856582563,0.286498315983755,0.490931365105701,-6.11897150971198,"Gm266"
0.0871262603907819,8.29440553349323,1.2480910503419,0.220630578817078,0.414236786662146,-5.93154100609788,"Gm2a"
-0.145005408513793,5.32825962699686,-1.94376945434616,0.06034199719599,0.177437138110424,-4.88887685714288,"Gm527"
0.0465958747869211,8.25302560397704,0.374077880348256,0.710698106138112,0.832145472313559,-6.63289684881647,"Gm561"
-0.292410343883009,8.26046821828953,-3.29851538706798,0.00230572071640515,0.0164233751028688,-1.93343304558068,"Gmcl1"
0.203791796175453,6.5006558842672,2.65349157297334,0.0120794570591178,0.0574685867444632,-3.46585170264816,"Gmds"
0.152995279316984,8.34892708352704,2.80418887607837,0.00832280762768819,0.0435845471094824,-3.1254976272381,"Gmppa"
-0.139233503269401,7.78596645951212,-1.57061942329558,0.125647235809449,0.291202846956602,-5.49678142138735,"Gmpr"
0.102692980835453,7.23960210975176,2.04778120978769,0.0484675235623561,0.151698268406486,-4.70093538004476,"Gmpr2"
0.0749787799243982,9.16449257877977,1.07497696958287,0.290048635482375,0.495499752282391,-6.1275181704692,"Gna11"
0.0932871601085224,7.4153444585544,0.954347154509711,0.346727937430651,0.549475641790319,-6.24794289602698,"Gna12"
0.0719254242909918,9.46739335608608,0.731333258467624,0.469648591207816,0.655350815014116,-6.43457664804833,"Gna13"
0.0943760986346443,4.57802115739489,0.712596611017178,0.481017968123838,0.664237624714386,-6.44808845875403,"Gna14"
0.444624218436436,9.46544502916292,5.45018911144597,4.6357066588721e-06,0.000118070043841879,4.02914800926667,"Gnai2"
-0.146102983178182,9.90524990842987,-1.22071403477579,0.230696979512325,0.426937566121341,-5.96431828737719,"Gnaq"
-0.0293574400506428,11.6379772411555,-0.328662779669608,0.744451496089834,0.852319654300995,-6.64902693657764,"Gnas"
-0.0775533204123347,8.65642499603308,-0.69368107683079,0.492653148938554,0.67329263688269,-6.46138418819037,"Gnaz"
0.233134859240935,9.68358088787176,1.73848279193278,0.0912885205239767,0.235015139313636,-5.23658739887221,"Gnb1"
0.0485014986110163,5.06532059005469,0.600411323701233,0.552263103172586,0.720864296694725,-6.52184622621681,"Gnb1l"
0.237276212734956,9.49294089147977,2.43194189171565,0.0205074890303623,0.0831491954002965,-3.94366202834432,"Gnb2"
-0.152297141997341,7.71627729711797,-2.17134289230637,0.0370672442023332,0.126732279669401,-4.46789126972953,"Gnb4"
-0.224372594427336,9.6253201112673,-3.58273265582726,0.0010632748760852,0.00899680402700953,-1.20387880896715,"Gnb5"
-0.0416065814880768,6.8459457782891,-0.501032510403383,0.619616884769813,0.763876128859297,-6.57686705135534,"Gne"
0.146671542829601,9.63744030153752,1.23247507603721,0.226331430353967,0.421190796278649,-5.95031854365798,"Gng10"
0.150910804720007,9.00887275340451,0.884879421529178,0.382514160620992,0.582203357216812,-6.31114124249931,"Gng13"
-0.124088940714113,9.50877482481381,-1.49599223777655,0.143995910903996,0.316552475452855,-5.60516632602981,"Gng2"
-0.142787875735145,9.65361147314287,-2.10298211520461,0.0430398934960259,0.141190492460231,-4.59811010960806,"Gng3"
-0.191116986507958,8.42370501890591,-2.35712587298838,0.0243920418424134,0.0938458222986748,-4.0985231713353,"Gng4"
0.196864356105141,8.22843230575539,1.44277258697219,0.158348313180033,0.333842200404226,-5.67964297527818,"Gng7"
-0.08867206477563,4.08881462470908,-0.351398472863423,0.7274848086806,0.843186828355841,-6.64121056567851,"Gng8"
-0.0871373540563926,7.61180169453866,-1.26590588364477,0.214259202204186,0.40804598425046,-5.90985691759772,"Gnl2"
-0.0493278472437081,7.60924121798859,-0.794338330566041,0.43257667843698,0.625963899385277,-6.38665662641234,"Gnl3"
0.106913683819762,6.95011088881754,1.44614428270677,0.157406606882814,0.332134526573234,-5.67499491290014,"Gnpat"
0.0392280110421562,6.68985020471022,0.428740798876754,0.67084981162576,0.800534908748287,-6.61074263353997,"Gnpda1"
-0.0266494292604876,8.34139377178816,-0.322344861429542,0.749189827219476,0.856338236325435,-6.65110681063737,"Gnpda2"
0.0903249271236624,8.05497763314672,0.925061528373777,0.36153440846355,0.563765622103179,-6.27513841010408,"Gnptab"
0.197849895613489,9.35361595438289,2.16795413189879,0.0373449933987841,0.12742273458056,-4.47442038491703,"Gns"
-0.0428161430288252,6.93810276453863,-0.623367819508579,0.537254254569319,0.710375774985075,-6.50775380771791,"Golga1"
-0.11985721228914,8.28563565210534,-1.14600884239352,0.25989283468948,0.461005826710886,-6.05036548397321,"Golga2"
-0.0690135673828925,7.38689710857796,-0.816927798007866,0.419727958978526,0.613888659260066,-6.36854742503411,"Golga3"
0.0504798764097822,7.57995710203743,0.461251453954703,0.647592083254364,0.784107293121671,-6.59615171327585,"Golga4"
-0.0632535731069199,7.34146846176228,-1.40476777296326,0.169273681252704,0.348542226209675,-5.73137117547464,"Golga5"
-0.116366804334824,9.51893142169644,-2.33495287037664,0.0256651223543328,0.0979040938221637,-4.14375966933966,"Golga7"
-0.0388602436793847,6.84565621074887,-0.454047934347335,0.652715530971055,0.787286396241815,-6.59947549810111,"Gorasp1"
0.0464798907986584,9.8527149405411,0.606809789285308,0.548058270384988,0.717885157805582,-6.51797033344968,"Gorasp2"
0.246351982758558,7.00595402289379,1.79043431149902,0.0824040953268549,0.219642628294571,-5.15159137174398,"Gosr1"
-0.0267124472932838,8.83103366687727,-0.307951530662081,0.760021335752194,0.861192843236533,-6.65569529587693,"Gosr2"
-0.20865113887024,9.62618206443278,-2.08244698307128,0.0449929742689797,0.145541737805301,-4.63660725991881,"Got1"
-0.135300359461858,10.5237115814732,-1.68571967139706,0.101121819687218,0.252579166261833,-5.32077398774255,"Got2"
-0.207076921845557,4.89629636727945,-1.91597735059605,0.0639136109512492,0.183970513714127,-4.9377820302012,"Gp5"
0.0983572656446545,6.80447821506223,0.892476795411585,0.378488691255917,0.5798577340906,-6.30445076623474,"Gpaa1"
-0.186940058405782,6.30787255404271,-1.86673419936739,0.0706906922276173,0.196957547460704,-5.02304574293858,"Gpatch2"
-0.192010534003846,9.9562859776805,-3.91417899004493,0.000420046148057089,0.00443157473776548,-0.320946348819707,"Gpbp1"
0.29812677309861,7.72510047703237,2.89451245735507,0.00662746909397445,0.0367682361286173,-2.91597124545726,"Gpc1"
0.326513382812011,3.98513144556855,1.3404191433148,0.189108044209952,0.375165958674582,-5.81615217081791,"Gpc3"
-0.539317484996008,7.59959202889877,-4.17253575609838,0.000200505142729322,0.00248439173165595,0.386671230478727,"Gpc5"
0.1840018801442,7.84496372415544,2.65630903471588,0.0119966976175532,0.0572368458706914,-3.45959839117999,"Gpd1"
-0.0786297983590342,9.89843603842581,-0.739899032575816,0.464503020537534,0.651879702842047,-6.42828640847037,"Gpd2"
-0.1372199783995,9.60683714602697,-2.51402246868278,0.0169007762544269,0.0725984792598595,-3.76991572994455,"Gphn"
-0.29118242478353,12.3603107466568,-3.45068563448207,0.00152779297775099,0.0121126776565217,-1.54633392203824,"Gpm6a"
2.21373487733045,6.13664729546132,7.45530601154012,1.29002482056704e-08,1.08426586168659e-06,9.76353639045687,"Gpnmb"
-0.0549551191289535,6.69622765573257,-0.553007852041772,0.583921150166302,0.741928536227931,-6.54930693975857,"Gpr108"
-0.174022148543364,7.44803052041203,-2.06954195754254,0.0462599505642689,0.148025971253558,-4.66065189662625,"Gpr12"
0.00169585801417109,8.18339412527577,0.0246495361429782,0.980480408643607,0.988226680863712,-6.70342768147439,"Gpr123"
-0.308369550740651,7.944178648173,-4.60681442321128,5.65531534752314e-05,0.000908272461705707,1.60475400638504,"Gpr135"
-0.00544936658801777,7.31819410920288,-0.0803248189326043,0.936455739654322,0.964178500423999,-6.70046309074472,"Gpr137"
0.00840719345401622,6.64555166686479,0.133145958732266,0.894872662515377,0.941745166332439,-6.69474497439588,"Gpr146"
0.164252768541737,4.34206119541773,1.17190966362012,0.249481122877966,0.449259860135321,-6.02109796084978,"Gpr151"
-0.194544545963834,5.84904205125185,-1.06164318802381,0.295973724692928,0.502388250968171,-6.14148870174471,"Gpr158"
-0.114944828881982,8.48866031509715,-1.4320503016623,0.161372671967498,0.338943100679756,-5.69436060625685,"Gpr162"
0.835482100782685,7.41380964302361,5.21988938028508,9.20372449144055e-06,0.000213891164102925,3.36282037460196,"Gpr17"
0.0122439527267518,7.35532163229959,0.235149706254839,0.815520664934308,0.895216857086889,-6.67570794027116,"Gpr19"
-0.138080896299957,8.57102796823465,-2.06128318362177,0.0470871496392631,0.149243654055203,-4.67597923470929,"Gpr22"
-0.244152160215563,4.16623745659507,-0.914095238094176,0.367183975440982,0.569270617760242,-6.28511497967403,"Gpr27"
0.442146124728201,6.82256992866471,3.17586566322596,0.00319599690228606,0.0211514598139483,-2.2390331527775,"Gpr34"
0.188093585903541,8.95787770799184,2.27530429036813,0.0293931125001328,0.107724902862042,-4.26392330244366,"Gpr37l1"
-0.0972846824205435,6.07289799949608,-1.51431133491904,0.139303640950521,0.310295168424681,-5.57898488991139,"Gpr45"
-0.076710008443102,6.20608002926324,-0.879022625067927,0.385636038926991,0.5838374495073,-6.31626167364246,"Gpr68"
0.111428038093819,7.92233050773737,1.73803822917168,0.0913678929443941,0.235015139313636,-5.2373057701913,"Gpr83"
0.0363509852579143,9.14017846951438,0.554872215569238,0.582659515483796,0.741072367360602,-6.54826874276915,"Gpr85"
-0.0578483282887599,6.74584503902784,-0.958918276459957,0.344453732586404,0.547456720275208,-6.24362560148948,"Gpr89"
-0.228016267976746,11.105744800769,-2.49989685416877,0.0174768284968468,0.0742507549364773,-3.80009744258904,"Gprasp1"
-0.077345104958449,8.15497823483911,-0.754429966801308,0.455849515363364,0.645345710260755,-6.41745368919497,"Gprc5b"
-0.0499036646141656,7.71499434623556,-0.395419287817128,0.695034415778856,0.820152577264507,-6.62460301163538,"Gprin1"
-0.0326300920583393,8.92503342436838,-0.564866429653005,0.575919091124385,0.735839872444964,-6.5426448693762,"Gps1"
0.0246197387581798,5.71403494039038,0.281704626916756,0.779898825550938,0.872516103918765,-6.66352599936717,"Gps2"
0.110433508105443,7.75888201201624,2.12942581276799,0.0406353705832208,0.135352822887175,-4.54811222091802,"Gpsm1"
0.318359158087254,8.40717725290317,4.98680659557038,1.83998559684752e-05,0.000362462787691487,2.69086508678402,"Gpt2"
0.44325312744196,9.85778315233738,3.48725485896854,0.00138253164357104,0.011142162420189,-1.45207843839169,"Gpx1"
0.422043869476196,5.92871752686859,4.58988013765383,5.9438832155351e-05,0.000951587398601381,1.55672006889198,"Gpx3"
0.248724296949764,10.9841632167833,2.04397945297281,0.0488625495582643,0.152709564461472,-4.70793939065708,"Gpx4"
0.607385095969448,6.22005198805273,4.44400714037942,9.1140500766446e-05,0.00130946309220851,1.1445781640314,"Gpx7"
0.119709558447888,9.50753607391468,1.1760368933074,0.247850569384426,0.448223558887422,-6.01637862330524,"Grasp"
-0.0364977425429237,7.30989991967189,-0.441192796707227,0.661901195399845,0.793605255058968,-6.60527859235932,"Grb10"
0.176775674086274,7.74483114875941,1.74688573538555,0.0897991184197758,0.232180636820895,-5.22298030458757,"Grb14"
-0.103815420783228,4.98150126006481,-0.849461080518416,0.401640507571493,0.599784743761634,-6.34161054820756,"Grb7"
0.229628090388583,9.89329020309667,2.40641907041815,0.0217644110669818,0.0865598777687612,-3.99687332318346,"Grcc10"
-0.10313531543298,7.72242541914474,-1.68929164703029,0.100429348969146,0.251597221486041,-5.31514337254566,"Grhpr"
-0.018481138260477,10.9412035880383,-0.217475347722265,0.829153972934282,0.901870051164849,-6.67975999208821,"Gria1"
-0.267852717773779,11.7490525770381,-3.7280271142283,0.000709874088612976,0.0066913925773369,-0.82067715761919,"Gria2"
-0.454814192487533,9.08021204976172,-4.71963552076956,4.05666100926378e-05,0.000698216432413558,1.92566779563456,"Gria3"
-0.114876580453807,5.67882723405842,-1.08062807597399,0.287562812939953,0.491919696626928,-6.12154813702085,"Grik1"
-0.030077873986115,5.46164045982617,-0.290827489145182,0.772971995592351,0.868724927357522,-6.66088284856787,"Grik4"
0.0399425451385042,7.21425687210473,0.325596382491258,0.746749992365215,0.854517860562237,-6.65004141167058,"Grik5"
-0.276216059322588,7.31119580057298,-2.16346036569222,0.03771616499591,0.128168881451735,-4.4830667067296,"Grin1"
0.0964359018625967,10.761501549424,1.42196170122608,0.164259745209907,0.342710102502415,-5.70811986933161,"Grina"
-0.0198937897694948,6.97309399722662,-0.232076012816036,0.817887531811867,0.895680091840879,-6.67643527952326,"Grip1"
-0.105704273605848,8.06622123772294,-1.32171962124659,0.195195758137587,0.383920518052984,-5.84012160721123,"Gripap1"
0.17659481114094,7.38753065619293,2.25640715794861,0.0306719112859044,0.111439804477533,-4.30152060259522,"Grm1"
-0.0787362514634502,7.86348724570624,-1.27523626568644,0.210978057152534,0.404728526616818,-5.8983887597905,"Grm7"
1.23897027500105,9.98561610876338,9.57304125562882,3.99816240411886e-11,2.52034162549643e-08,15.3709143716963,"Grn"
-0.152710178165172,7.16698209764923,-1.2308239842951,0.226940551763409,0.421998968489259,-5.95229131100957,"Grp"
0.084517464057637,8.3750769608821,0.859461990872372,0.396179981807511,0.593740162928761,-6.33312760314548,"Grpel1"
-0.160207077736059,10.2440042332143,-3.48147445610411,0.00140457293107151,0.0112344357076859,-1.46700761279448,"Grsf1"
-0.0868743784499168,7.48621913239207,-1.36484530097194,0.181377651530911,0.366167933014565,-5.78438785941259,"Grwd1"
0.0555344401621117,7.28277972683701,0.388807491261623,0.699873055228077,0.823230719223755,-6.62722127394012,"Gse1"
-0.0921111311660352,9.27028966815081,-0.972031333244944,0.337985107111947,0.542564414816854,-6.23113248168435,"Gsk3b"
0.0387384474203215,9.39803632466446,0.785194673469102,0.437844503032823,0.630871379655579,-6.39384783888078,"Gspt1"
0.0720432649586038,7.50200991539961,0.679051307559147,0.501759214176646,0.682040894095101,-6.47142914024891,"Gspt2"
0.107019492812501,8.44218031074224,1.27501445456972,0.211055616661149,0.404728526616818,-5.89866227813896,"Gsta4"
0.051617448423555,7.13967361432454,0.561232315890985,0.578365601629554,0.738404488358948,-6.54470122894625,"Gstk1"
-0.0590210924080554,9.90886029765103,-0.752984775235634,0.456705893968029,0.645705536822402,-6.41854018932793,"Gstm1"
0.159944852630763,5.33783501217185,1.18524678379847,0.244240134952625,0.443542408759409,-6.00579245955252,"Gstm2"
0.0932637951378611,5.9529004180082,1.40511658073823,0.169170785843111,0.348542226209675,-5.73090197566674,"Gstm4"
-0.131373899860963,10.3112452433277,-1.15466560988193,0.256378506641236,0.457022555316985,-6.04065058141218,"Gstm5"
0.175946293671365,4.93909270119857,1.82902995037172,0.0762878066200242,0.207061038097299,-5.08711465867471,"Gstm6"
0.00606394114237392,9.10001165816473,0.111644274205764,0.911770150964299,0.95138772425263,-6.69741388433218,"Gsto1"
0.186057401738473,11.1142400763674,1.81427830659942,0.0785782848764922,0.211344155003813,-5.1118912725123,"Gstp1"
-0.14506062211296,6.7601875874338,-2.10276783824064,0.0430598805083948,0.141190492460231,-4.59851330495074,"Gstt1"
-0.174268011407424,4.53820588535604,-0.870161492265126,0.390390163158849,0.588209618407552,-6.3239470024836,"Gstt3"
-0.0287936686646936,6.74448935042368,-0.362490448084551,0.719257124668336,0.837887197898456,-6.63720894808821,"Gstz1"
-0.576492177725458,8.45444985965324,-7.60249170254191,8.48526689096066e-09,8.51658350017431e-07,10.1716484924748,"Gtdc1"
0.0792715071607798,7.54931759123559,1.38461600587915,0.175301960965177,0.356902619760754,-5.75830261734662,"Gtf2e1"
0.157596468724631,7.32625489521783,1.3147348867321,0.197507819093984,0.387410319599752,-5.84899709712617,"Gtf2e2"
0.0361428164185123,8.01986935219681,0.609381976332231,0.546372596160112,0.716421477492316,-6.51640089878111,"Gtf2f1"
0.0913764184419086,6.66036723544171,1.21629902205292,0.232351825605425,0.428898336942957,-5.96954203378408,"Gtf2f2"
-0.0545008028392812,7.57967918617037,-0.705738244264328,0.485218476763182,0.667635902309989,-6.4529493153864,"Gtf2h1"
0.11849266813628,7.27914869816776,1.36132638235977,0.182475970969471,0.367209226496027,-5.78899557036098,"Gtf2h2"
0.209974085475674,6.13064243828974,2.51464186285265,0.0168759199266007,0.0725535074082246,-3.76858965143429,"Gtf2h3"
0.072664875118733,8.07840804023722,1.59929100885665,0.119123992418758,0.281246392213387,-5.45393130654175,"Gtf2h4"
-0.303441786615109,6.37078979101086,-3.48364243064715,0.00139626684203277,0.0112123784782982,-1.46140966744763,"Gtf2ird2"
0.202170442348087,7.85544529246751,2.77658787305936,0.00891685347200345,0.0458854000605239,-3.1887149433357,"Gtf3a"
-0.034828988654823,7.24404381266343,-0.452703276585271,0.653673817553099,0.787688664736029,-6.60009021598382,"Gtf3c1"
-0.142576222093651,7.87417833128104,-2.01103845289337,0.0524051749576099,0.160558503834281,-4.76820294984886,"Gtf3c2"
-0.143413567931457,6.78157386428879,-2.46903564215369,0.0187984301045928,0.0782828100887376,-3.86563342365705,"Gtf3c3"
-0.102810305393086,7.17499444818325,-1.38736994567411,0.174468390698748,0.355636254767093,-5.75464258241835,"Gtf3c4"
0.0245425286728954,8.37842132510949,0.351506598747238,0.72740444365736,0.843186828355841,-6.64117215308167,"Gtl3"
-0.213391361164421,6.69674537002146,-2.68165032811414,0.0112755897852084,0.0546757685450055,-3.4031616680115,"Gtpbp1"
-0.0855873506311308,8.10445248198884,-1.05176074986782,0.300419442356238,0.505664284552619,-6.15173796089333,"Gtpbp2"
-0.101984627667337,6.31266432083749,-1.21777032211576,0.231799373754177,0.428231390935662,-5.96780314580242,"Gtpbp3"
-0.0945784430536878,8.49385784072675,-1.53459925968098,0.134251473083812,0.304068169285334,-5.54966636622094,"Gtpbp4"
0.0350034505243198,6.19116737055383,0.42551809489863,0.673173842725502,0.801988114543989,-6.61213158608352,"Gtpbp6"
-0.0849213608017812,6.62914907284024,-0.724520004416454,0.47376481277332,0.658725103616172,-6.43952929080086,"Gtpbp8"
-0.427282211735401,8.6028624846731,-3.19643121471301,0.0030267634761177,0.0201904341402931,-2.18821064159639,"Gucy1a3"
-0.188720597310192,9.57817795696791,-2.00089675887855,0.0535401336262177,0.162261354493399,-4.78660265807507,"Gucy1b3"
0.100767529728742,9.12400717110227,0.785222521003256,0.437828401220766,0.630871379655579,-6.39382605937299,"Guk1"
1.00094077111175,7.23568038548163,8.92106858959835,2.22910202031152e-10,8.6472011449469e-08,13.7085631071867,"Gusb"
-0.0275776793541191,2.03036776336574,-0.137841105518576,0.891189236613045,0.939044571717423,-6.69409988156522,"Gyltl1b"
-0.2074389752794,7.4483962756181,-2.39746707130965,0.0222216058352152,0.0875496548648361,-4.01544379513383,"Gzf1"
0.197636862768094,7.7323920380063,2.1876286138616,0.0357579189433891,0.123936209781107,-4.43640716478483,"H13"
-0.0569216516916603,8.74277524394187,-0.990742577119793,0.328896993810616,0.535614276327547,-6.21302855204883,"H1f0"
0.150808565403474,6.43647589777443,1.19233104874494,0.241489353521627,0.440445139171634,-5.99759796262565,"H1fx"
0.209616774043527,6.48231780142273,2.75660463048365,0.00937138753753789,0.0473660848989639,-3.23424250660799,"H2-DMa"
0.156934156738823,6.80662707380815,1.63730665264682,0.110905262082025,0.268247115913503,-5.39609520673658,"H2-Ke6"
0.171990280968272,7.85555051388439,2.54063852095147,0.0158624234654923,0.0694997406919877,-3.71273384448476,"H2afx"
0.158834708380313,8.28101702282433,1.71288367380657,0.0959543300698184,0.243330058388419,-5.27770340346377,"H2afy"
0.0561952455536172,10.8429108422835,0.532790521200121,0.597687083569573,0.750626089592264,-6.56034481950147,"H2afz"
0.0111776610710363,4.82557120244897,0.0601182832936657,0.95241780111083,0.975435209383005,-6.70190252438193,"H3f3a"
0.20440559822826,3.60621126148349,0.675968548252578,0.503689843300502,0.683192006391725,-6.47351923908743,"H3f3b"
-0.0789140070804983,8.57764493164913,-1.43109260582963,0.161645005791438,0.339352100932006,-5.69567044483142,"Habp4"
-0.239176996140128,6.30357192200197,-2.1278483682247,0.0407753993629754,0.135657203264368,-4.55110805333942,"Hace1"
0.0838590974442013,9.46863393695267,1.11765853473785,0.271645573426126,0.473525277147582,-6.08170768723868,"Hadhb"
0.0835573568989502,10.1444364361407,1.11346250587752,0.273416891574738,0.475307955790071,-6.08628473996951,"Hagh"
-0.0230469511323651,10.560581457875,-0.223716013948381,0.824333786822962,0.899808503668441,-6.67836527837481,"Haghl"
0.114367170018372,7.52944221061058,0.866551897622645,0.392337389343613,0.589944693432967,-6.32705631226198,"Hap1"
-0.0104020762135035,6.40934475859585,-0.161569529959925,0.872613072435007,0.929915098041618,-6.69049819701625,"Hapln2"
-0.0658110269693676,7.35863863192421,-0.443616222377841,0.660165402758511,0.792670030026469,-6.60419719976115,"Hapln4"
0.0117002842952762,6.70844100498111,0.161802020361664,0.872431408472952,0.929915098041618,-6.6904600878626,"Hars2"
0.0345305573756147,7.43827658038961,0.527479235298898,0.601328941588747,0.751305440424651,-6.56317756901708,"Hat1"
0.147068171030953,9.78986696032065,1.4861567989685,0.146566945786426,0.320053805280169,-5.6191082343129,"Hax1"
0.319615966451072,3.8208949873402,0.981376552363255,0.333425220619544,0.539449274168868,-6.2221312860827,"Hba-a1"
-0.0804954734281764,5.48709122776972,-0.530463214718146,0.599281588684305,0.750902469605045,-6.56158951199721,"Hbb-b2"
-0.1516241846877,8.28978019340675,-2.51019874695222,0.0170549672017922,0.0728883047446085,-3.77809713990431,"Hbp1"
-0.214031647318201,8.32838792658142,-2.4187715924101,0.0211475865985629,0.0848427042295567,-3.97116908486163,"Hbs1l"
-0.113057170047389,8.02769522700494,-2.12242959769194,0.0412596807954593,0.136620203710769,-4.56138637617948,"Hccs"
-0.037970140745099,8.05715891789448,-0.355831658700229,0.724192403072709,0.8411106146236,-6.63962602274064,"Hcfc1"
-0.0308626721653363,6.86152173290837,-0.340479655961988,0.735616254364398,0.8461936064689,-6.64502915013593,"Hcn2"
0.214717600863998,7.34296128069866,3.51083878661276,0.00129600751800441,0.0105756729988612,-1.39105075602597,"Hdac1"
-0.15822382504808,8.71085457854622,-2.38874836470841,0.0226752568945311,0.0889201559246658,-4.03348354106424,"Hdac11"
0.0341460554253714,9.31221452106362,0.636846779144183,0.528542614510827,0.704025463544136,-6.49923879592291,"Hdac2"
0.00534291772088921,8.03650847304522,0.0730888636843362,0.942169033294112,0.968322651297917,-6.70102614209403,"Hdac3"
-0.121539825730764,8.44633657600736,-1.25641689195179,0.217635420712241,0.410616264309206,-5.92144161251038,"Hdac5"
0.00915852647715238,6.72779340454422,0.108322200169193,0.914384791236854,0.952486523031785,-6.69778445621548,"Hdac6"
0.0980595644010469,5.46253830931311,1.00750586638853,0.320896844844922,0.5264420262046,-6.19653323275543,"Hdac8"
0.478739444918738,4.38452543793509,1.94892922956781,0.0596982779256057,0.175851878258662,-4.87973566110035,"Hdc"
0.154607496634892,9.56427258282213,1.44819473794013,0.156836092004133,0.331485503762297,-5.67216357763181,"Hdgf"
0.0625801208479001,7.26207455516406,0.970063443378747,0.338950627216849,0.542564414816854,-6.23301756225342,"Hdgfrp2"
-0.00237431107870667,5.62866091218351,-0.0282387477029998,0.977638895262452,0.986638572905452,-6.70333138403614,"Hdhd3"
-0.0705938453735411,9.14379903369192,-0.916418264286019,0.365982431860533,0.568241811537151,-6.28301104765143,"Hdlbp"
0.133887101059196,7.01026955714631,1.80268631585547,0.0804189610079572,0.215830447345513,-5.13124570213855,"Heatr1"
0.0704772321441793,6.22675508595699,1.0324976564072,0.309218307938447,0.514831593031007,-6.1714581671245,"Heatr3"
0.278508739510987,8.12595608301136,2.23236245173562,0.0323711141200841,0.114963048244778,-4.34902686754923,"Hebp1"
-0.148529060021487,7.53399883320474,-1.78618164127069,0.0831027734184095,0.22068840776674,-5.15862666559942,"Heca"
-0.252322365151741,6.90188884333864,-3.0720236676328,0.00419714892908162,0.0261289918024378,-2.49295360926438,"Hectd2"
0.0036984995381972,5.91088626263625,0.0447047582924246,0.964607432711347,0.98100988370632,-6.70272209677445,"Helb"
0.092146725297377,8.12088108432854,0.821112938038377,0.417373469183026,0.611864652642442,-6.36513877628441,"Helz"
-0.0417226351442774,6.64984423357593,-0.457950172956652,0.649937947861273,0.786004093780431,-6.59768137377532,"Hemk1"
-0.0956352864670248,8.21984650653626,-0.952733044684081,0.347533363924358,0.549924930740678,-6.24946271284914,"Herc2"
-0.233208174868017,7.3833423457551,-2.05530215433159,0.0476943000740432,0.150289534247505,-4.68704980814382,"Herc3"
-0.103526985239246,7.43776693789076,-1.57732455173873,0.124096206775859,0.289194626049287,-5.48682017156488,"Herc4"
-0.234131160889315,9.23281776174443,-3.2796226146804,0.00242541373033886,0.0171067992197187,-1.9808926093704,"Herpud1"
0.00413548115936687,5.92623367835653,0.0433960587518062,0.96564284491469,0.9812083149113,-6.7027805838405,"Hes1"
0.0284997467190125,6.58098220837972,0.194425040122193,0.847014564885838,0.912712489469932,-6.68457033796785,"Hes5"
0.118003036579383,6.667058919983,1.130502167105,0.266274840064248,0.467719964626959,-6.06759864418264,"Hes6"
0.588343362001622,8.66558525975701,5.59341241129638,3.02563807762377e-06,8.38367737662455e-05,4.44412802664514,"Hexa"
0.659423282616465,10.4724568126519,5.0158994915025,1.68777661631618e-05,0.000336421244113933,2.77455208706495,"Hexb"
0.0354142581028096,6.16599548458899,0.456556865474452,0.650929112501395,0.786260003435817,-6.59832371219218,"Hexdc"
-0.227195403696549,5.98552775792721,-3.81653182993651,0.000553657121432247,0.0055288967591739,-0.584242199959328,"Hexim2"
0.0593648816994741,8.09928913913053,1.27336946668786,0.211631483426442,0.404728526616818,-5.90068938963911,"Hey1"
-0.127647562519521,7.18015380297655,-1.34434888362341,0.187847493611071,0.37354688891192,-5.81107652854559,"Hgs"
0.0704716863741308,9.57034361050522,1.25723369331962,0.21734323611814,0.410616264309206,-5.92044753002488,"Hibadh"
0.0643863628720341,8.95458096446857,1.14499057027484,0.260308495997515,0.461580782459729,-6.05150378442354,"Hif1a"
0.192405694042121,5.51270211246532,2.1362002373063,0.0400388401425901,0.133831716181081,-4.53522732982186,"Higd1b"
0.185105413843807,11.6812782590521,1.52785341858593,0.135914662270506,0.306400376321037,-5.55945252297256,"Hint1"
0.235103454359604,7.44954260847812,1.62140416642126,0.114284577362998,0.273664351206837,-5.42042983072869,"Hint2"
0.0948002932233757,6.71357752662849,0.828163710686369,0.41342526836632,0.607666461198295,-6.35935836353662,"Hint3"
-0.0177943876015773,6.70977325138612,-0.193142674750563,0.848010718959458,0.913395569353385,-6.68482218233141,"Hip1"
-0.0277685478461872,7.74138903677701,-0.418580280784523,0.678188059937311,0.806818208601995,-6.61508653109486,"Hip1r"
0.531316530573682,9.27625635089265,5.12005982737237,1.23858054449864e-05,0.000266929986577207,3.07463553425434,"Hist1h1c"
-0.0555491728411436,4.52742590219714,-0.482728444840779,0.632420766769093,0.772788448465359,-6.58593559318901,"Hist2h2bb"
0.0172560879304119,9.1792873056937,0.181241352382551,0.857267679403598,0.919218574002283,-6.68708015071461,"Hk1"
0.965585901840678,5.86207758661864,4.2685855955329,0.000151875527399228,0.00196386739660079,0.653323137061492,"Hk2"
-0.20715075224367,8.00906342702952,-2.0598238165304,0.0472346640389207,0.14939858414586,-4.6786827379085,"Hmg20a"
0.156004894976152,5.13128204821686,1.51137916024399,0.140046316186249,0.311536644255515,-5.58319417869459,"Hmg20b"
1.06668343029371,6.75082880969002,5.89947032615003,1.21691185284187e-06,4.32175103794474e-05,5.33085802020315,"Hmgb2"
0.144853333590308,8.05230123880108,1.70400338330001,0.0976188143613555,0.246515613832907,-5.29184730832898,"Hmgcl"
0.0401241131832302,11.8610156409425,0.789709711856492,0.435238501945433,0.628193407358563,-6.39030691681553,"Hmgcs1"
0.11304378238154,5.62844814906206,1.08637783223494,0.285049053752834,0.488946387100524,-6.11544395770418,"Hmgcs2"
0.303352072509121,11.1911294228924,4.34536966880555,0.000121515051728609,0.00163413441564633,0.867712538784946,"Hmgn1"
0.136059390867847,10.7820187574665,2.45982126600679,0.0192103800162517,0.0794250336854314,-3.88509246158362,"Hmgn3"
-0.00344250187765723,8.87915367203949,-0.0543291423295491,0.95699488171132,0.977826121550902,-6.70223860424465,"Hmox2"
0.0342586080072305,10.2143498438676,0.344501592914438,0.732617381193159,0.84526107728695,-6.64363649835279,"Hn1"
-0.296191274804628,10.276849142206,-2.91906946440217,0.00622601657614766,0.0352784287567558,-2.85832076067003,"Homer1"
-0.00880494862434118,9.78299200925815,-0.132651149947282,0.895260988292566,0.941899012832763,-6.69481165834967,"Hp1bp3"
-0.234430236745814,11.0910753910005,-2.60129678756008,0.0137114117863578,0.0624067235005436,-3.58091424240279,"Hpca"
0.391579592526943,8.26164650320582,3.722331615306,0.000721275339934669,0.00673591025794544,-0.835816877598827,"Hpcal1"
0.101752573047283,10.8655013873767,1.65752548424798,0.106728203104683,0.261403753403067,-5.3648644353466,"Hpcal4"
-0.299744992918517,10.2636179384378,-2.4768595691159,0.018454998159015,0.0773637204621053,-3.84907150911902,"Hprt"
-0.0999945114325446,6.59715694636311,-1.5703554251729,0.12570862538658,0.291202846956602,-5.49717287403726,"Hps3"
0.143433960402197,3.90732733652057,0.531384397503136,0.598650218796162,0.750902469605045,-6.56109748456038,"Hps6"
-0.285652476040451,5.97497359241305,-2.51721439714215,0.0167730423148611,0.0722343743756147,-3.76307967214679,"Hr"
-0.437870511449544,7.28025679547944,-5.87602559940527,1.30473877143704e-06,4.59004580449298e-05,5.26297871941144,"Hrasls"
-0.0540702829595727,7.13410640909093,-0.626582156854736,0.535169953191123,0.70836274906636,-6.5057393758691,"Hrh3"
0.0288321541029309,9.40132995849245,0.282444736822791,0.779336183190266,0.872213131786176,-6.66331469291904,"Hrsp12"
-0.203634467485503,8.60952786472361,-4.68189237969621,4.534121144796e-05,0.000759653585820805,1.81814215238797,"Hs2st1"
-0.244457273478505,7.39356061134762,-3.85898247275803,0.00049113769629388,0.00501378016682193,-0.470082084915778,"Hs3st1"
-0.875988074258526,3.41841798078356,-2.6063857347392,0.0135437713125368,0.0620356391726821,-3.56976162115778,"Hs3st3a1"
-0.073780300726711,6.26587687651349,-0.884165678943664,0.382893741950462,0.582203357216812,-6.31176698301213,"Hs6st1"
0.139192575751591,10.9059891694846,1.41643325045255,0.165858993920734,0.344147460690014,-5.71562330651494,"Hsbp1"
-0.771379330091167,8.43827242891609,-6.81913001987505,8.09000519416604e-08,4.43455393414993e-06,7.97369482803737,"Hsd11b1"
0.0619802622159825,9.17891837688043,0.492055794693185,0.625881461141088,0.767774314895283,-6.5813560183331,"Hsd17b12"
0.270982314954627,8.94613078368476,2.81002757696227,0.00820197698310489,0.0430411757812674,-3.11207541397437,"Hsd17b4"
-0.0129546586746373,7.93807566141584,-0.218007125832298,0.828742971462779,0.901693809080215,-6.67964267945689,"Hsd17b7"
-0.310536387863116,2.40018053943737,-0.892719270514498,0.378360666191739,0.5798577340906,-6.304236337611,"Hsd3b2"
0.609703963316854,6.71777050501117,5.27848459854668,7.73065569585652e-06,0.00018389479563304,3.53218563256288,"Hsd3b7"
0.119678253445733,6.5880194969267,1.39918482426216,0.170927288912871,0.350494964994885,-5.73886702269527,"Hsf1"
-0.0133782785551321,3.40502556543622,-0.030617601210631,0.975755761370712,0.986165134983185,-6.70326035841295,"Hsf2"
0.852491427546201,4.03585362315573,3.15272525057068,0.00339718161479373,0.0221916928541512,-2.29601078290043,"Hspa12b"
-0.0812341595814794,6.41244118889806,-0.518109590943137,0.607778943107101,0.755491547963793,-6.56810677065065,"Hspa1a"
-0.0385827180247892,7.91574609405551,-0.462907968587416,0.646416351757461,0.783436111971371,-6.59538007426519,"Hspa2"
0.0551596152982773,14.0227257014719,0.590451506667044,0.558841095541146,0.723737967337955,-6.52779941108547,"Hspa8"
-0.123989908992015,10.343508070139,-2.7697295392867,0.00907048159839418,0.0463449226957466,-3.20436324020569,"Hspa9"
0.826179498653611,7.88976247063204,6.30375901907414,3.67237501306846e-07,1.5694734907546e-05,6.49848221875525,"Hspb1"
1.50582384917653,7.10686840389442,8.12125313844316,1.97656341692862e-09,3.09584805209061e-07,11.5897358024378,"Hspb6"
0.710169239259461,7.33268833006931,5.59090187662131,3.04834867427723e-06,8.40044937944267e-05,4.43685230408306,"Hspb8"
0.0524084647767629,9.90040038449621,0.710384982636925,0.482370247824136,0.665040915040573,-6.44966092820013,"Hspd1"
0.149268514938074,9.54515932662786,1.22750431034156,0.228168943293364,0.423970516222709,-5.95625044011663,"Hspe1"
-0.202197158314206,6.54248864670362,-2.10837699827883,0.0425393704015869,0.140121518572961,-4.5879484720311,"Hspg2"
0.0502491270963618,7.17733192949922,0.728974347463781,0.47107138248159,0.656428013775811,-6.43629645176952,"Htatip2"
-0.144126635416857,9.02568352345066,-2.38546285616752,0.0228483783850729,0.0891829506160392,-4.04026952869738,"Htatsf1"
-0.242631314246502,6.2760138982051,-2.77982349283448,0.00884522091782862,0.0455632779250355,-3.18132407222146,"Htr1a"
0.0917202522003018,4.54183802130996,0.741849541747581,0.463335923027765,0.651530164385058,-6.42684415440267,"Htr5b"
0.0815250052435349,10.4627246068485,0.879689876972885,0.385279551141069,0.583704464396777,-6.31567995181904,"Htra1"
0.137159858673951,6.94552428141916,1.43810244118781,0.159660030649651,0.336045715595238,-5.68606521973819,"Hus1"
0.47918386189749,5.35953205331949,2.67021366787605,0.0115959039866497,0.0557997555388116,-3.42867456289921,"Hyal2"
-0.0241286337816736,8.6540813171496,-0.28748968660189,0.775504172230618,0.869697276954619,-6.66185962719565,"Iars"
-0.110372266412233,7.00535844068718,-1.53107672965261,0.135117890829504,0.305286524844618,-5.55478114776262,"Iars2"
-0.0548208787133408,6.45587157469462,-0.879403634199199,0.385432454182286,0.583704464396777,-6.31592955484324,"Ibtk"
-0.247044903608746,8.12025027746948,-3.35408540139506,0.00198554988694005,0.0145963966178407,-1.79305370970902,"Ica1"
0.500830136696172,5.51831832620443,3.75015934891316,0.000667207320133411,0.00642123380807784,-0.761757430708686,"Icam2"
0.185841991978433,8.09213250575007,1.90093633877743,0.0659215961874598,0.188263537161697,-4.96401449269909,"Icam5"
0.023151163383427,6.95828673885599,0.307857292073786,0.760092418820193,0.861192843236533,-6.65572465192756,"Ick"
-0.0106038531785816,6.63124418364047,-0.105796310289228,0.916373444190076,0.953822761413943,-6.69805872957816,"Icmt"
0.0966857643681034,8.40381240586056,1.03220264283119,0.30935443271343,0.514831593031007,-6.17175752597263,"Ict1"
-0.19398371267536,9.80571412364477,-2.20703227881671,0.0342518455634895,0.120203240902351,-4.39866643464644,"Id2"
0.0472301597681495,8.61235696976089,0.715012877591017,0.479543033709543,0.663104460957285,-6.44636507338983,"Ide"
0.317565256854751,9.07277981005434,4.49730807747019,7.79824077294933e-05,0.00117043238743998,1.29481987488488,"Idh1"
0.15499951268012,6.98521073857416,1.38265635945413,0.175897001018351,0.357757261919941,-5.76090307929083,"Idh2"
-0.165050292241199,10.5090514470308,-2.72432088007282,0.0101515658143479,0.0502778178179179,-3.30735894701661,"Idh3a"
-0.073982640902915,10.813170819078,-1.13563714570733,0.264149090019212,0.465445094677458,-6.06191598893086,"Idh3b"
-0.12361512298762,11.0426609089792,-1.90344164471275,0.0655834110282955,0.187492710779872,-4.95965658554065,"Idh3g"
-0.180040376139663,11.467382883539,-2.90091662958677,0.0065204929383821,0.0364151117256489,-2.90096444350599,"Ids"
0.382128939002973,7.08545568089024,3.59673860151135,0.00102289386591466,0.00872834816549515,-1.16722120738748,"Ier3"
-0.0396431076227435,9.49235089546511,-0.703836539028709,0.486386870750914,0.668010490571058,-6.45428906887066,"Ier3ip1"
0.0882935534240508,6.68061679221469,1.06071121978429,0.296391004770791,0.502758101937134,-6.14245908824457,"Ier5l"
0.920336260593172,7.44783438947518,8.16975575008993,1.72764057744779e-09,2.97788452265498e-07,11.7206235999065,"Ifitm2"
1.68484375772105,8.98210566524889,8.47493820768397,7.4559471808154e-10,1.97896534909748e-07,12.5371997572329,"Ifitm3"
0.149498547729539,6.50493498000708,1.68132885623797,0.101978473576812,0.253321514840141,-5.32768162042873,"Ifngr1"
0.299781878717631,7.50597944146557,2.40862577114877,0.0216530327716894,0.0863928554258039,-3.99228817909354,"Ifngr2"
0.171151605611823,6.38427286744535,2.42518098257917,0.0208338418082325,0.0840520513911331,-3.95779564192819,"Ift140"
-0.115915545341879,7.05431815895871,-0.966597370660401,0.340655705737477,0.543647697479145,-6.23632900471413,"Ift172"
0.121016370658851,8.3255157225856,0.77080891170245,0.446210037685181,0.638317003723963,-6.4049993654774,"Ift20"
-0.0634594043122488,7.00559444927147,-1.2028014560504,0.2374655929079,0.435785656853909,-5.98540464644708,"Ift52"
-0.270253103764436,8.55971805966828,-3.8097931645585,0.000564268693021515,0.00561263711816075,-0.602319969645104,"Ift81"
-0.147040175637235,6.05952307269031,-1.68639382090735,0.100990824179539,0.252458222430626,-5.31971207269163,"Ift88"
-0.0287412392001053,8.79238931885149,-0.628882790828153,0.533680752838691,0.707137077296823,-6.5042913516984,"Igbp1"
0.0383929035107685,7.72786216678737,0.333762086178744,0.740634452471201,0.849833798364565,-6.64731898444407,"Igf1r"
-0.197186022207309,7.47611040328754,-1.34148971012558,0.188763992165759,0.374778272634615,-5.81477074987196,"Igf2"
0.126656223215937,6.78909835774819,2.0623572771634,0.0469788379401231,0.149002691655372,-4.67398851368221,"Igf2r"
1.03870253853059,8.6260302924739,5.84392092820847,1.43542066443338e-06,4.87638509674644e-05,5.17000734901159,"Igfbp2"
0.789063718537918,6.75234247145858,5.83631741408565,1.46824761756787e-06,4.93624849026318e-05,5.14798551494209,"Igfbp3"
-0.101112803386337,10.2053095179505,-0.78782903085784,0.436322859621709,0.629398221130515,-6.39178421849994,"Igfbp4"
0.461410929400552,8.96944555775094,3.59952567213128,0.00101503711863772,0.00867598676150848,-1.15991924910925,"Igfbp5"
-0.0373533015435639,7.7108416406036,-0.396650878346171,0.694134539524621,0.819794024080249,-6.62411047135136,"Igfbp6"
0.870976529145493,8.8419456622775,5.58806555831037,3.07421171472274e-06,8.42567917247107e-05,4.42863246992526,"Igfbp7"
0.109162677561425,5.93105174563087,0.876168316672455,0.387163365591768,0.584803903569974,-6.31874535355082,"Igsf1"
0.553762640675122,6.07921009614241,3.87060828227425,0.000475251043290995,0.00488124442223317,-0.438735018734647,"Igsf11"
-0.0299400783603533,6.57210783936388,-0.416754669225236,0.679509988534882,0.807712407257407,-6.61585610599191,"Igsf3"
0.523628172339117,4.31642314512228,2.12779042258796,0.0407805512886739,0.135657203264368,-4.55121806978907,"Igsf9"
-0.135044836661589,10.4076181548364,-2.06906168067448,0.0463077026897493,0.148084809552572,-4.66154452865695,"Ik"
0.0191243778193657,8.52915756839174,0.272019887112876,0.787272306216237,0.877007784459572,-6.66624020021149,"Ikbkap"
0.0926352086702271,7.27027090064092,1.41111626666995,0.167408593206819,0.346261639467243,-5.72281531096512,"Ikbkb"
-0.0530485715587654,7.82772823996718,-0.819313981506161,0.418384533552677,0.61299047144281,-6.3666060123396,"Ikbkg"
-0.126915441349258,7.70806008290911,-2.0059580331943,0.0529710714995013,0.161020562731757,-4.77742926981239,"Ikzf5"
0.253288115066181,5.83744840155211,2.57495426053498,0.0146101998154205,0.0651616978880862,-3.63841456181509,"Il16"
-0.151274760507181,6.7246799411977,-2.25512630286866,0.0307603693724161,0.111600390464097,-4.30406066416709,"Il17d"
0.00945898829215715,8.03284458511386,0.11854848813236,0.906339411675038,0.948192321519469,-6.69660795428156,"Il18"
-0.241651035960077,7.47533255984888,-2.71605037037757,0.0103609382836392,0.0509261323239693,-3.32600267980524,"Il1rap"
-0.143373648143201,8.55947027691117,-1.84402506664257,0.0740180897472476,0.202645617044175,-5.06176147009489,"Ilf2"
-0.0902092423972062,8.12706794328427,-1.45630857383454,0.154594568874319,0.329164749714714,-5.66092510292173,"Ilf3"
0.219710213125282,8.01326668932214,4.1345541833083,0.000223695917564873,0.00271830966814375,0.281728259861546,"Ilk"
-0.0670308846299736,7.01003621414953,-0.90150925733347,0.373738446820561,0.575454315945678,-6.2964256047297,"Ilvbl"
-0.0563397332804712,6.21562034593254,-0.604669871390527,0.549462702647952,0.718739771189146,-6.51927106900364,"Immp2l"
-0.0819200747908769,9.28800751698019,-1.21771352648147,0.231820681589204,0.428231390935662,-5.96787030661815,"Immt"
-0.20420819567527,9.6799779695881,-2.72401456222812,0.0101592497236681,0.0502778178179179,-3.30805010052004,"Impact"
-0.284415380542431,10.0809123363869,-3.06600488200062,0.00426347532751054,0.0264530244290988,-2.5075295047841,"Ina"
-0.153386578349655,8.45789550399476,-2.70203188415322,0.0107250162690631,0.0523584288914666,-3.35752162772197,"Ing1"
-0.132548958009476,7.75041840141345,-2.05284041417097,0.047946188885833,0.150801263194645,-4.69159913949714,"Ing3"
-0.413532393438538,3.1391644346522,-1.38857594931962,0.174104329274129,0.355325023281843,-5.75303774453396,"Ing4"
0.282436456669424,6.01759768181567,1.59066863375729,0.121055914382719,0.284240485048794,-5.4668875165927,"Inhba"
0.378951789828572,5.72727738986914,3.98669311376481,0.000341731517191256,0.00377101103106238,-0.123871516316354,"Inpp4b"
0.151527675048345,7.35108582138944,1.94842109208154,0.0597614064454002,0.17593506871229,-4.88063674494381,"Inpp5a"
-0.124854209054026,6.57748604963108,-1.94996032764523,0.0595703569658045,0.17568029835003,-4.87790663457711,"Inpp5e"
-0.322683612739684,8.93919042751901,-6.95495170062392,5.44905556485703e-08,3.37337368848844e-06,8.35906469306514,"Inpp5f"
0.31115925715519,6.88071262370308,3.07818176013574,0.00413030004784981,0.0258746622873374,-2.47802399694813,"Inppl1"
-0.300776674410961,7.86237884062772,-1.85675776423365,0.072136346760129,0.199552164954103,-5.04010142015735,"Insig1"
-0.0231500788165999,9.13875773733623,-0.299452342518132,0.766440622518885,0.866170800664485,-6.65830692410078,"Insig2"
0.0371695042440662,6.32571346941244,0.345283441179832,0.732034905679587,0.84526107728695,-6.64336388740003,"Insm1"
0.032409266553872,8.35910704425244,0.4514336546007,0.654579177195982,0.788207712088215,-6.60066897800329,"Ints5"
-0.0521934667449462,8.02139872657611,-0.701592796777015,0.487767451921905,0.669336397290386,-6.45586527599281,"Ipmk"
0.0925217287677809,7.55038007126823,1.02857821052398,0.311030191000537,0.51647193059457,-6.17542879563988,"Ipo13"
0.0597089808509926,8.28010458313742,0.781009113732665,0.440268694783288,0.633278673072483,-6.39711289480847,"Ipo4"
0.0227746244982404,5.57890458041402,0.311431571404421,0.757397869941035,0.860260688764108,-6.65460498047561,"Ipp"
-0.0174586127172976,6.42026172155156,-0.218728745768382,0.828185323127591,0.901476059687555,-6.67948303000069,"Iqce"
0.757450933385188,7.96811087009381,8.1488949393799,1.83054571093207e-09,2.97788452265498e-07,11.6643659315306,"Iqgap1"
-0.0934849720646855,7.15716399120776,-1.04670961007716,0.302709628425169,0.508346538843866,-6.15694197142807,"Iqgap2"
-0.123982246353717,7.23284862669328,-1.25681272909765,0.217493785778722,0.410616264309206,-5.92095993495354,"Iqsec2"
-0.0827762384245705,8.3232321478554,-0.697667899206813,0.490187758896895,0.670832257290921,-6.45861073011725,"Iqsec3"
-0.120619651410528,6.34414391126624,-1.61186062667374,0.116352963671491,0.276646862704067,-5.43493651395121,"Irak2"
-0.0448621280825662,7.27615277234869,-0.550889291773807,0.585356414393264,0.742627702002614,-6.55048252599691,"Ireb2"
-0.0375741247092514,6.17188351004482,-0.520834121451082,0.605900069389731,0.754271550217826,-6.56668240469536,"Irf2"
-0.034530027195452,7.34372851705742,-0.347911924754288,0.730077875005455,0.84456237813464,-6.64244290244936,"Irf2bp1"
0.196117958982974,7.14503235556281,2.51943635982088,0.016684647651499,0.0720382518035186,-3.75831749476077,"Irf3"
0.359626689668437,5.67946096817803,1.84593843049985,0.0737326669007208,0.202083608250182,-5.05851430801211,"Irs2"
-0.125786733913482,10.2354813453793,-2.39752370738395,0.0222186861004953,0.0875496548648361,-4.01532645920221,"Isca1"
0.218302941079298,6.59307059644742,2.02934723050111,0.0504093956592204,0.155959866447514,-4.73480219661414,"Isg20l2"
0.487168150450516,6.15421750537354,2.64391423544065,0.0123647482790847,0.0585496953722292,-3.48707629781383,"Islr2"
-0.0816922731466195,6.9422406643804,-1.38978551675168,0.173739787913228,0.354849563020101,-5.75142691820958,"Isy1"
0.281859436556898,6.38879466596946,2.6542174450951,0.0120580850576117,0.0574210792686836,-3.46424105158428,"Isyna1"
-0.174255017453871,6.13714312677679,-1.76093520371975,0.0873545644950722,0.228501479124778,-5.20010802626724,"Itga3"
0.0855269741675875,8.89026416259546,1.19267501120246,0.241356377208202,0.440361870571984,-5.9971989542604,"Itgav"
0.0873784954614374,7.87760570342201,0.862826302586422,0.394353636820371,0.592058764657674,-6.33025259101653,"Itgb1bp1"
0.245549187715087,4.86411602432308,0.927111700481883,0.360484560659088,0.562824656162161,-6.2732607316105,"Itgb4"
0.827468449944493,8.76208242541852,8.36613063510004,1.00472438550203e-09,2.46539733510952e-07,12.2474602013002,"Itgb5"
0.0974675870976236,4.89909418288352,0.776031643358644,0.443161994314331,0.635446669697802,-6.40097380497563,"Itgbl1"
0.620197532676001,7.22957967683207,6.15451700801724,5.70979793451091e-07,2.19805427356782e-05,6.06823364277899,"Itih3"
0.0630936180752324,10.3167907910074,0.565632052129977,0.575404320717439,0.735839872444964,-6.5422099823123,"Itm2a"
0.0162673950669955,13.1251552327135,0.169484575030843,0.866432407850509,0.925972611781871,-6.68917001330656,"Itm2b"
0.115519775638624,7.97905841421395,1.79556931375203,0.0815670961123832,0.217987740166798,-5.14307807228775,"Itpk1"
-0.249741414103695,8.6275474720372,-2.37976105971373,0.0231516698532907,0.0900184048343445,-4.05203054722477,"Itpka"
0.039440513561502,5.93343639270255,0.414411849636872,0.681207938084531,0.8089866574271,-6.61683882966906,"Itpkc"
-0.203202965085721,10.4560657354278,-1.6703546705612,0.104145975564301,0.25700794220267,-5.34487980337958,"Itpr1"
0.281289208267057,6.88944071817457,4.02221130490295,0.000308769017343012,0.0034847620533886,-0.0268866850392033,"Itpr2"
-0.0499531966449464,8.30250120887967,-0.604874329877543,0.549328436043611,0.718739771189146,-6.51914698440371,"Itsn1"
-0.0483122816808289,7.75799674143315,-0.704510231933197,0.48597277693482,0.668010490571058,-6.45381485271291,"Ivd"
-0.165207501713712,9.83542593768495,-2.10507655418717,0.0428449625289698,0.140771840147499,-4.59416744673591,"Ivns1abp"
-0.0237201992999782,7.68841164109825,-0.281124213477167,0.78034014866349,0.87255661513179,-6.66369132534716,"Jak2"
-0.195860525114416,6.34780555026523,-2.61726896908558,0.013191586304714,0.0611902933400463,-3.54586255865921,"Jph1"
-0.100722481484968,8.65455853190904,-0.762578236996471,0.451038790805641,0.641891615505088,-6.41129013624964,"Jph3"
-0.0976268302892866,8.71046247082953,-0.879513612003037,0.385373702471074,0.583704464396777,-6.31583366362755,"Jph4"
0.122666962858267,9.16142765530074,2.1552271098462,0.0384047231895571,0.129790970657411,-4.49887307604688,"Jtb"
0.574872716683829,8.41957816412087,8.03547651982577,2.50953384954983e-09,3.33041557981047e-07,11.3575319028322,"Jun"
0.265583832004639,6.21994683660675,2.1466010237757,0.0391380891309858,0.131494592596643,-4.51538490913246,"Junb"
0.174166290838599,7.99917850919712,2.83168062381127,0.00776804554713656,0.041476073224447,-3.06214982175569,"Kars"
0.187463354652998,6.4082872014327,2.86115792890349,0.00721178155718044,0.0391907482681691,-2.99381064873475,"Katna1"
-0.264629058234501,8.20024834388467,-2.86167239395547,0.00720241315384818,0.0391820599081514,-2.99261414415908,"Katnal1"
-0.012949333492273,6.63795340366084,-0.131461091681271,0.896195052882329,0.942129821924224,-6.69497102350426,"Katnb1"
-0.164155108035674,8.81203568721476,-2.49701126892876,0.0175966949517505,0.0746342578988039,-3.80624874429749,"Kbtbd2"
-0.0863440757305165,5.27567216778001,-0.864866922820393,0.393248467116425,0.590751271870161,-6.32850352350622,"Kbtbd3"
-0.190673166077943,6.7810677883809,-2.13055399561915,0.0405354838951183,0.135198707197805,-4.5459685797395,"Kbtbd4"
-0.168105359721274,8.73202286523402,-2.48024559864868,0.0183081545769469,0.076875956312692,-3.84189272292666,"Kbtbd7"
-0.0529103232364181,8.60532513494753,-1.03441772588799,0.30833336298054,0.514068202571518,-6.1695078573734,"Kcmf1"
-0.268159408010565,9.5204896447059,-2.2454814622766,0.031433841861475,0.113148368670534,-4.32315336237124,"Kcna1"
-0.306960452036356,8.72967651809923,-2.27438284027799,0.0294543397059362,0.107824349979592,-4.26576190284557,"Kcna2"
-0.26620417524839,9.90010906953523,-3.01044156708671,0.00492444856045024,0.0295642786789888,-2.64133342976389,"Kcnab1"
-0.198522490171128,9.38012749901213,-2.0609909970028,0.0471166517168128,0.149243654055203,-4.67652063386829,"Kcnab2"
-0.597678655289826,6.21263818510841,-5.68339692544447,2.31437254483902e-06,6.90614245184804e-05,4.70491611122898,"Kcnab3"
-0.221765054998196,8.48905402370142,-1.42095265336424,0.164550729628021,0.342769618718392,-5.70949131961939,"Kcnb1"
-0.182466411845963,8.44083646496977,-1.48277824426913,0.147458540612386,0.321351220797106,-5.62387883763367,"Kcnc1"
0.0333144678195009,7.79881691303707,0.220662878186563,0.826691125146571,0.900896503985364,-6.67905253273195,"Kcnc4"
-0.175342117066566,9.46397651626905,-2.92650627961003,0.00610902583243431,0.0348110929638036,-2.84080541106112,"Kcnd2"
0.831352123062773,5.40027892824427,6.38834659887154,2.86127600157335e-07,1.31176498872131e-05,6.74181972552787,"Kcne1l"
0.0120482709901985,4.12085528888397,0.0245183925552077,0.980584237763636,0.988226680863712,-6.70343095251897,"Kcne2"
-0.136629210798547,7.69096688449151,-1.32045143680301,0.195613999889742,0.383994317416881,-5.84173623137271,"Kcnf1"
-0.17041860799662,8.19849848381657,-1.73649022319093,0.0916447270890526,0.235437778252721,-5.23980600784494,"Kcnh1"
-0.126890813861673,6.14722071699044,-1.51432590431735,0.139299958670015,0.310295168424681,-5.57896395705796,"Kcnh2"
-0.263518686816878,7.8298205230775,-2.42372254386696,0.0209048587237772,0.0842711451191115,-3.96084089999502,"Kcnh3"
-0.166848265049384,7.30774470557375,-2.67074592344353,0.0115808114983708,0.055780355669803,-3.4274887624393,"Kcnip1"
-0.331754606775201,7.84935721204282,-2.90262490426321,0.00649223299945874,0.0363781455736338,-2.89695815109417,"Kcnip2"
0.151316857320911,7.72703893983868,0.898947462606192,0.375081782805347,0.576512475064726,-6.29870952680839,"Kcnip3"
-0.511512088777645,8.83990185300456,-5.66318430778244,2.45794125517041e-06,7.18181652356705e-05,4.6463376459465,"Kcnip4"
0.244755370567564,6.75101637691627,3.16761314867941,0.00326640792213173,0.0215045628607184,-2.25937836819803,"Kcnj16"
-0.440406621568005,8.02809556862739,-3.96923202943616,0.000359172849640288,0.00392058156003457,-0.171442028568737,"Kcnj3"
-0.156035553498921,7.03214634211087,-1.76137653028169,0.0872786931886523,0.228501479124778,-5.19938709473472,"Kcnj4"
-0.506658707414935,7.20662719469367,-3.43388795614211,0.00159933780579513,0.0124084008532689,-1.58947417114342,"Kcnj9"
-0.125967867658349,9.59922373853385,-1.75128286012262,0.089027919889371,0.230713155191212,-5.2158382085937,"Kcnk1"
0.137294992435716,5.87422857473893,1.58210509644185,0.12299993320606,0.287570080277312,-5.47969583649842,"Kcnk13"
-0.19395075784075,7.83723327538305,-2.06571004839887,0.0466421517608026,0.148776958462826,-4.66776935536258,"Kcnk2"
0.521756392641431,6.16091860926991,4.30482402471864,0.000136716112894684,0.00181436672981025,0.754375014936245,"Kcnk6"
-0.389483469356078,8.27994857505268,-3.11206256551779,0.00378019803152814,0.0241616459733795,-2.39559044376992,"Kcnma1"
-0.209212166949288,9.16847296657237,-2.63790254601426,0.0125469975216875,0.0589697190138583,-3.50037350706003,"Kcnmb4"
-0.0328557271424589,5.88706821779718,-0.464169977725305,0.64552124411142,0.783212711548073,-6.59479037153203,"Kcnn1"
-0.186152814959224,6.49904931107538,-2.88969713549468,0.00670898829310078,0.0370980569759948,-2.92724195510327,"Kcnn2"
-0.215342962270185,7.27977431730084,-3.71951073982792,0.000726987759244374,0.00677670844707833,-0.843311841845929,"Kcns2"
0.0352786517126193,5.61376744352098,0.494037914549376,0.624495747504888,0.766599129213327,-6.58037170239979,"Kcnu1"
-0.571296640220403,8.12194765662453,-5.81960714024924,1.54306250784277e-06,5.08605505036019e-05,5.0995844051179,"Kcnv1"
0.152515226890611,7.42523144385113,2.07621233108368,0.0456012061269432,0.146569077436695,-4.64823800618623,"Kctd10"
-0.128502107594605,6.02714247592918,-1.6617938229955,0.105863256589102,0.260296637239805,-5.35822990180784,"Kctd15"
0.0150984162306943,8.62328834064865,0.228551361506023,0.820603790312997,0.897485342560929,-6.67725758973386,"Kctd2"
-0.10247325300177,9.30682957460559,-1.88833966451053,0.0676448361841853,0.191325243340912,-4.9858561505707,"Kctd3"
-0.0707702449318013,8.12704355502237,-1.01871916116569,0.315620150338525,0.522030966925936,-6.18535393183644,"Kctd4"
0.295670884427002,7.64308327163021,4.39007670224625,0.0001066785309167,0.00147546262745309,0.993005690331302,"Kctd5"
0.094874996565206,8.63322053101236,1.81531906712018,0.0784147903917471,0.211016962617706,-5.1101486082951,"Kctd6"
-0.267230677640346,5.86113803985994,-3.91993060156757,0.000413243057124552,0.00437811919554436,-0.305361795723699,"Kctd9"
0.237341280913868,6.82144227273672,2.359189462126,0.0242765163558946,0.0935982201703184,-4.09429762827253,"Kdelc1"
0.276026304893517,8.22442346592823,2.52922998348765,0.0163001059064638,0.0707413374236634,-3.73729367373661,"Kdelr2"
0.177560345449186,8.80811129546623,2.44695940267744,0.0197991891417488,0.0810448951638307,-3.91217035211841,"Keap1"
-0.0537582214156643,10.4926308699802,-0.806873366509799,0.425417667544727,0.619694193364546,-6.37666800671207,"Khdrbs1"
-0.195794767238111,5.70261642666017,-2.61854579940413,0.0131508267600153,0.0610677894574193,-3.54305442081137,"Khdrbs2"
-0.0337611974700069,8.87293824892357,-0.314321946353304,0.755221146894809,0.859346745616,-6.65369015129014,"Khdrbs3"
0.0412520034524346,5.61675540508639,0.427291888446375,0.671894278104182,0.801220819219529,-6.61136838157865,"Khk"
0.159421267078536,7.28133088111091,1.17594377769929,0.247887270620071,0.448223558887422,-6.01648526589724,"Khsrp"
-0.100394329796295,8.0816154588715,-0.577155951920855,0.567683741897274,0.73012729160621,-6.53559443541999,"Kif1a"
-0.20216025864115,11.5054157464227,-2.13175661958345,0.0404292459252827,0.13493361164871,-4.5436825468024,"Kif1b"
-0.157044411982559,8.93276108358494,-2.14921922709509,0.0389141938667326,0.131004192036003,-4.51037848833706,"Kif21a"
0.354061142464101,7.58001427143192,3.71122413037562,0.000744023562973926,0.00690996469259209,-0.865315754881446,"Kif22"
-0.175199346657315,9.02191653614219,-2.61183486207513,0.013366364750745,0.0616147874204817,-3.55780376811787,"Kif2a"
-0.304287927083019,9.59121948217677,-2.97410414988821,0.0054078753756742,0.0317115296738663,-2.72808799065187,"Kif3a"
-0.158627066134465,7.50783536531614,-1.68177782188997,0.101890603599202,0.253321514840141,-5.3269760036694,"Kif3b"
-0.104844848921411,9.50925943907074,-1.10447432144365,0.27723891231168,0.479134967370734,-6.09603533197883,"Kif3c"
-0.214160616957331,11.6600763787572,-2.05145932333445,0.0480880149958889,0.150884975241705,-4.6941495690757,"Kif5a"
-0.029977356788607,10.9660446306193,-0.421756548106892,0.675890586773452,0.804844446068128,-6.61373966342761,"Kif5c"
-0.203445550331191,10.8888952355879,-2.7128639330582,0.0104426707186515,0.0511782200526334,-3.3331761040947,"Kifap3"
-0.443959306328546,9.28280950903704,-4.15760486465297,0.000209325929960067,0.00256844443987499,0.345382214795524,"Kifc2"
-0.0135143581108411,5.62443151032434,-0.153525094213262,0.878903111888031,0.932724830229659,-6.6917831172308,"Kin"
0.028817860060962,6.71001814203015,0.304099334881853,0.762928721962693,0.863043863808403,-6.65688800314617,"Kirrel3"
0.314686673740109,5.1414936736895,1.15721133796626,0.255351627177576,0.455675249772299,-6.03778084973233,"Kl"
-0.425686551177785,6.0535026272211,-2.20246659441935,0.0346010382793956,0.121007653289176,-4.4075691358024,"Klc2"
0.0289510538374872,8.77229494712761,0.236880332488878,0.8141887857611,0.894543365270856,-6.6752942189585,"Klf13"
-0.0847810905147029,7.0857107802458,-1.12208355416446,0.269786502867792,0.470935733458732,-6.07686356028443,"Klf16"
0.287968362511713,6.04849680247133,2.55976918919106,0.0151526537773049,0.0672665783441448,-3.67138376684208,"Klf2"
0.0417633080268197,7.04135468857076,0.463824677740848,0.645766102442373,0.783212711548073,-6.59495187835913,"Klf3"
-0.0711777138356339,7.05641856385968,-0.748513089013063,0.459361663341096,0.648351768326097,-6.42188926568054,"Klf5"
0.0196687046823388,8.90104867361779,0.195101072968144,0.846489518624933,0.912536691412043,-6.6844369022022,"Klf7"
-0.282451005822393,7.61609437658014,-3.38707795046465,0.00181610818079147,0.0137105292750469,-1.70916687688581,"Klhdc1"
-0.127360390679574,10.534686559229,-1.83466018719724,0.0754287296398378,0.205392593722301,-5.07761503476711,"Klhdc2"
-0.202403293782486,10.3488599880532,-3.70843212759849,0.000749850155175263,0.00695127634659715,-0.872725033676284,"Klhdc3"
0.094796033880458,6.66211114264149,1.17243515624345,0.249273081126513,0.449259860135321,-6.02049792713018,"Klhdc4"
-0.122265660831217,7.23962394123606,-2.17987750450654,0.0363758583900489,0.125294483920338,-4.45141381437688,"Klhl12"
0.00726307430894754,7.91081533825258,0.12171546415028,0.90384983551818,0.946845600440004,-6.69622211235141,"Klhl17"
-0.187251693650196,8.08240273777829,-2.77609589060166,0.00892779263838151,0.0458948606272762,-3.18983827288572,"Klhl24"
-0.235398222364606,7.15378188726241,-3.14771090271797,0.00344233720735873,0.0224285614169381,-2.30832808500596,"Klhl32"
1.49548792452082,5.51040008915611,5.91731258272308,1.15406996064699e-06,4.15712486538769e-05,5.38250792538287,"Klhl6"
0.00729371705694985,9.20368564577482,0.0999016504765118,0.921016462211181,0.956078661145927,-6.69867364479334,"Klhl7"
-0.134723648175236,7.41534319960741,-1.99079209550874,0.0546922202388809,0.164779811113209,-4.80486266277993,"Klhl8"
0.582626392724114,4.51206558275125,3.84946708070296,0.000504524258221305,0.0051090679401808,-0.495712606071278,"Kntc1"
-0.214135083645843,9.33972925690706,-2.8780901527515,0.00690937076832385,0.0379977718480449,-2.95436326318797,"Kpna1"
-0.1435682545917,8.42582233362229,-2.00300909141154,0.0533019889986792,0.161683478856476,-4.78277633313931,"Kpna3"
0.0176391936659943,8.8446812319931,0.21145545426328,0.833810018815605,0.90466951912373,-6.68106808356692,"Kpnb1"
0.0521150245075944,6.49403329979207,0.745133601665857,0.461374752106416,0.649660222353733,-6.4244075435263,"Kptn"
-0.0931460986759209,5.96466182670217,-0.728091310918771,0.471604629996065,0.656767191226882,-6.43693886037489,"Krba1"
0.213710993419086,7.41237131329038,1.67699667985434,0.102829594544921,0.254700218708269,-5.33448212872091,"Krt10"
0.124210467292518,4.79813495331143,1.03631857428961,0.307459002990514,0.513415811947404,-6.16757372614279,"Krt73"
0.227694776690853,9.36967343323171,2.29673825858971,0.0280008116051433,0.104289581185183,-4.22100276364507,"Krtcap2"
-0.00892444186702511,4.0444285639949,-0.031137274786194,0.975344398876339,0.986165134983185,-6.70324407839813,"Krtcap3"
0.0643973875106038,4.19746041138603,0.376703851741402,0.708763681584126,0.830563123913502,-6.63190093095085,"Ky"
-0.112846877890744,6.34545106838307,-1.5897187028158,0.121270313123129,0.28444939026974,-5.46831123582247,"L3mbtl2"
-0.02046877146775,7.06210518948139,-0.371218049421071,0.712807021012794,0.832619378914573,-6.63397360098861,"Lace1"
-0.0835627569176666,6.61037850465199,-0.71946302915796,0.476833338646019,0.66124158708779,-6.44317623417619,"Lactb"
0.683665999957151,5.23793702659078,5.82544605044426,1.51649564664083e-06,5.03137338553272e-05,5.11649729022738,"Lamb2"
0.163152320881882,5.63676156000464,1.63086895185509,0.112263227106719,0.270623066108596,-5.40597078504917,"Lamc1"
0.25949226808257,9.91499442345856,3.63770846353173,0.000913102607191879,0.00813564743475025,-1.05963871392357,"Lamp1"
0.591160140291745,10.8907885029247,3.73581470982674,0.000694567530736762,0.00659642948682767,-0.799961185320944,"Lamp2"
-0.0939987133318519,10.5071395316494,-1.42716604114309,0.162765370758443,0.340874487016124,-5.70103270509817,"Lancl1"
-0.192279066227488,9.524087091132,-2.77268811989695,0.00900390840600161,0.0461231629344613,-3.19761574933643,"Lancl2"
0.0268377805689244,9.94597380586444,0.247954574409789,0.805679567267698,0.888290786561216,-6.67257526196676,"Laptm4a"
0.966939603530515,8.90815813141378,8.02150916804453,2.60922905110278e-09,3.37393387300291e-07,11.3196336625596,"Laptm5"
-0.142899537428148,9.40801493966598,-1.5635495867923,0.127299688133736,0.294482718925885,-5.50724490439137,"Large"
-0.0796604713852947,7.63263240623379,-1.24007781239634,0.223542353294577,0.418302073344917,-5.94120348574686,"Lars"
-0.186656261109173,6.35792958718501,-1.92394430881872,0.0628715587053583,0.182428809292935,-4.92382017760777,"Lars2"
-0.241852051372508,10.8619934800724,-2.04161376118787,0.0491097825348152,0.153175469379145,-4.71229263418213,"Lasp1"
0.373341975285601,6.80058433018763,3.71195443943201,0.000742506750908075,0.00690860063621664,-0.863377322968899,"Lbh"
0.713445219544678,5.8505146737244,4.64999956782964,4.98064281512246e-05,0.000823520712021723,1.72741205200657,"Lbp"
0.0936653336188067,7.04485277997151,1.84783251175552,0.0734510472642646,0.201860289566042,-5.05529717485725,"Lbr"
0.432726955461146,7.04031990705307,4.09474336598742,0.000250824058263733,0.00296926226719251,0.172052056719888,"Lcat"
-0.0377043076449967,9.72948507805423,-0.758755016859189,0.453292264657357,0.643567818318426,-6.41419007756655,"Lcmt1"
0.0905760484163794,6.91538456938856,0.760233481958815,0.452420044405145,0.642510358753914,-6.41307031963483,"Ldb1"
-0.30463107529868,9.16304763883413,-4.38548506385,0.000108116119865731,0.00148969834011717,0.980122247148617,"Ldb2"
-0.0821451794741933,5.02675705928851,-0.756740724209564,0.454482191236529,0.644350208154572,-6.41571227176792,"Ldoc1"
-0.0609765192649777,6.43673898741752,-0.845271169107367,0.403942178734018,0.601618549130435,-6.34513625322129,"Lemd2"
-0.085937088177678,6.04687967301372,-0.867519629019019,0.391814735439421,0.589651361032826,-6.32622391869253,"Leng9"
0.0433316737160081,6.49717866547626,0.453536462246364,0.653079967265639,0.787447546793677,-6.59970953265602,"Leo1"
-0.0387392720413264,8.96137691442417,-0.613346763394916,0.543779555366824,0.713949569829443,-6.51396904840249,"Leprotl1"
-0.00780170122827884,7.66744162313856,-0.11586381938204,0.908450598247293,0.949495620095565,-6.69692707592974,"Letmd1"
1.99073333495158,9.81776286889368,9.72084432539801,2.72917778820534e-11,2.29387393098659e-08,15.7394491613974,"Lgals1"
3.80214095421036,6.83200590651034,9.57670895609633,3.96032108494837e-11,2.52034162549643e-08,15.3800969169833,"Lgals3"
1.25381344974072,6.77010117592239,7.38113037930852,1.59465525659189e-08,1.23720714753737e-06,9.55695660111552,"Lgals3bp"
0.048875137393097,7.3787250464342,0.574479701218562,0.569472101464449,0.73130832892417,-6.53714245674196,"Lgals8"
-0.202564793489133,9.78461832277475,-2.40121935885901,0.0220289176150142,0.0871696560355793,-4.00766577606229,"Lgi1"
-0.333473268599163,8.01047941489574,-4.37752242329446,0.000110654507510916,0.00151831858636651,0.957788442197073,"Lgi2"
-0.132991111623879,8.54838641994976,-1.8868004911081,0.0678580292726759,0.191517781369272,-4.98851694939158,"Lgi3"
0.673573089333839,6.70398619189017,4.25001513558013,0.00016027245694731,0.00205662595517884,0.601631555167869,"Lgi4"
0.715514862710238,8.5713024998961,5.75816605065834,1.8525623770733e-06,5.76695806640782e-05,4.92158407054916,"Lgmn"
0.0802417210248399,7.83623697592601,0.740101996910568,0.464381496105488,0.651879702842047,-6.42813650291449,"Lhfp"
0.313101113742703,7.42983300957738,4.72470586052604,3.99643717050639e-05,0.00069020659763232,1.94012475528968,"Lhfpl2"
-0.111212420054134,9.6045589644858,-1.75288528751075,0.0887482646034985,0.230502007245814,-5.21323173680036,"Lias"
-0.0487270279000159,6.61901693514455,-0.576717717950996,0.567976391909507,0.730317425905059,-6.53584840552683,"Lig3"
0.251524258654965,6.34390027934988,3.36481756698744,0.00192883380409251,0.0143045718735861,-1.76580982180583,"Limd1"
-0.100349276478372,7.32188270807352,-1.34842558436323,0.186546661364899,0.372134024233854,-5.80579700115361,"Limk1"
0.0734900046671403,7.39320937948504,1.13050276988492,0.266274589808622,0.467719964626959,-6.06759797851119,"Limk2"
0.482672374553798,7.2374728309749,5.03095287151599,1.61400546840725e-05,0.00032688472197501,2.81787716475386,"Lims2"
0.109405470607352,6.90073481492511,1.47699222174333,0.14899552030843,0.322344233768946,-5.63202676638026,"Lin54"
0.0415084030497854,10.0756185255845,0.332509809715599,0.74157121995316,0.850711269433557,-6.64774083927517,"Lin7b"
-0.0805906579463915,8.50047221951171,-0.891758741081904,0.378867982119478,0.5798577340906,-6.30508543944277,"Lin7c"
-0.298296507776393,6.31575646613961,-2.78454215473313,0.00874171789050912,0.0450899681082159,-3.17053605677317,"Lingo2"
0.348756045359989,8.24678685537749,4.62815004870446,5.31139800949311e-05,0.000862748290142675,1.66532427128395,"Litaf"
-0.133549204618299,6.89389240263498,-0.967425854893089,0.340247624889906,0.543168335650458,-6.23553849985131,"Lix1"
0.0989132779046626,8.05461541253155,1.22582831286671,0.228790996336234,0.42450073382032,-5.95824557042607,"Llgl1"
0.121698099700593,7.8696522882863,2.30433919780205,0.0275215207008226,0.102732071720391,-4.20571222266072,"Lman1"
0.135308548879507,7.65052704489776,1.84361748246843,0.0740790122202523,0.202702364962958,-5.06245282580792,"Lman2"
0.146016079328662,8.14400636156807,2.639338561844,0.0125032390206688,0.0588188753556276,-3.49719898364225,"Lman2l"
-0.13085138795915,7.96290916164783,-1.63821775582739,0.110714173691338,0.267913425108167,-5.39469488256812,"Lmbr1"
0.257090294321317,8.23030584525019,3.36289422600389,0.00193888246068651,0.0143579798079913,-1.77069538948579,"Lmna"
0.309150949527377,6.20678210787551,2.27568667250418,0.0293677381204405,0.107724902862042,-4.26316016323795,"Lmnb1"
0.000740678553874015,5.4154977336303,0.00461691655730965,0.996343566375082,0.997769851707773,-6.70372510075845,"Lmnb2"
0.231190509398702,7.57479991602871,3.2973343942196,0.00231303415008473,0.0164522302099821,-1.93640377014605,"Lmo2"
0.0387556266042433,8.68871785538944,0.402933895113581,0.689550814211823,0.81552644373129,-6.62157414396863,"Lmo3"
-0.118107063191686,9.82519397977922,-1.18726004271013,0.243456068559314,0.442910877974251,-6.00346824675743,"Lmo4"
-0.237718349100624,8.5694643369574,-1.9389122102022,0.0609534588630495,0.178287404109241,-4.89746448548888,"Lmtk2"
-0.145150565937267,7.74271125837892,-1.66661540510775,0.104893196264041,0.258211411763491,-5.35071807877676,"Loh12cr1"
-0.0767239293730237,8.29149702136472,-1.2264436244301,0.228562474595534,0.424389013028452,-5.95751338423305,"Lonp2"
-0.110978343767305,7.55231444860812,-0.888958362328061,0.38034953387016,0.580715319196856,-6.30755598332462,"Lonrf1"
-0.0369218130844967,8.12619640806007,-0.404434208956112,0.688458023015556,0.814651773069349,-6.62096265931922,"Lonrf2"
-0.0301973496845843,6.91133780161815,-0.331837992616535,0.74207393897248,0.850711269433557,-6.64796650533539,"Lor"
0.758925449387241,5.50283665794171,6.45176532662089,2.37370875875481e-07,1.13820556916335e-05,6.92398232343164,"Loxl1"
-0.0448565474814935,9.39770839363645,-0.335537539614093,0.73930701052198,0.849083410171338,-6.64671818716931,"Lphn1"
-0.125601638030443,7.50347346418377,-1.86172916215868,0.0714128238689762,0.198215082381796,-5.03161158819179,"Lphn3"
-0.00954464750119173,7.16995928744554,-0.105203190405217,0.916840491936987,0.953915122929281,-6.69812219589343,"Lpin1"
0.0909495637566295,7.93967087501395,1.26434826510505,0.214810684934809,0.408634584732644,-5.91176397507807,"Lpin2"
0.239451599718876,8.34611400410699,3.32833422975786,0.00212822988920456,0.0154316182049918,-1.85824974120896,"Lpl"
0.0645746413929119,7.29659363760735,1.04827591702626,0.301998170466594,0.507658924554344,-6.15533076806381,"Lrba"
0.0272227672325915,5.92145592546818,0.306541791374627,0.761084906504432,0.861731294005804,-6.65613350781952,"Lrfn2"
0.0818243373298609,6.61249433606412,1.10708240915268,0.276125984307996,0.478359099575823,-6.09321357350075,"Lrfn3"
1.27510340608595,5.36759111311554,5.51096361952975,3.8679783837175e-06,0.000102126780047578,4.20520846671676,"Lrg1"
0.787147395010687,7.67133436192038,6.41780625720668,2.62335679013869e-07,1.22496187895087e-05,6.82646979792913,"Lrig1"
-0.175140306643518,5.43674235261039,-1.33998116404756,0.189248938421778,0.375209668955074,-5.81671703842882,"Lrig3"
0.361663673634823,7.5316538072511,4.3897172949444,0.000106790374582664,0.00147546262745309,0.991997124120587,"Lrp1"
0.255398177779723,7.57016581873768,3.21225085541921,0.00290242997905018,0.019541995172697,-2.14899942561098,"Lrp10"
-0.0418300118267321,9.6709459483019,-0.708068707123353,0.483788825684783,0.666415473348364,-6.45130271874596,"Lrp11"
-0.163886837111645,7.89394846370574,-1.85605630451229,0.0722389385363648,0.199568206734816,-5.04129784636555,"Lrp12"
0.0329238955237047,5.7341586054652,0.381164503383271,0.705482239417262,0.827960654731499,-6.6301933671346,"Lrp4"
0.100145503101724,6.51884489054605,0.899030818604979,0.37503802414285,0.576512475064726,-6.2986353096755,"Lrp6"
0.111828494495513,10.6885080674104,1.81780244119304,0.078025842240026,0.210306960137066,-5.10598710800633,"Lrpap1"
-0.10018243891433,7.33307432071773,-0.89186350040288,0.378812630893266,0.5798577340906,-6.30499287520134,"Lrpprc"
-0.22996566277662,6.3886770027759,-1.88287845827975,0.0684038878156179,0.192393087704496,-4.99528914332137,"Lrrc20"
-0.0138432490842863,7.54693670777263,-0.270870408393112,0.788148801944074,0.877402739117873,-6.66655607319623,"Lrrc28"
-0.365385829360906,7.21739758700104,-3.54953385005824,0.00116523752465536,0.0096017856811062,-1.29051937132217,"Lrrc49"
-0.16664590440742,5.94308119551401,-0.916463385929371,0.365959118913815,0.568241811537151,-6.2829701313632,"Lrrc4b"
-0.0725156257194872,8.49688485471352,-1.24549745140655,0.221569889314148,0.415536240911583,-5.93467460748074,"Lrrc59"
-0.362074437787323,5.55791942515553,-4.47220134391728,8.3928693670812e-05,0.00123594341176892,1.22399769481449,"Lrrc6"
0.256984125517897,7.240456297944,2.39251912182116,0.0224780348940804,0.0882847783345207,-4.02568719908161,"Lrrc8a"
0.407124713537166,7.24910736960489,5.05328028545778,1.51045471895847e-05,0.00031346597315669,2.88216576592736,"Lrrfip1"
-0.151315958086286,6.81082631003403,-1.54288189478388,0.132231923837074,0.301155266204878,-5.53759969827046,"Lrrk2"
0.0607070646345384,7.8359912229444,0.892269563144242,0.378598130452993,0.5798577340906,-6.30463398447812,"Lrrn1"
0.15127813211754,6.89383642432877,1.52110753326411,0.137594449670173,0.307847741653364,-5.56920131226047,"Lrrn2"
-0.226145265452437,8.02741720257217,-3.12946386172649,0.00361152044343765,0.0233141833673713,-2.35306142425074,"Lrrn3"
0.021325304907806,8.71190747594425,0.317411626140769,0.752896573345581,0.858209260285157,-6.65270295082446,"Lrrtm1"
-0.200446638603274,8.53469020174419,-2.61862584672558,0.0131482753334443,0.0610677894574193,-3.54287834254817,"Lrrtm2"
-0.238571517520841,8.0683214880119,-3.25044290930853,0.00262202095591728,0.018088716389454,-2.05392176674639,"Lrrtm3"
0.0131725266657393,6.02530486726857,0.170210922963533,0.865865641766802,0.925707108634722,-6.68904495242731,"Lrsam1"
-0.227719869787575,8.64986444679674,-2.57712244439319,0.0145342219124121,0.065015323135856,-3.63369650887513,"Lsamp"
0.172107382485302,6.97318345648512,2.35704527273301,0.0243965641549797,0.0938458222986748,-4.0986881604502,"Lsm10"
0.0154990816249065,6.45819863410979,0.18662114152622,0.853080603937036,0.916856745509598,-6.68607721678141,"Lsm12"
0.0230768935498266,7.69417433137753,0.289498396774948,0.77397999179404,0.868724927357522,-6.66127313992833,"Lsm14b"
0.19978094748547,5.48978280225274,2.17672606160902,0.0366298071400394,0.12557723821021,-4.45750382231966,"Lsm2"
-0.0324663316580172,8.14734288683786,-0.3538603753922,0.725655767217765,0.842228316243771,-6.64033304802139,"Lsm3"
0.188538115529355,8.57550867790538,2.41759618879563,0.021205588078086,0.0849402547083302,-3.97361893037483,"Lsm4"
0.260716185895805,9.37520350963267,2.73659975986853,0.00984796829768336,0.0490744111909261,-3.27961343477282,"Lsm6"
0.47542913454959,7.46779361240269,2.38618739480346,0.0228100978760494,0.0891829506160392,-4.03877361081652,"Lsm7"
-0.07391268117144,8.45397697496873,-1.0349264183815,0.308099204246458,0.514068202571518,-6.16899058408252,"Lsm8"
0.701422985186721,5.84957215187204,4.31428194064918,0.00013301101198515,0.00177924279427351,0.780787222026222,"Lst1"
0.3252399963836,7.42092684594455,3.86337739043939,0.000485072162213889,0.00497198966269237,-0.458236035617738,"Ltbp3"
-0.0130504973984225,6.04725528731115,-0.118829539698407,0.906118436309943,0.948192321519469,-6.69657412388332,"Ltbp4"
0.858898115448259,5.80327890190245,5.10381785529108,1.299847636702e-05,0.000277759814910516,3.02779883739699,"Ltc4s"
0.152018269373237,8.02028346967799,2.01395207421388,0.0520830221475654,0.159862861040884,-4.76290342547255,"Luc7l"
-0.146189977718402,9.15645919123846,-1.46615168672613,0.151909543449093,0.325714212420824,-5.64721732423862,"Luc7l2"
0.454382871237345,6.19032529568823,3.55323774365807,0.00115341016844231,0.00951988130843631,-1.28087075829402,"Lum"
-0.164585244784849,8.13660608498632,-1.25569601546886,0.217893536362139,0.41078022574739,-5.92231846250629,"Luzp1"
-0.185274877194951,4.26398821599544,-0.687945595899534,0.496212036861662,0.676501438527903,-6.46534702659436,"Luzp2"
0.398139981137797,9.29554040682492,4.56775917619545,6.34285794313056e-05,0.000990310607034286,1.49403050469702,"Lxn"
0.653532495337786,9.05509556865419,6.00237908698621,8.96427745069242e-07,3.29977015940452e-05,5.62864146056224,"Ly6a"
0.0741725466269189,9.17137374023691,0.812334374175316,0.422321514287039,0.61710582148811,-6.37226934764933,"Ly6e"
0.761207009247555,5.82661851253238,3.81337188570476,0.000558608783170137,0.00556732034293873,-0.592720883317467,"Ly6g6e"
0.389495024701547,11.3592454128601,2.59427927376773,0.0139457248052254,0.0634159514812909,-3.59626982758507,"Ly6h"
1.50180140807658,8.50133485685027,8.6306142253101,4.87840312755473e-10,1.44716393954462e-07,12.9490044356999,"Ly86"
-0.145124738448664,10.3433121555025,-1.78904275584775,0.082632166507043,0.21990185524803,-5.15389497147562,"Lynx1"
-0.0120725588397433,7.90569627595534,-0.118166735937781,0.906639574532397,0.948192321519469,-6.6966537778964,"Lypla1"
0.181575299884264,8.54892210080349,2.56149803773593,0.0150899725916634,0.0670473407751179,-3.66763671955129,"Lypla2"
-0.0184342298064503,6.16815351543805,-0.171002310490114,0.865248207647728,0.925335739845933,-6.68890808545479,"Lyplal1"
-0.161496812769576,6.17194690278521,-2.0795644919901,0.0452732864939987,0.146073694043017,-4.64198787750203,"Lyrm1"
0.117547305678947,8.35556056080001,1.00948305496568,0.319962079492462,0.525854543158413,-6.19457048420214,"Lyrm2"
-0.0209873007657182,7.90923208595604,-0.280675700140397,0.780681230909108,0.87255661513179,-6.66381884822944,"Lyrm5"
0.0671661681086042,9.6567006425139,1.47305068681859,0.150049835868671,0.323514887680935,-5.6375612881436,"Lztr1"
0.000906454434579671,6.81811558941674,0.01019600087561,0.991925244652721,0.994488868545462,-6.70368317623586,"Lzts2"
-0.0112666097253698,9.32692128298554,-0.206461889552678,0.837676892877553,0.907303387195339,-6.68212537265799,"M6pr"
0.112121168698539,6.673643926952,1.07305615146307,0.29089700250381,0.496444529146096,-6.12954074621899,"Mad2l1"
0.174381435737443,6.35013797279384,1.54325530110011,0.13214145890199,0.301155266204878,-5.53705437144744,"Mad2l1bp"
0.0478683724032246,7.82522585329153,0.747432861454586,0.46000457225094,0.648714501639119,-6.42269541211538,"Madd"
-0.0770004395959924,7.44758448564077,-1.54190236701424,0.132469471754906,0.301431324590633,-5.53902966891848,"Maea"
0.0417245531063737,9.45518004386131,0.836763085670972,0.408641305372601,0.604156582525368,-6.3522442012283,"Maf1"
0.195981439619076,7.51938173681869,2.06834684614391,0.0463788563072778,0.14821836017592,-4.66287280893262,"Mafg"
0.0466296365747818,8.49817798491302,0.539549315332538,0.593067897981259,0.747897326711551,-6.55669971513328,"Mag"
0.0198265981061388,9.82293005529427,0.371338741040815,0.712717973287067,0.832619378914573,-6.63392832512093,"Maged1"
0.0876223264685124,7.36497851613703,1.46503393068512,0.15221256734385,0.326225234643025,-5.64877802251369,"Maged2"
-0.253168372192752,9.04876980012029,-3.05563171740736,0.00438012261927422,0.0269735979237535,-2.53261330974348,"Magee1"
0.115236910304032,7.36793149240691,0.882189321147724,0.383946063297283,0.583029207229208,-6.31349714918212,"Mageh1"
0.0924849080477808,8.49906233198346,0.77019799989016,0.44656738587102,0.63833314255883,-6.40546852914736,"Magoh"
-0.0506511213092142,10.5110075517939,-0.428129932803449,0.671290081719026,0.800689659912264,-6.6110067066896,"Mal"
0.237505813923757,7.79799327585649,3.38303280556066,0.00183611120809058,0.0137995660542486,-1.71947340176419,"Man1a"
-0.253224239762098,8.12125120886859,-2.19451632926522,0.0352166798067119,0.122348093776881,-4.42303875518898,"Man1a2"
0.105437651015567,6.79564833074518,1.24425891422765,0.222019499107511,0.415915428677258,-5.93616892189629,"Man2a1"
0.263824010132577,8.04738671922268,3.59588770909118,0.00102530422053444,0.00873413713539724,-1.1694500073152,"Man2b1"
-0.0640468846564749,8.3340449957152,-0.814621728789758,0.421028794974086,0.615491101350847,-6.37041848838514,"Man2c1"
0.104613791006057,5.7722861871252,1.21130375614535,0.234234761186866,0.431426552470915,-5.97543145258304,"Manba"
0.290875088682822,7.12586863353468,2.52163039555321,0.0165977834951683,0.0717246119675524,-3.75361238255645,"Manbal"
-0.169988153600723,7.97268486060505,-2.98681593667281,0.00523388102437686,0.0309430973105891,-2.69780745601577,"Manea"
-0.398016026346937,6.39452402223547,-4.48170582942528,8.16267870921988e-05,0.00121071731560576,1.2507974731327,"Mansc1"
-0.188281065265145,7.3321390601686,-2.23982450276774,0.0318349731886171,0.114198409867379,-4.33432377992553,"Maob"
0.0143124913511478,10.7129120682765,0.118252072262315,0.906572475357205,0.948192321519469,-6.6966435473688,"Map1lc3a"
-0.100143103620922,10.9248510452393,-1.43920479066072,0.159349638676592,0.33553245421547,-5.68455095742947,"Map1lc3b"
-0.0853384232505995,9.1820333170042,-1.13759807077175,0.263340552415416,0.464669841088503,-6.05973963425567,"Map2k1"
0.2303761007772,7.97349890908223,3.07474094250047,0.0041675262565006,0.0260431659374629,-2.48636791331561,"Map2k2"
0.349062110337808,6.79861509523539,4.09713495444092,0.000249107111408636,0.00296284708215507,0.178631244864069,"Map2k3"
-0.232054390528474,9.3005677509669,-2.81502798654659,0.00809980033046292,0.0426380929713199,-3.10056670857543,"Map2k4"
-0.1100247246118,7.76848294790915,-2.50127442575545,0.0174198686992668,0.0740711617625652,-3.7971591201277,"Map2k5"
-0.129170290041183,8.72727153497213,-2.01410054926564,0.0520666520288922,0.159862861040884,-4.76263320686521,"Map2k7"
0.0908032324834162,5.08096572225723,1.02880597884294,0.310924698224351,0.516466815924045,-6.17519844058513,"Map3k1"
-0.00286630984474332,5.03220454378773,-0.0140886236825877,0.988842650648263,0.992582302392354,-6.7036352208762,"Map3k11"
-0.117400397155015,8.49539698527668,-1.62154194436978,0.114254939420639,0.273664351206837,-5.42021986614861,"Map3k12"
0.106733504789448,6.92403196576848,1.40394138957201,0.169517653302435,0.348542226209675,-5.73248237500961,"Map3k3"
-0.143649748723882,7.05577878130374,-1.76629187159966,0.0864374149891013,0.227270012403565,-5.19134750336928,"Map4k2"
-0.0906334632984149,11.4272515133428,-1.35587247580005,0.18418841018263,0.369403921529,-5.79611596167025,"Mapk1"
-0.108281542959134,10.3933894661181,-1.01341792821847,0.318107312152493,0.524082056577924,-6.19065358574256,"Mapk10"
-0.269041787899383,6.34679422483877,-2.5432662520782,0.0157631539296411,0.0692452833337805,-3.70706644429243,"Mapk11"
-0.199478313510532,8.38808651626431,-2.53171108847449,0.0162039867514845,0.0705062167279867,-3.73195878718923,"Mapk14"
-0.0472198870165867,7.29795911933057,-0.790348342466482,0.434870652112317,0.627842169654284,-6.38980449189096,"Mapk1ip1"
0.214428608746516,8.39313596267814,2.10758446710109,0.0426125755813419,0.14027103045477,-4.5894425038231,"Mapk3"
-0.217208824260067,7.06668810855905,-2.58555888676088,0.0142420411825714,0.0640701281745829,-3.61531341966906,"Mapk4"
-0.287557983251949,7.50911083911444,-1.89138804997965,0.0672242991146355,0.190372663356253,-4.98058119457284,"Mapk6"
-0.267999234614773,9.17173603004798,-3.15333122200975,0.00339176297992886,0.0221850333434257,-2.29452155754849,"Mapk8"
0.117057321892596,9.02495408302153,1.46632469702223,0.15186268325209,0.325714212420824,-5.64697566037208,"Mapk8ip1"
-0.072526098783327,10.2784341367973,-0.962643861956222,0.342607569554482,0.545209836940124,-6.24009246033628,"Mapk8ip2"
-0.370736200611787,9.32532888960531,-3.09313001777393,0.00397220354450825,0.0251972609747863,-2.44171514779362,"Mapk9"
0.032214770481954,8.44619319207204,0.451222579099918,0.654729745377262,0.788207712088215,-6.60076504192771,"Mapkap1"
0.210590261348065,6.45321506415372,2.89523353472905,0.00661534227138036,0.0367413778354308,-2.91428253783307,"Mapkapk2"
-0.0479018844559101,7.25099917689198,-0.558781816722167,0.580018172613416,0.739519728575195,-6.54608049033153,"Mapkbp1"
0.171022380582208,10.1092724659471,3.04736552028865,0.00447523372439527,0.0273799276547676,-2.5525682681274,"Mapre1"
-0.0842222679300473,11.6542949223216,-1.64124394829557,0.110081430375943,0.266766291872119,-5.39003901335629,"Mapre2"
-0.141930076345449,10.6213511937016,-1.4822289873087,0.14760389720539,0.321351220797106,-5.62465350426158,"Mapt"
0.157055206578438,11.22450353962,2.40216915643312,0.0219803848692417,0.0870754759588261,-4.00569561117646,"Marcks"
-0.140060591861562,8.97903783994696,-1.48224725594624,0.147599060712883,0.321351220797106,-5.62462774239302,"Mark1"
-0.0369641881383546,8.38834043394865,-0.337022153927664,0.738197641142345,0.84807075849447,-6.646213376805,"Mark2"
-0.0477807771670699,7.97223026356434,-0.732944427569133,0.468678233477705,0.654860739514796,-6.43339890634652,"Mark3"
-0.0687499247857499,5.47583785698722,-0.577594670931833,0.567390843568462,0.729936740845856,-6.53533999483793,"Mas1"
-0.264909260012389,7.31524963692636,-2.06511228881003,0.0467020230568048,0.148873768821407,-4.66887872851548,"Mast1"
-0.0540200131601684,8.31661715059562,-0.376583080829302,0.708852604664626,0.830563123913502,-6.63194688569224,"Mast2"
0.0518675735242392,11.3817918100831,0.469650605634596,0.641640225420864,0.780272885651656,-6.59221104008938,"Mat2a"
-0.422845571433598,9.51006124127214,-4.27476422948016,0.000149178807554325,0.00194395019766528,0.670535655714566,"Mat2b"
0.0055181930701331,9.16332306678569,0.0550931644012865,0.956390733024332,0.977717102501866,-6.70219619720973,"Matk"
0.484591892296012,5.72748275423461,3.39204098040588,0.00179185191527071,0.0135476899680812,-1.69651361160108,"Matn4"
-0.2383427741207,12.2742585807502,-2.64073278578768,0.012460889125677,0.0587911691885956,-3.49411577249127,"Matr3"
0.237819638359621,6.1215426722384,1.60441817071502,0.11798722556341,0.279410139055142,-5.44619866637908,"Max"
0.121799915588877,7.26528601488639,1.46203004819917,0.153029303400591,0.327155591212222,-5.6529670987808,"Mbd3"
-0.183824852371996,7.43451549453329,-1.68187730864407,0.101871140928706,0.253321514840141,-5.32681962386206,"Mbd5"
-0.107940578929477,6.28080810075306,-1.01169179983479,0.318920042968353,0.525077955171206,-6.1923735924991,"Mbip"
-0.0397118086651742,9.58895210032762,-0.557522189652624,0.580868541099194,0.739914133054618,-6.54678716573017,"Mbnl1"
-0.273244739449954,11.2431935035036,-2.83147120568663,0.0077721374572878,0.041476073224447,-3.06263379604208,"Mbnl2"
0.0342046834316174,7.25154916536614,0.44800376718453,0.657027661908991,0.790537566397314,-6.60222447726361,"Mboat2"
0.0584751312827032,14.93141165379,0.568536152743789,0.573453801391761,0.734552379410841,-6.54055515027609,"Mbp"
-0.168247434352971,7.3301012370023,-1.70510928455963,0.0974102230312392,0.246249609832311,-5.29008926383212,"Mbtd1"
0.0885292554701421,7.73211624564322,1.58743542872524,0.121786916299695,0.285395640752492,-5.47173033274124,"Mbtps1"
0.0658264348976113,6.22359564362705,0.843889494219166,0.404702988987393,0.602065667078359,-6.34629523737072,"Mcat"
0.122528693112147,6.39719342036339,0.977697085924663,0.335215597597207,0.540860503879058,-6.22568500328295,"Mcc"
0.0522997442895929,7.83169424643096,0.619336592902975,0.539874272843966,0.711528563630751,-6.51026587989603,"Mcee"
0.0905859780862426,8.7991473741363,0.936381887927243,0.355762496478879,0.558738794687944,-6.26472126239257,"Mcf2l"
0.0712268805297893,8.92352424869411,0.953183617196252,0.347308407184446,0.549898068742831,-6.24903870685652,"Mcfd2"
0.35958457030605,10.3243605879348,5.83078415803656,1.4926091000899e-06,4.98491900116116e-05,5.13195904613706,"Mcl1"
0.444107086157495,7.55684854632978,5.03650048075878,1.58763526471236e-05,0.000324147556273054,2.83384761456446,"Mcm4"
0.833701839680292,6.80984232983555,7.96457929909797,3.05898471469223e-09,3.85661497904823e-07,11.1649118818283,"Mcm5"
0.921641845814735,7.11425853610272,7.38804008892517,1.56343443850242e-08,1.2319374802137e-06,9.57622535965743,"Mcm6"
0.00632596487294394,7.9147176842573,0.104041710496614,0.917755177213545,0.954669834712852,-6.69824544630375,"Mcoln1"
-0.178571561662392,5.59700443048433,-2.41993295155134,0.0210904200157132,0.0846807230407974,-3.96874769523867,"Mcph1"
-0.118115561737326,7.70926144098217,-1.88850604245025,0.0676218254614139,0.191325243340912,-4.98556842521282,"Mcrs1"
-0.0490544433587131,9.7571992033346,-0.603139227541741,0.550468403791053,0.7193604976207,-6.52019870384908,"Mcts1"
-0.218013001215012,11.9185048182138,-2.55505179067359,0.0153249084833061,0.0679116990169707,-3.6815994970724,"Mdh1"
-0.00308373546294012,4.30318832219918,-0.028883549005089,0.977128448154977,0.986637958987653,-6.70331269932964,"Mdh1b"
-0.0515161096951093,11.546236278685,-0.830286727724129,0.41224099018504,0.607148567180309,-6.35760856863025,"Mdh2"
0.247794760622671,7.01861405342357,2.59378429270572,0.0139623907460636,0.0634345374165752,-3.59735190201821,"Mdk"
-0.0304257830815944,8.1316538721766,-0.436300477022495,0.665411132208011,0.796002892415187,-6.60744382603722,"Mdm2"
0.12128118668129,6.00785837230528,0.969381585871976,0.339285603027957,0.542591908375786,-6.23366988520043,"Mdn1"
0.128210394512113,7.31702262110006,1.990753639311,0.0546966457912179,0.164779811113209,-4.80493201786843,"Me2"
0.033029084243952,8.48028288957943,0.395871065946092,0.694704266480377,0.820152577264507,-6.62442251177468,"Mea1"
-0.118770045753882,8.47825991535931,-0.975350785316092,0.336360648071748,0.541603928699294,-6.22794453819398,"Mecp2"
0.113987366938912,8.49312323435987,1.37022334909865,0.179708979462563,0.363526828491658,-5.77732526089937,"Med10"
-0.285935170856265,6.13400980352577,-2.09693043904748,0.0436075351537275,0.142522877368923,-4.60948520258909,"Med18"
-0.121326022349096,7.88724217272568,-1.87969894209532,0.0688491690669615,0.193537547159803,-5.00077089389212,"Med19"
0.0686368357800364,7.71307653370081,0.736916953428573,0.466290664452212,0.653195505786807,-6.43048432864615,"Med25"
-0.0428464160444712,7.12238405348056,-0.498061479692264,0.621687113845793,0.764977524244781,-6.57836161983893,"Med6"
-0.0590880889791186,9.65126739707065,-0.890058293026506,0.379767167901535,0.580209807495913,-6.30658648818794,"Mef2a"
-0.607403597521209,11.6325034508192,-4.52419241684982,7.20758135221565e-05,0.00109925159471194,1.37075748713231,"Mef2c"
-0.0298719780842941,6.74970978139376,-0.328610060722457,0.744490992900235,0.852319654300995,-6.64904445773087,"Megf10"
0.100159168568122,5.66783493795458,0.87982543815837,0.385207151593998,0.583704464396777,-6.3155617157362,"Meis1"
0.12661090847961,7.08633653409278,1.49838631925909,0.143375585087098,0.315846582859169,-5.60176051963746,"Memo1"
-0.103231545758165,7.49702120481789,-1.02207846253692,0.314051004792264,0.519776572749389,-6.18198219040749,"Men1"
-0.0752812492836143,7.30650565875372,-1.02800551959829,0.311295546552692,0.516742409896387,-6.17600777916716,"Mertk"
-0.0807310128906551,5.81490180631802,-1.2835670625051,0.208080649651892,0.402174585792468,-5.88808473942671,"Mesdc1"
0.0309501994202818,8.97427208371331,0.584751844317548,0.562623272339903,0.726211712928111,-6.53116234985206,"Metap1"
0.572861419751139,8.56289875589202,4.13345629774431,0.000224403955452517,0.00272035852727654,0.278699201085428,"Metrn"
0.294299561088985,6.79808984187481,3.97684367391369,0.000351465462486562,0.00384477294429443,-0.150713942633923,"Mettl1"
-0.0847819593397059,6.82686183854561,-1.47955538444108,0.148313080518017,0.321419366159157,-5.62842073929644,"Mettl2"
0.178599448805416,6.94420123507895,2.19703153197777,0.0350208627059228,0.121884203330551,-4.41814917822211,"Mettl3"
0.203666097164017,5.35107766879767,2.22545625589521,0.0328745045933795,0.116259555865647,-4.36260246754757,"Mettl4"
0.0684419127724894,10.1486566416163,0.969253447983978,0.339348578032367,0.542591908375786,-6.23379242444667,"Mettl9"
0.07799788495954,8.23965301315539,0.872172940256929,0.389307738560991,0.587079380202272,-6.32220898158759,"Mfap3"
-0.090607749728918,10.0157349041749,-0.822616048708642,0.416529833803206,0.610950639817312,-6.363910464218,"Mfge8"
0.265013143324388,8.9846471676778,5.67200894390163,2.39419459741023e-06,7.0607738916607e-05,4.67191261439613,"Mfn1"
-0.0333039997278517,9.00597537974192,-0.378267750497291,0.707612565023809,0.829728244932589,-6.63130452978041,"Mfn2"
-0.0899215870491061,7.11189005441425,-1.07079355863858,0.291898556580997,0.49718122157715,-6.13191887462166,"Mgat3"
0.0743682250972109,7.63494341708032,1.01702886001696,0.316411729905979,0.522667493430636,-6.18704655012602,"Mgat4b"
0.121948829531623,11.0274704682724,1.51346028433782,0.139518872032373,0.310637382631019,-5.58020734850898,"Mgll"
-0.158144904420342,8.85957538539436,-1.39658577825235,0.171701398500363,0.351412182587017,-5.74234754278561,"Mgrn1"
0.834343782426997,7.9696822396104,5.42554519932404,4.98884595944895e-06,0.000124548268185649,3.95777446250592,"Mgst1"
-0.127943202449391,9.64485464532956,-0.666329375484419,0.509752889943286,0.68863750977337,-6.47999485479286,"Mgst3"
-0.109515763864148,8.19974698078593,-1.18148102439745,0.245711686620911,0.44535782920204,-6.01013012390909,"Mib1"
0.165310180710798,4.79612187863595,0.613092662299997,0.543945549884199,0.713981626253517,-6.51412536678765,"Mid1"
0.108661930748424,9.14238125795039,1.7496637036525,0.0893112479024318,0.23132851729428,-5.21846988186078,"Mid1ip1"
0.167473624343442,7.16062121808814,1.76211614911368,0.0871516651314345,0.228433392545647,-5.19817855071316,"Midn"
-0.219599459098215,7.43272192347182,-2.71975027361036,0.0102667817331972,0.0505999203720866,-3.3176666330003,"Mier1"
0.212307443840856,10.7753930404399,2.15055554383601,0.0388003577306339,0.130795590932879,-4.50782146451523,"Mif"
0.355632619731565,5.91633843079027,4.00063454973277,0.000328402402257542,0.00365592343175449,-0.0858383481878757,"Mif4gd"
0.16677106113353,7.25389545081902,2.44103255645765,0.020076019780717,0.0819105445392774,-3.92461499229816,"Mina"
0.0410909823102745,7.45606386677336,0.659068248714177,0.514346382142167,0.692275418262038,-6.48481309817872,"Mipep"
-0.167758175161561,8.1648746223148,-2.08584380604436,0.0446646088551036,0.144851204151953,-4.63025922181484,"Mkks"
-0.0745943009175843,7.71245155395887,-1.17276978954553,0.249140666362891,0.449201423120508,-6.02011569712001,"Mkln1"
-0.0178957042068919,7.19954162599499,-0.246041434717003,0.807147898442643,0.889417832254017,-6.67305382108266,"Mknk1"
0.0643076082598877,7.41661549669729,0.6361073075462,0.529018589547595,0.704101543174591,-6.4997105487838,"Mknk2"
-0.0592817342631973,9.65187681884258,-1.18583357625995,0.244011416727157,0.443542408759409,-6.00511540927883,"Mkrn1"
-0.0995460195541371,8.08412584157458,-2.01735074602403,0.0517094265829768,0.159200633857113,-4.75671408394853,"Mkrn2"
-0.198078037261277,3.46960325855711,-0.706932633086968,0.484485465723162,0.667010702604942,-6.45210607374492,"Mkrn3"
0.235833782661945,4.62302840629089,1.22165059879389,0.230347062460792,0.42675982218581,-5.96320794169866,"Mlf1"
-0.0331513037379223,11.5321715679034,-0.30412257098785,0.762911174333372,0.863043863808403,-6.65688085359561,"Mlf2"
0.0973229072316827,6.36278636859439,1.03461160213079,0.30824410435204,0.514068202571518,-6.16931073887166,"Mlh3"
-0.108804897745711,10.846922937673,-1.37477633848883,0.178305644148393,0.361122635919817,-5.77132677940396,"Mllt11"
-0.225431936925568,7.40080600480279,-2.7663941597578,0.00914608382872843,0.0465895967154318,-3.21196470916666,"Mllt3"
0.0200156824811233,6.33021965344536,0.232995436803803,0.817179355559767,0.895335624689477,-6.67621871273732,"Mlycd"
-0.0858755638353245,11.2135077854948,-1.47602917485705,0.149252577237224,0.322485324339041,-5.63338022889232,"Mmd"
0.223119684235462,10.3687856427262,2.66872602241521,0.0116381839906505,0.0559498206528601,-3.43198804876084,"Mmd2"
0.640369403707806,6.87412776817405,6.91158464402155,6.18079447923159e-08,3.66702900691352e-06,8.23619404071877,"Mmp14"
0.304148139520972,5.80146484882793,3.00030540706552,0.00505502704239378,0.0300974042205334,-2.66559365334013,"Mmp15"
-0.00119553367812742,7.13888723170266,-0.0159273363858446,0.98738661937013,0.991515476201427,-6.70360722277564,"Mmp16"
0.073997562347308,8.30261019682097,1.12666347424325,0.267871979244134,0.468921171152987,-6.07183118599512,"Mmp17"
0.740036197392474,5.55253860322332,6.08352622303838,7.04647767917342e-07,2.69207476788421e-05,5.86321998796039,"Mmp2"
-0.0560317622124619,6.12401492389343,-0.755988644921357,0.454926947124209,0.644799492509102,-6.41627961343932,"Mmp24"
0.245015558757685,6.6829488435895,3.63047387963288,0.000931623372858254,0.00822798015643464,-1.07867374198318,"Mmrn2"
-0.123108756979078,7.0254554299128,-1.72687185208616,0.0933806340061907,0.238802503698387,-5.25529936549985,"Mnat1"
0.0296984790576154,4.63100395883388,0.214522808150188,0.831436822191884,0.902938323008018,-6.68040613879384,"Mns1"
-0.0386759049152301,11.7771034585838,-0.407446784962492,0.686265791332097,0.812805440689822,-6.61972802495882,"Mobp"
0.0203538424385645,4.27119532458495,0.0890730396230137,0.929552998954543,0.960426041121934,-6.69971147013986,"Mocs1"
0.0503495987603847,9.0861048853035,0.708916187713136,0.483269521110185,0.665882020480509,-6.45070262260482,"Mocs2"
0.322648625508828,8.22463624306201,2.87983245053401,0.0068789376434931,0.0378717058254756,-2.95029629607758,"Mog"
0.0840082959155685,7.65582263949928,1.2777847028186,0.210088503889881,0.404534679311444,-5.89524315400079,"Morc3"
0.0303918831151752,12.2629668520643,0.452924218317289,0.653516319719404,0.787687093772694,-6.59998933485318,"Morf4l2"
-0.166975922399177,7.20767536088547,-1.97172908846445,0.0569246121228664,0.169864389902731,-4.83911315712546,"Mospd1"
0.0292555682214305,5.62435943287592,0.226681855178687,0.822045433501291,0.89828279981517,-6.67768865881703,"Mospd3"
0.0453055283363547,6.03470555012263,0.371084134567049,0.712905829788155,0.832619378914573,-6.63402382029594,"Moxd1"
0.0853823332742321,7.24685287403423,1.16343388406114,0.252854203202387,0.452832140267138,-6.030741814856,"Mpdu1"
0.0296172197563267,7.39237664245689,0.271073129092244,0.787994203799717,0.877402739117873,-6.66650046293004,"Mpdz"
-0.0635674509840314,6.8876927036145,-0.919650029317724,0.364315129393126,0.566525191961004,-6.28007564259356,"Mphosph6"
-0.136656076186027,7.83387570590352,-2.84122892186019,0.00758360519542343,0.0406419989378537,-3.04006023483986,"Mpp1"
-0.410987600560736,5.24399461786048,-1.54270736360429,0.132274224597225,0.301155266204878,-5.53785454641765,"Mpp2"
-0.229855763516775,7.61258759140214,-2.82469261191619,0.0079056819783635,0.0420433270469904,-3.07828766071214,"Mpp3"
-0.205391391627316,7.8640291532176,-2.54523143030636,0.0156892875671459,0.068980886836196,-3.7028254450701,"Mpp5"
0.170678494012168,8.0187707861324,3.24710609864076,0.00264544995851172,0.0181263643217046,-2.06225169694345,"Mpp6"
-0.0541552347521866,6.9415249698697,-0.913310059100565,0.367590675519404,0.569511452118081,-6.28582495725707,"Mppe1"
0.0145488570236883,8.69212882973019,0.138511817755106,0.890663249270634,0.938686471488361,-6.69400590594217,"Mpv17"
-0.140796016475514,7.27247234828098,-1.78560104006545,0.083198549357947,0.220826465480067,-5.15958609911616,"Mpv17l"
0.00269099645279891,8.23932833573576,0.0379358393923512,0.969963474229757,0.983670388778931,-6.70300585968111,"Mras"
0.153233292333159,5.2555464538282,1.42737492253238,0.162705616959256,0.340874487016124,-5.70074777690344,"Mrc1"
-0.222263777918938,6.43195065593674,-1.83434759088328,0.0754762091801228,0.205410967563605,-5.07814308728869,"Mreg"
-0.0235553124798229,7.21246637178503,-0.294478386477771,0.770205184778422,0.868092765030669,-6.65980160061494,"Mrpl1"
0.158266880146922,8.69331852909614,1.54648586891591,0.131360881583142,0.299987413522528,-5.5323316465385,"Mrpl10"
0.0652403222771107,9.15081915377532,0.721068260320426,0.475858068682572,0.660904010404786,-6.4420212696968,"Mrpl11"
0.291152128730881,8.8797734746013,1.84415704564581,0.073998371739838,0.202645617044175,-5.06153757697211,"Mrpl12"
0.0435098213333264,9.75401204725166,0.455101521138351,0.651965097842242,0.787229610437293,-6.59899258683235,"Mrpl13"
0.0768234426786257,7.29915652976088,0.817929577357116,0.419163633002222,0.613727262241463,-6.36773303381634,"Mrpl14"
-0.0623319407271537,8.33461009625419,-0.938448486805691,0.354715390791076,0.557789122469409,-6.26280657751015,"Mrpl16"
0.242154472925134,8.6484291011966,2.40226184157416,0.0219756540535589,0.0870754759588261,-4.00550332513089,"Mrpl17"
0.0316511486376992,8.20793678035707,0.469308679981283,0.641882057003727,0.780378788203904,-6.59237283340027,"Mrpl18"
0.0704395158305719,8.04630521233946,0.877119610056035,0.386653905195689,0.584501092296721,-6.31791844111476,"Mrpl2"
0.150675386446858,8.53393586531419,1.3425636547064,0.188419339486953,0.374286315783171,-5.81338397679214,"Mrpl20"
0.0727326564845973,8.33968934367304,0.700954096670859,0.488160849731001,0.669442453046045,-6.45631306339926,"Mrpl22"
0.15055447988128,8.7492946873558,2.04755930679731,0.0484905034049682,0.151698268406486,-4.70134447092874,"Mrpl23"
0.128054660676899,8.5469093670917,1.51883666228417,0.138163666803955,0.308847239225331,-5.57247461912635,"Mrpl24"
0.0489132048283235,9.47861464097352,0.590638743154702,0.558717068598282,0.723737967337955,-6.52768839512213,"Mrpl27"
0.154790636752371,9.44546793263064,2.03435590768071,0.0498751417334978,0.154781747545864,-4.72562380761157,"Mrpl28"
-0.0732461450441359,9.23045347116165,-1.04729436143682,0.302443882758628,0.508069453947955,-6.15634072255447,"Mrpl3"
0.411120266493799,8.54006599817901,2.39810935667548,0.0221885148109744,0.0875496548648361,-4.01411302459827,"Mrpl33"
0.23667849530614,7.6132192592962,2.44037098012922,0.0201071386226953,0.0819105445392774,-3.92600281096954,"Mrpl34"
0.0427473052620239,8.13249905272066,0.806965192317748,0.425365492061025,0.619694193364546,-6.37659427984742,"Mrpl35"
0.185907494027284,7.72291868972283,1.72174940446258,0.0943163217347111,0.240492243546313,-5.26352135099761,"Mrpl36"
0.0977425002265017,7.47391228654958,1.32444849972905,0.194298110209123,0.3833510836403,-5.83664253263889,"Mrpl37"
0.0233905498940119,7.67896537979808,0.350147904344853,0.728414526504134,0.843876512097484,-6.64165398787814,"Mrpl38"
0.0792661755875885,8.02940102039992,1.11765987143266,0.271645010463254,0.473525277147582,-6.08170622662055,"Mrpl4"
0.111444674963789,7.85945768912166,1.24520697273938,0.221675276698925,0.41557933843594,-5.93502519601478,"Mrpl40"
0.194363852518491,8.94490996376914,2.18649105951861,0.0358480182154094,0.124014720028395,-4.43861203438888,"Mrpl43"
0.0129161318434212,8.20073409181723,0.141122419553685,0.888616438703142,0.938097697379097,-6.69363578820828,"Mrpl46"
-0.203835626838501,9.40689185126212,-2.53058758707194,0.0162474470614123,0.0706343754575018,-3.73437498334577,"Mrpl48"
-0.0142967964611642,8.41577712757888,-0.164485049778793,0.870335447190607,0.928517381041302,-6.69001633462698,"Mrpl49"
-0.0666880324008512,8.15007664046482,-0.947869512136756,0.349967737681058,0.552511609544545,-6.25402740094454,"Mrpl50"
0.295965711675803,9.36021159311861,2.86571516107885,0.00712919057728743,0.0388675763040654,-2.98320728197717,"Mrpl52"
0.188219399450649,7.250065999162,1.39635926863453,0.171768992678366,0.351412182587017,-5.74265060145002,"Mrpl54"
0.0261475351629093,7.4373219457135,0.245051230476625,0.807908157782351,0.889775243436644,-6.67330006361905,"Mrpl55"
0.00368413078541394,8.53392210895387,0.0542226817620328,0.957079067216985,0.977826121550902,-6.70224446633711,"Mrpl9"
0.0456391648273306,7.96166808648009,0.372036871646708,0.712202964491154,0.832619378914573,-6.63366614424976,"Mrps10"
0.201677277316029,7.88443760811823,2.72238979105979,0.0102000972420033,0.0504304807759047,-3.31171529625576,"Mrps11"
0.0724026776545494,8.95089250628719,0.890476744487558,0.379545766394199,0.580209807495913,-6.30621735883306,"Mrps12"
0.0805536646793874,8.43769828380547,0.899738271760782,0.374666771463604,0.576225839734967,-6.29800515544101,"Mrps15"
0.21989479746332,8.36732764425573,1.85425411109477,0.0725030903763903,0.199838383726174,-5.04437002879478,"Mrps16"
0.0726754492575244,8.68434524010238,0.964135344194063,0.341870342376233,0.544520022204373,-6.23867438937554,"Mrps17"
0.0474364516091162,8.49909772418484,0.526042709631094,0.602315738674064,0.75169080374504,-6.56393893873346,"Mrps18a"
-0.0362513376716217,7.46466156108061,-0.631280392580112,0.532131117140237,0.706379895693133,-6.5027767822527,"Mrps18b"
0.23992157229616,8.54649773881301,1.9360810567916,0.0613123315869916,0.178934078815508,-4.90246209335356,"Mrps18c"
-0.139299987351207,7.67750321917465,-2.0346936825588,0.0498392919563254,0.154765732349599,-4.725004203074,"Mrps2"
0.0861789535545675,8.58248901058221,1.13289634596848,0.265282184659154,0.466463757753178,-6.06495207651974,"Mrps21"
0.117610913829656,8.13443322632334,1.47609741902654,0.149234349833893,0.322485324339041,-5.63328434425418,"Mrps22"
0.0211972436544273,8.19039900036414,0.291451543547505,0.772498844789178,0.868724927357522,-6.66069897978312,"Mrps23"
0.276529396692083,9.21602823874754,2.2771050893914,0.0292737857278731,0.107632133715333,-4.26032854193512,"Mrps24"
0.102835220549611,8.32181022233523,1.22204003838846,0.230201677009255,0.426647209539755,-5.96274601166356,"Mrps25"
0.0798203357579293,8.87546478439142,0.902609183887077,0.373162631021343,0.574964603800988,-6.29544308626426,"Mrps26"
-0.0609580933651042,6.23004468149269,-0.811029227354636,0.423060218048232,0.61750873505564,-6.3733231928685,"Mrps27"
0.129741923042756,7.60908597395571,1.86142798895008,0.0714564782411471,0.198215082381796,-5.03212643562625,"Mrps28"
0.0125103835995846,7.35207431259535,0.114363322201964,0.909630864114405,0.950158769343951,-6.69710225541566,"Mrps30"
-0.105338163811652,8.0775080046262,-1.8129758681072,0.0787832949887878,0.21178259948212,-5.11407094149122,"Mrps31"
-0.022667643794958,10.2515963793192,-0.297240853399044,0.768113693228188,0.867172382449185,-6.65897455229117,"Mrps33"
0.17892303894622,9.02064359707521,2.05266141220501,0.0479645501019651,0.150801263194645,-4.69192977330309,"Mrps34"
0.0471551851199251,7.16542157607044,0.658675337904937,0.514595583210598,0.692397418925039,-6.48507235435905,"Mrps35"
-0.096570761467419,7.79794129367669,-1.9399784645152,0.0608187741958468,0.178008751172174,-4.89558080662453,"Mrps5"
0.944063660775025,9.48176074690393,6.27618931540998,3.98395494673016e-07,1.68832645347565e-05,6.41908555044824,"Mrps6"
0.053337655585441,8.25563664890507,0.525479201932445,0.60270303892746,0.75169080374504,-6.56423704459129,"Mrps7"
0.0346983014185847,8.15314799474607,0.565943600814741,0.575194914344815,0.735839872444964,-6.54203285177938,"Mrps9"
0.0170806173547947,6.88132678039756,0.228138433195604,0.8209221597881,0.897553498565161,-6.67735310606194,"Mrrf"
0.0651133154633063,5.22096713294936,0.62051631667407,0.539106842702033,0.711051510924124,-6.50953237913089,"Mrvi1"
1.97947623888578,6.73076481634397,8.34136580753787,1.07552530978405e-09,2.46539733510952e-07,12.1812971327289,"Ms4a6d"
-0.0223739806195001,4.46541381724455,-0.170891327343718,0.865334790623323,0.925335739845933,-6.68892731770605,"Msc"
-0.201391707744132,6.93873717051657,-2.32378382488414,0.0263288849184175,0.099607326814388,-4.1664304267522,"Msh2"
0.0913018330984481,6.91868285956861,0.7175693574624,0.47798532214167,0.662219774604518,-6.44453552420081,"Msh6"
0.224105463490987,7.55001834823756,2.81503217510512,0.00809971524402986,0.0426380929713199,-3.10055706314304,"Msrb2"
0.0782240720852451,6.2052208993396,0.753992021069317,0.456108929543411,0.64538645670242,-6.41778315091617,"Msx1"
0.408353455854048,11.3121929020891,3.5661354753945,0.00111312252825425,0.00927847423138215,-1.24723760404064,"Mt1"
0.573381593048337,9.46648409602026,4.18034710254333,0.000196036738875988,0.00244102043000397,0.408290095164651,"Mt2"
0.461085096346193,9.74608742056152,3.01695549292432,0.00484222236619097,0.0291748236471936,-2.62571829615809,"Mt3"
0.0982267341464704,6.14281476247417,1.16489081907055,0.252272039130597,0.452260182486883,-6.0290886833292,"Mta2"
-0.0314069002279328,7.29975784117562,-0.631426814313319,0.532036557988441,0.706379895693133,-6.50268410508289,"Mta3"
0.143552834038529,7.6677910428601,2.53617769001912,0.0160322592777402,0.0701220152104457,-3.7223457941715,"Mtap"
0.101748756459761,10.5042282284434,1.48039352142937,0.148090469389743,0.321351220797106,-5.62724040472406,"Mtch1"
-0.103492308809753,10.1487081876478,-1.56488838258413,0.126985418369121,0.294025465948337,-5.50526658516431,"Mtch2"
-0.134259830141887,8.42896281247354,-2.45829149180744,0.0192795647143013,0.079425988239946,-3.8883182064826,"Mtf2"
-0.0913419560692365,6.79977282738032,-1.55746740197049,0.128735394819781,0.296444107797332,-5.51621407178196,"Mtg1"
0.0465407027048586,7.90816448701895,0.701779109576137,0.487652729026456,0.669336397290386,-6.45573457903477,"Mthfd1"
0.0119882690579422,7.3295190321184,0.117632495578558,0.90705965867283,0.948434969663504,-6.69671765748517,"Mtmr1"
-0.162827664669049,7.01395975669302,-1.29880837496584,0.202858006285241,0.394985685597092,-5.86907635107648,"Mtmr2"
-0.0543632526736337,6.95689457580706,-0.908684467174304,0.369992548451894,0.572353503632792,-6.28999575034929,"Mto1"
-0.168106437800494,11.5661165096062,-2.81054820930873,0.00819128262515395,0.0430298315402618,-3.11087773527621,"Mtpn"
0.203029126608118,5.65146045350911,2.34384876321785,0.0251473107616911,0.0965863580892675,-4.1256472701956,"Mtrf1l"
0.0464192869874842,7.31470743752189,0.506659727549423,0.615704449164825,0.760469639269707,-6.57401230419702,"Mtus1"
0.0805277877956467,9.6755783427197,1.18256041632599,0.245289228125532,0.445121834270263,-6.0088881015789,"Mtx1"
-0.0789729621569169,6.76314551128787,-1.22344459780637,0.22967789385477,0.425832948055002,-5.96107888978081,"Mum1"
0.0286668460826339,6.38717040650431,0.378221664936392,0.707646476592319,0.829728244932589,-6.63132213978555,"Mus81"
0.016147867464774,6.79262922486521,0.220431379059269,0.82686993344796,0.900896503985364,-6.67910425865919,"Mvd"
0.32215269332337,6.06409480461129,2.81936121031519,0.00801222066778909,0.0423095589818433,-3.09058345419454,"Mvp"
0.0939683153513913,7.68090868770762,1.49608550505724,0.143971704405971,0.316552475452855,-5.60503373353741,"Mxd4"
0.682560383372291,6.21843337483624,8.35324187072017,1.04096074545418e-09,2.46539733510952e-07,12.2130359010615,"Mxra8"
0.0176488373285378,8.82334057184801,0.223224315236923,0.824713318114289,0.900027973003757,-6.67847659476862,"Myadm"
0.129886474263573,7.57993986996241,2.32148103372835,0.0264676493510557,0.0999074518543218,-4.17109489460569,"Mybbp1a"
0.0935938030485545,7.43534210419808,0.987001666081477,0.330700606057928,0.536998996867392,-6.21667407865892,"Mycbp"
0.0299778307242614,3.62393717411784,0.129179567547683,0.897986217366384,0.943053830524505,-6.69527253911742,"Mycbpap"
0.835338678177118,6.28742067163586,7.46662447926526,1.24902621236811e-08,1.06759986253769e-06,9.79500562625351,"Myd88"
-0.0775304454183848,7.8094203353842,-1.12400519801893,0.268982015210314,0.470345458635788,-6.07475438777951,"Myef2"
0.0986504219780923,7.93381769738041,1.40708535444909,0.168590933012027,0.348016404084999,-5.72825173625499,"Myg1"
-0.0611123044829238,9.16687478987447,-0.53691327577082,0.594867421731319,0.749042798449699,-6.55812673650761,"Myh10"
0.356397678440879,3.75165131319093,1.34631740276599,0.187218488899402,0.372737007311363,-5.80852898797676,"Myh8"
0.601032467085436,8.7701155762435,4.80509784236807,3.15184252679488e-05,0.000569983401718899,2.16970956575212,"Myh9"
-0.219703654780554,3.51018973552318,-0.710343988675162,0.482395333574938,0.665040915040573,-6.44969003018647,"Myl1"
-0.404427997865755,7.25528278121566,-3.04702724847881,0.00447916722490249,0.0273799276547676,-2.55338422837339,"Myl4"
0.00402505469548901,6.26301163526984,0.032094413289144,0.97458676651814,0.985925990682243,-6.70321337673776,"Myl6"
0.564512502969702,7.58235339456253,4.80372170127346,3.16469070952393e-05,0.000569983401718899,2.16577400527857,"Mylk"
-0.140711328891492,7.2279439212748,-2.333358483491,0.0257589402585946,0.0981135466194054,-4.14700069792821,"Mynn"
0.358143602106541,7.42511605219863,4.30020780509661,0.000138561179707503,0.00182699648245206,0.741489479472031,"Myo10"
0.0227766085234522,7.88055366053424,0.200682286150109,0.842157568482337,0.909728380648713,-6.68331762459651,"Myo18a"
-0.184841263657796,9.88776848653038,-3.28287473037894,0.00240439552381764,0.0169823061997372,-1.97273292364428,"Myo5a"
0.146885681464297,7.25683281725997,2.03780030915951,0.0495106272049256,0.154124748762,-4.71930175027074,"Myo5b"
0.0488040523033967,8.29907402504038,0.567364030620415,0.574240654816301,0.734984557454607,-6.54122405624246,"Myo6"
0.337552691809351,6.78881178578265,2.61245149155197,0.0133464249383894,0.0616147874204817,-3.55644957101681,"Myo9b"
-0.027053415260754,7.93588276164743,-0.216095814487145,0.830220416275377,0.902717024423615,-6.68006299139305,"Myrip"
-0.152624912917816,6.81188732211432,-1.752273035877,0.0888550271833951,0.230502007245814,-5.21422784482728,"Mysm1"
-0.0389916473140154,4.93699773812997,-0.432072497839006,0.668450634790294,0.798814348636837,-6.60929581016269,"Myt1"
-0.014343753597158,9.98534718879805,-0.140807144810588,0.888863585112242,0.938162214257228,-6.69368085270384,"Myt1l"
-0.398903275228067,8.3595698364482,-3.87926511671225,0.000463747753313508,0.00478257652343563,-0.415370647834298,"N28178"
-0.00842859173204081,6.26224161531332,-0.0564723751654281,0.955300191845059,0.977196524842725,-6.70211814498487,"N6amt1"
-0.0948347243054338,8.04625234794759,-1.19777170704248,0.239392298588536,0.438205212988016,-5.99127424074162,"Nab1"
0.077604282941833,12.2730209973113,0.731603122670877,0.469485979394444,0.655305229473065,-6.43437955609421,"Naca"
0.0385249921335635,8.1798526084468,0.480931926367637,0.633683766568443,0.773769306248101,-6.58680772999842,"Nadk"
0.254577041519305,8.77985397308032,3.73762940861462,0.000691047019004949,0.00657913604339035,-0.795131370791578,"Nagk"
0.505481118268306,5.69885961057877,4.10967624058648,0.000240290325214366,0.00287152632714703,0.213151933698273,"Naglu"
-0.263495345578337,7.22474446738804,-2.88192191382148,0.00684260640719764,0.0377128569524565,-2.94541702003966,"Nanos1"
0.101957739815883,7.19466308803434,1.37762603685922,0.177431647770605,0.359786007119888,-5.76756332438742,"Nans"
-0.156392990335038,11.3162483571795,-2.6164950989394,0.013216346896401,0.0611954511730531,-3.5475640975315,"Nap1l1"
-0.234073678434637,8.01157974902923,-2.73218370357074,0.00995616957745955,0.0495157427802056,-3.2896010620906,"Nap1l3"
-0.0105901756064736,8.97143092566632,-0.159757794198084,0.874028971096477,0.930216957717261,-6.69079329707207,"Nap1l4"
-0.394643936236034,10.309701780152,-5.42853106488564,4.94466714135672e-06,0.000124548268185649,3.96642144517525,"Nap1l5"
-0.307719459930583,9.59402680644195,-4.65603915480962,4.89286831131798e-05,0.000812510711987811,1.74458444658224,"Napa"
-0.106346993711339,11.6096013964382,-1.82569021226172,0.076801322865315,0.208118791622667,-5.09273837938231,"Napb"
-0.165690160172183,10.7922336178916,-2.34092722430848,0.0253163161920107,0.0970138165321503,-4.13160107116062,"Napg"
-0.159650155096194,10.0803967100064,-2.38439188888063,0.0229050690252673,0.0892898632701612,-4.04248011329056,"Nars"
0.0437296975100328,6.38121323946848,0.540989986974556,0.592085509269594,0.74740606339088,-6.55591690471493,"Nasp"
-0.0169770458559491,8.81619239656115,-0.11029949138289,0.912828444472596,0.951901126028805,-6.69756524008462,"Nav1"
0.293165718856712,6.69582866631232,2.93870474437721,0.00592159632798398,0.0338578347868744,-2.81201883845558,"Nbl1"
-0.128473922235787,8.82120572617084,-1.45076894177743,0.156122171330628,0.331086673683917,-5.66860403253867,"Nbr1"
-0.301147283194895,10.5188203396482,-5.19346906993829,9.95648350568441e-06,0.000228229755996211,3.28650298993936,"Ncald"
0.145558363999279,9.26114049074806,1.89170717400159,0.0671804049540087,0.190372663356253,-4.98002858347432,"Ncam1"
0.027946527803662,6.53775038203055,0.343359690785845,0.733468385393701,0.845367117171372,-6.64403354859693,"Ncam2"
0.124849624651799,8.80959516238434,1.13606519870553,0.263972440770522,0.465296406433325,-6.06144120577413,"Ncan"
0.0465080619311044,9.12412069276787,0.713035617108213,0.480749798777431,0.66422499595468,-6.44777576123584,"Ncaph2"
0.0599293947038757,8.75283894913061,0.921826625918071,0.363195000543078,0.565655462550569,-6.27809311183207,"Ncbp2"
0.0157838899706157,12.8640775437355,0.114377173655107,0.909619967836484,0.950158769343951,-6.69710064872532,"Ncdn"
-0.104959101706972,7.13606772853707,-1.38527826979027,0.175101221980981,0.356637908905527,-5.75742304802915,"Nck1"
-0.194460732345276,7.78302373332553,-3.07960662641789,0.00411497688615467,0.0258641991410769,-2.47456721639636,"Nck2"
-0.164591582417885,10.897351654263,-3.07158174726532,0.00420198539595024,0.0261289918024378,-2.49402436078921,"Nckap1"
-0.187464067632372,7.4920675761776,-2.38634039274039,0.0228020217821954,0.0891829506160392,-4.03845768283717,"Nckipsd"
-0.0485664561270548,9.96123282684339,-0.617827278508991,0.540856939870564,0.711965948255613,-6.51120231702679,"Ncl"
-0.0717786066993776,9.30872705685123,-0.54564048073065,0.588919693689932,0.744326598872527,-6.55337599659198,"Ncoa1"
-0.120510873586695,8.70477902466925,-1.55842108409884,0.128509411576576,0.296058913924473,-5.51480970678955,"Ncoa4"
0.108661990550323,6.37168551099529,1.50540889435989,0.141568332289569,0.31332705522664,-5.59174284175219,"Ncoa5"
-0.125504593691258,7.23542712791815,-1.15947253766927,0.254442027590424,0.45437363496406,-6.03522697245208,"Ncoa6"
-0.14701861870319,9.5744521772665,-1.30844526225267,0.199607657665644,0.39031462489641,-5.85695306503969,"Ncor1"
-0.109207580690844,6.16209110741371,-1.07246887755003,0.29115673139685,0.496551706606126,-6.1301584582491,"Ncstn"
0.177951240752636,6.19176469729983,2.4213358865119,0.0210215497611582,0.0846062852717643,-3.96582154751675,"Nde1"
-0.111814490045563,9.51532812561052,-2.20419574435259,0.0344684173083147,0.120795155306346,-4.404199049932,"Ndel1"
-0.0196236861088514,12.4085432306344,-0.217334775396995,0.829262626859291,0.901870051164849,-6.67979095523076,"Ndfip1"
-0.301373608284138,9.12180236196297,-4.57822592527144,6.15088443753903e-05,0.000975437428255011,1.52368464117676,"Ndfip2"
0.0939717590562873,12.3951377702874,0.838184824999469,0.407853700757581,0.603877337909712,-6.3510612260355,"Ndn"
-0.0874768412499229,9.6155034411029,-1.69761809981696,0.0988304915092851,0.248827842576797,-5.30197924576266,"Ndrg1"
-0.165380572932129,9.8992151952066,-2.29188400163089,0.028310826120479,0.104901907513281,-4.23074876460399,"Ndrg2"
-0.520062411331279,10.0010544312729,-7.00561579857846,4.7041793091767e-08,3.00293370331369e-06,8.50239425354962,"Ndrg3"
-0.146176162904733,11.7618827119107,-1.65881776266456,0.10646571699513,0.261141347668503,-5.36285729358106,"Ndrg4"
0.0350795711936712,9.043842415209,0.242398784250177,0.8099455862867,0.891092917671298,-6.67395479503018,"Ndst1"
0.135474900291469,11.1222281472612,1.27908517932416,0.209635656406889,0.403971194214727,-5.89363574808788,"Ndufa1"
0.0363898959253779,10.2266814195854,0.359505088674744,0.721468278335277,0.839493430467191,-6.63829810264197,"Ndufa10"
0.121314280394313,10.2472369622955,1.21187148589503,0.234020191419961,0.431188829130751,-5.97476321591957,"Ndufa2"
0.123498077958278,11.4725159099593,1.27074504807114,0.212552679240619,0.406177779996378,-5.90391853747191,"Ndufa3"
0.119985868021025,10.8526067030717,0.663381905977052,0.511614791564433,0.68949048472994,-6.48195689654033,"Ndufa4"
-0.0501698023418632,10.7223998270515,-0.556255394272789,0.581724363640294,0.740443201877336,-6.54749628414873,"Ndufa5"
0.125723390613094,9.84927248917103,1.26300073799165,0.215288645845023,0.409389381974529,-5.91341208930984,"Ndufa6"
0.163846942637503,11.5237014796116,1.42414099376635,0.163632673546429,0.342122542576552,-5.70515493938421,"Ndufa7"
0.0686545215136079,10.781138095151,0.866150944323904,0.392554066244388,0.590059659037391,-6.32740093187555,"Ndufa8"
-0.0426384034290317,10.0379324187268,-0.709835414310352,0.482706611027852,0.665288176937267,-6.45005093628952,"Ndufa9"
-0.135966124220498,8.00498807630544,-2.39559300363321,0.0223184156595466,0.0878624279243508,-4.01932530084779,"Ndufaf1"
0.0182243186756801,9.92144012455009,0.20008832510624,0.8426183462623,0.909919554646848,-6.68343823716998,"Ndufb10"
0.105137556862785,10.0208425413577,0.811261789961471,0.42292853141113,0.617495247222447,-6.3731355286319,"Ndufb2"
0.00251107232119052,9.85806962154288,0.0295339204720523,0.976613601428775,0.986591024039526,-6.70329342592485,"Ndufb3"
0.194120861767818,3.80137366011442,0.972585671389212,0.337713461776425,0.542504142362025,-6.23060081889621,"Ndufb4"
-0.000937016510414839,10.6478240616671,-0.00989155797854848,0.992166340951972,0.994532867704392,-6.70368627863096,"Ndufb5"
0.0439211013531303,10.2695758816295,0.437284285370077,0.664704691450099,0.795698511079304,-6.60701033102321,"Ndufb6"
0.177445903742377,10.0507022615112,1.87606488672545,0.0693611528246067,0.194759629005842,-5.0070271554377,"Ndufb7"
0.12405337156324,10.7118051638739,1.08818953630435,0.284260214816144,0.488257582873915,-6.11351432851833,"Ndufb8"
0.102341482390707,11.1533480063174,0.887498521480576,0.38112334196145,0.581368727619962,-6.30884094348076,"Ndufb9"
0.349943960930221,11.5186558396843,2.86977574594702,0.00705634846379592,0.0386375301877555,-2.97375094488693,"Ndufc1"
0.0827233533173092,5.1278041313126,0.391453211521127,0.697935323853331,0.822356971540269,-6.62617882198858,"Ndufc2"
0.00509288086279744,10.087483977264,0.0642526773446168,0.949150011144347,0.97347234211937,-6.70164170162967,"Ndufs2"
0.0352345709633545,9.96786632118128,0.420720248810874,0.676639822497737,0.805356295694144,-6.61418020399838,"Ndufs3"
-0.131513120474265,10.707743920874,-1.11472570667286,0.272882775756025,0.475307955790071,-6.0849085131141,"Ndufs4"
0.00337966714819743,10.6187269729888,0.0438887493758978,0.965253032510561,0.98100988370632,-6.70275876893262,"Ndufs7"
0.130347758666873,11.6434200947208,1.48601582167527,0.146604063096806,0.320053805280169,-5.61930748765355,"Ndufs8"
-0.0257763287548108,11.3235654044303,-0.495156778472473,0.623714154026509,0.766352447452577,-6.57981435559246,"Ndufv1"
0.10297944600484,11.540885575743,1.25094645482448,0.219599906538965,0.412916602787472,-5.92808423044511,"Ndufv2"
-0.206589983654191,10.3425683777564,-3.23790048860481,0.00271112677086766,0.0184261621367731,-2.08520956678678,"Necap1"
0.304236527359024,7.31826368687546,4.69672207271397,4.34022416661707e-05,0.000736961295361949,1.86037086199791,"Necap2"
0.175749197074644,5.84925632025048,2.07754740548104,0.0454703548904867,0.146335034915587,-4.6457496785232,"Nedd1"
-0.0198538446986579,9.43981760563075,-0.228008859530611,0.821022067991491,0.897553498565161,-6.67738304284429,"Nedd4"
0.0800737158156293,9.08693746553379,0.944894968749638,0.35146216415967,0.553709370152208,-6.25680826620027,"Nedd4l"
0.137904990123263,9.78866481702918,1.66651766836596,0.104912786576124,0.258211411763491,-5.35087053113825,"Nedd8"
0.498691585840341,7.30964429615867,5.04876255178034,1.53085946055573e-05,0.00031516620522798,2.86915493905665,"Nedd9"
-0.0702804467596351,7.41779070243449,-0.621292043189622,0.538602531104624,0.71085385091877,-6.50904932305419,"Nefh"
-0.370408891082323,9.15185091579929,-4.20756603247917,0.000181216728558588,0.00229041594516531,0.483716067740283,"Nefm"
-0.18110162873945,8.74907480455127,-1.71510414941913,0.0955418632017557,0.243057779441008,-5.27415716920881,"Negr1"
-0.00768737091860488,5.06983551834914,-0.0796826024137953,0.936962680864426,0.964306693795776,-6.70051521057894,"Nek3"
0.220463845973603,7.75141676569422,2.15668525456443,0.0382819688651326,0.129567764420714,-4.49607700455195,"Nek9"
-0.178296163025533,8.30825447404824,-1.5291405142071,0.135596051062292,0.306009908539168,-5.55758822749485,"Nell2"
0.191764177960348,8.37314193835202,1.87180471767366,0.0699655035272299,0.195477027306272,-5.01434886588959,"Nenf"
0.0313193329066249,8.42499700481686,0.373347019998854,0.711236842498758,0.832582961170204,-6.63317280380709,"Neo1"
-0.219140698817907,5.55920397522962,-1.71492669243296,0.0955747722846559,0.243057779441008,-5.274440720063,"Net1"
-0.221207917402281,9.41305027518584,-2.16388565227835,0.0376808976309131,0.128135378794804,-4.48224900265518,"Neto1"
-0.110830949082624,7.44627464158371,-1.74732928190105,0.0897210720966781,0.232151547759645,-5.22226054368274,"Neu1"
-0.394383749914768,5.39495005655912,-3.14712287736762,0.00344766977066352,0.0224343208431692,-2.30977182959908,"Neu2"
-0.122552151609758,7.5986044650822,-1.60491753693127,0.117876985598124,0.279410139055142,-5.4454444048176,"Neurod2"
-0.133275579240383,7.18369223912582,-1.04285083996469,0.304467351050344,0.510257566523383,-6.1609017274782,"Nfat5"
0.18195823074675,6.18052354625782,2.20900405396753,0.0341020156151228,0.119760769322468,-4.3948174066833,"Nfatc1"
-0.010089610412595,6.00443260493862,-0.134699321814898,0.893653755185322,0.940658711625877,-6.6945340207311,"Nfatc3"
0.013224457544425,8.35579130142819,0.129641589282759,0.897623452088752,0.942869208265689,-6.69521190628311,"Nfe2l1"
-0.0214762504584031,9.34617692517961,-0.289856772866061,0.773708156676521,0.868724927357522,-6.66116807701623,"Nfib"
-0.156048418034833,7.66960298791373,-1.17838062983278,0.246928101457877,0.446969998439366,-6.0136918529146,"Nfic"
0.0836112525178309,6.12328762391492,0.683319636944255,0.499092874302146,0.678965569221938,-6.46851996318317,"Nfil3"
-0.194945236957315,10.5932209346097,-1.27614906365079,0.210659110701108,0.404728526616818,-5.8972627222579,"Nfix"
0.18053377198309,5.94894583128524,1.40188836396152,0.170124957950447,0.349466461484359,-5.73524047188915,"Nfkb1"
0.356155531749448,9.68559150830429,4.69330825123873,4.38411900765755e-05,0.000739488341899513,1.8506475006763,"Nfkbia"
0.489943968582155,6.23249546942645,3.99352355983363,0.000335136324098435,0.00371448897237013,-0.105243278221075,"Nfkbiz"
-0.0816680768439696,6.47686098380301,-1.2502656390159,0.219845321857847,0.413223987375745,-5.92890908399165,"Nfrkb"
-0.0612870797003397,8.03570849170909,-1.03262150042222,0.309161176327602,0.514831593031007,-6.17133247510266,"Nfs1"
-0.221294996303976,8.20481771606346,-3.86050194160904,0.000489032332831004,0.00500241390358367,-0.465987080155752,"Nfyb"
-0.0519655899064723,8.05299449702786,-1.14102012392761,0.261933834190188,0.463526673026464,-6.05593331563769,"Nfyc"
-0.257591909200896,9.06905639997379,-3.32343402806727,0.00215647053740067,0.0155398222002974,-1.87062786514962,"Ngef"
0.0991207183397821,10.0260112801927,1.2383737159246,0.224165259705973,0.418846018783706,-5.94325100024073,"Ngfrap1"
0.0975585128427833,6.97032477678142,0.929429131520452,0.359300265620004,0.561671183980682,-6.27113352931951,"Nhlrc1"
-0.150189232785028,7.39858013986085,-1.42167524090272,0.164342312067993,0.342710102502415,-5.70850930024935,"Nhlrc2"
-0.182515994988072,9.74390015930924,-3.27436543520355,0.00245976244624264,0.0172306515840483,-1.9940744289475,"Nicn1"
0.212611861175943,4.53874298463919,1.83107236930694,0.0759752096460592,0.206407111537136,-5.08367133667004,"Nid2"
-0.0359075765624549,7.05472131591646,-0.618535583885548,0.540395668242591,0.711544479098535,-6.51076313495133,"Nif3l1"
0.0599609729312445,6.9643984296322,0.644167158042216,0.523843037766709,0.699613463839384,-6.49453984604433,"Nin"
-0.0366414674784682,7.98142490042114,-0.48640034518868,0.629842810424536,0.770507123769161,-6.58414306152049,"Nip7"
-0.0897262839710672,9.28265453549955,-2.22561379063552,0.0328629443213433,0.116259555865647,-4.36229314551319,"Nipa1"
0.101233255181794,7.7958492786469,1.35412856494733,0.184738586178096,0.369403921529,-5.7983873435722,"Nipbl"
-0.0686927913921312,8.95469041557151,-0.830982621037995,0.411853259383661,0.606770665226936,-6.35703407686899,"Nipsnap1"
0.218170934753887,7.50789027282931,2.01522319253648,0.0519430204687951,0.159822240527232,-4.76058953796759,"Nipsnap3b"
0.113232409091395,10.244650842238,1.031597054795,0.309633992001397,0.514831593031007,-6.17237178243767,"Nisch"
0.00706840324594597,7.97297161503414,0.123393888828078,0.90253081602984,0.946446850746201,-6.69601350477353,"Nit1"
0.118193244188571,6.37205800166126,1.19923388078955,0.23883101110338,0.437336524689305,-5.98957024383219,"Nit2"
-0.167606647788176,5.63344039115617,-1.71319999484422,0.0958954806860519,0.243330058388419,-5.27719845433983,"Nkd2"
0.275804226732259,6.16039744498646,3.95119723754539,0.000378099166484254,0.0040917469883693,-0.220499219663432,"Nkiras2"
0.249743775968876,5.31651124321257,2.46094298945895,0.0191597937422176,0.0794250336854314,-3.88272627027154,"Nkx2-2"
-0.0796113737871813,5.23269408052918,-0.689342868703769,0.495343705069449,0.675687937426354,-6.46438454871545,"Nle1"
0.00655035576078806,6.87757900885007,0.0460989264047267,0.963504468452658,0.980616152251615,-6.70265787874426,"Nlgn1"
-0.0225667624062849,8.30262011336278,-0.196998591759078,0.845016176938072,0.911532958352663,-6.68405990004863,"Nlgn2"
0.266815625131361,5.40786307705017,1.93070817167576,0.0619984196171827,0.18050877967921,-4.911930427871,"Nlgn3"
-0.314126076253227,9.95393498316201,-3.43412574349771,0.00159830289905059,0.0124084008532689,-1.5888641679234,"Nlk"
-0.0749302567413922,7.27925915274262,-1.19617922282298,0.240004714026978,0.438689297875336,-5.9931279312718,"Nln"
0.17074076968908,5.41533512719528,2.28776370906239,0.0285763871931328,0.105575619498146,-4.23900943855891,"Nlrx1"
0.475798713736252,11.0621907966867,3.31595118406159,0.00220028880644948,0.0158063482206905,-1.8895124110826,"Nme1"
0.458687391912047,10.9563403717942,3.42759846300579,0.00162694621847322,0.0125838800303074,-1.60560158603339,"Nme2"
-0.162515509294808,6.52205382048747,-2.17872615061917,0.0364684541724393,0.125364972318753,-4.45363951320378,"Nme5"
-0.0476257706153999,7.43587276473232,-0.672100606643105,0.506117992310443,0.685563533500285,-6.47612860172213,"Nme7"
0.0258317684154192,9.90413394003338,0.525362034295431,0.602783583253012,0.75169080374504,-6.56429898895065,"Nmt1"
0.670494532636842,8.55885092356326,3.63198582768111,0.000927722936912017,0.00821395876280268,-1.07469696004039,"Nnat"
-0.0678697387261407,6.75419816632326,-0.848855802469823,0.401972499673993,0.599925219253017,-6.34212090589733,"Nob1"
-0.0839288585999426,5.77233860830284,-0.891125615558865,0.379202614612565,0.580017829994287,-6.30564464196873,"Nol10"
-0.145744887301119,7.56797350500252,-1.71279225431799,0.0959713436713397,0.243330058388419,-5.27784932355261,"Nol11"
-0.1972778892479,8.55496191338065,-1.99186087669958,0.0545693493282752,0.164687749049965,-4.80293471341504,"Nol4"
-0.187713851470387,7.10316448053827,-1.14051112328461,0.262142727086814,0.463559634195151,-6.05650014146491,"Nol6"
-0.263484032289713,7.66544658477028,-1.61229359312531,0.116258464975737,0.276552565505964,-5.43427996518594,"Nos1ap"
0.182756695622843,6.13585359199994,2.89324069480435,0.00664890804696787,0.036807336953561,-2.91894900698551,"Nos3"
-0.0967486932236023,7.65978512229362,-1.49397103385272,0.144521293682165,0.316987852762576,-5.60803797708784,"Nosip"
0.363479322785587,6.57779909186607,4.10117546181409,0.00024623250255295,0.00293558040277666,0.18974933995495,"Notch1"
0.204503265445327,6.0679595480772,2.20589699838155,0.0343383789072589,0.120423118796458,-4.40088141525587,"Notch4"
0.385178556908344,9.57345402922505,3.4448426620199,0.00155232302445477,0.0122127379287448,-1.56135116939403,"Npc2"
0.19234075585448,6.2571177909476,2.47293664396082,0.0186264717412438,0.0779150918139193,-3.85738016698603,"Npepl1"
0.0166290781770449,7.29526764541964,0.300373713460686,0.765743907664616,0.865840028330193,-6.65802731818262,"Nphp1"
-0.0133414555437756,6.12288716256577,-0.137428816666463,0.891512587486888,0.939189049236761,-6.69415742254241,"Nphp4"
-0.033292373294126,10.581178105111,-0.591294902252009,0.558282533925666,0.723737967337955,-6.52729907429423,"Npm1"
0.0205302216125262,6.60279073532099,0.190260924577343,0.850250214577503,0.914999647923898,-6.68538206351834,"Npr2"
-0.364943635554244,6.04281617504641,-4.19163878577108,0.000189749660913773,0.00236858301977267,0.439562641119098,"Npr3"
-0.216088496857464,11.2575780710356,-3.50301146148892,0.00132412885305228,0.0107702932353913,-1.41132610599534,"Nptn"
0.0767167816872292,9.50153053353941,0.848894181065962,0.401951444090547,0.599925219253017,-6.34208855621515,"Nptx1"
0.275250419440617,7.07503156115723,1.52327062171487,0.137054007981334,0.307593841677734,-5.56607941477078,"Nptx2"
0.205192013694384,9.68917753323244,1.67312391558616,0.103595447410385,0.256471203382706,-5.34054894437414,"Npy"
-0.520704885099392,6.18157110359628,-4.06979995758909,0.00026943625537955,0.00311643815568595,0.103507098068943,"Npy1r"
0.652327484302873,5.72724210338953,3.37512450056589,0.00187582977326788,0.0139982150841464,-1.7396056234009,"Npy2r"
-0.239391573358264,6.86894923904619,-3.39578659839937,0.00177375186880175,0.0134511739464169,-1.68695826093461,"Npy5r"
0.249822295019056,6.38115926476596,2.0348091688287,0.0498270399877241,0.154765732349599,-4.72479234004411,"Nqo2"
-0.359273384868896,5.00141105369704,-1.15484312042119,0.256306806502922,0.457022555316985,-6.04045066755913,"Nr1d1"
-0.425884483781249,9.1548347684772,-4.9498837708729,2.05295623041184e-05,0.000393652405702164,2.58474494325683,"Nr1d2"
-0.142083876823104,6.80190595164306,-1.12916743138407,0.266829396140441,0.468367784453966,-6.06907183484377,"Nr1h2"
-0.35307785700124,9.1092951992905,-5.00477046529338,1.74446348479831e-05,0.000346351549363696,2.74253180950156,"Nr2f1"
0.0681491074779284,6.99165033943796,0.741002404285006,0.463842602298142,0.651818528208592,-6.42747099971831,"Nr2f6"
-0.124784081327983,8.96881874219078,-1.27569756021113,0.210816827752595,0.404728526616818,-5.89781979307894,"Nr4a2"
-0.196136898019868,6.10605882601285,-2.29551413018052,0.0280787002868691,0.104372776199997,-4.2234618819775,"Nr6a1"
-0.0914748652854423,7.59241714424244,-0.829995669426148,0.412403226174595,0.607148567180309,-6.35784871364821,"Nrarp"
0.323694319790239,8.63575034562369,5.86216353879348,1.35963231565239e-06,4.69631901906506e-05,5.22283837617383,"Nras"
0.0258073306426316,7.78398690615672,0.36929355336488,0.714227489344434,0.833761395547218,-6.63469357825745,"Nrbf2"
0.0502857262708018,8.36449561566523,0.690160830087303,0.494835778804267,0.675352331034595,-6.46382023506793,"Nrd1"
0.00153427639108945,6.41208897815261,0.0229985711326148,0.981787536761507,0.988846524443435,-6.70346758777649,"Nrf1"
-0.280665155724557,6.97473106706057,-3.62583056507945,0.000943701370410223,0.00828107061711466,-1.09088236005653,"Nrg3"
-0.376559354408104,9.43355770841257,-3.69680363716853,0.000774597009044195,0.00711528727979941,-0.903559684376568,"Nrgn"
-0.16849369262702,9.43512804484581,-1.91603942028057,0.0639054351697531,0.183970513714127,-4.93767343394405,"Nrip3"
-0.319679628589538,3.71490160524181,-1.18981335691875,0.242464337663217,0.441584562959769,-6.00051535655567,"Nrl"
0.281584771380333,5.18455071792308,2.90672887153837,0.00642481086564949,0.0361207594152401,-2.88732771668657,"Nrm"
-0.170330929979529,10.1354757309202,-1.83946738138374,0.0747017785151459,0.203853392344091,-5.06948526561169,"Nrn1"
-0.135871671088487,5.43651302281666,-0.695020724801337,0.491823956868339,0.672523919329455,-6.46045397565611,"Nrp"
-0.0800678963908884,8.08169191086338,-0.823240457937863,0.416179687435577,0.610824843928293,-6.36339957549153,"Nrsn2"
-0.158051544994522,11.0844996117047,-2.60168600206397,0.0136985229423008,0.0624043822927035,-3.58006177077178,"Nrxn1"
0.239573227688301,8.13427901700617,1.99074292371464,0.0546978790012911,0.164779811113209,-4.80495134307397,"Nrxn2"
-0.210538812948266,9.63536570862951,-2.97513681111284,0.00539353955245923,0.0316934613882423,-2.72563087395306,"Nrxn3"
-0.154361228896019,7.76315480314985,-1.9575178031263,0.0586399889449239,0.174158695082009,-4.864477303871,"Nsdhl"
-0.0866578822487706,11.3395623040842,-1.18525077652902,0.244238578146521,0.443542408759409,-6.00578785371787,"Nsf"
0.0468920153683109,9.18989763421467,0.338949941523378,0.736757963357999,0.847132396361864,-6.64555457211824,"Nsfl1c"
-0.0931872277987431,9.03851015450896,-1.03095881377885,0.309928813710327,0.515151947113111,-6.17301879343988,"Nsg1"
0.0977605961744792,10.5356846781042,1.49264266934306,0.144867418130404,0.317223790547819,-5.60992342113717,"Nsg2"
-0.0495823234926707,6.0347240941174,-0.390554359090331,0.698593415330794,0.822747920017093,-6.62653376844927,"Nsmaf"
0.163948753316653,7.84487151545601,2.11263880952702,0.0421476144613223,0.139103677832754,-4.5799070247163,"Nt5c"
-0.295735841021651,7.65112122005755,-3.3813498436656,0.0018444955009072,0.0138213991271434,-1.72375963184569,"Nt5c2"
-0.254191143674916,8.24267108180253,-3.60712886689972,0.000993899234838292,0.00856162295403142,-1.13998692947172,"Nt5c3"
-0.0492825274658889,8.29336703642262,-0.66443889844115,0.510946668309226,0.689276606810861,-6.48125426243503,"Nt5m"
-0.0776817256380542,8.50353400394337,-1.07112862130364,0.291750085945616,0.49718122157715,-6.131566997914,"Ntan1"
0.204015499707835,4.68198074393446,1.55545726905835,0.129212770155614,0.297008650761612,-5.51917170537298,"Nthl1"
0.065822223634529,4.02798939900197,0.255685870121167,0.799753156328496,0.883665415076789,-6.67060371712076,"Ntn3"
-0.352144458856159,7.66081298742095,-2.89618374811724,0.00659939374899071,0.0366932113298348,-2.91205683033899,"Ntng1"
-0.182641082095865,10.6288203095143,-2.18008660645046,0.0363590641842281,0.125294483920338,-4.45100950202182,"Ntrk2"
-0.228172051954589,8.44635900144432,-2.51733583865917,0.0167682000234853,0.0722343743756147,-3.76281946849557,"Ntrk3"
-0.11702905790164,4.85860961874996,-0.903752833957839,0.372564534965913,0.57439405375515,-6.29442030212119,"Ntsr1"
-0.211211817026485,9.32998051914839,-1.89675288561482,0.0664896581441391,0.189303028277806,-4.97128121746177,"Ntsr2"
-0.208481035631294,7.67518980116509,-1.88440851489892,0.0681904913058618,0.192033018152787,-4.99264853728658,"Nuak1"
0.125331088697148,7.24051613035025,1.5233360035437,0.137037699192101,0.307593841677734,-5.56598499182964,"Nubp1"
0.0602317632542278,7.91083201992385,0.80496095315056,0.426505189478438,0.6208579323626,-6.3782016483446,"Nubp2"
0.312281460869198,7.5227299739085,4.51630630798258,7.37610727895392e-05,0.00111370386250792,1.34847169411026,"Nucb1"
-0.0162235064507738,10.3564045922989,-0.289951115738594,0.773636600625208,0.868724927357522,-6.66114039759418,"Nudc"
-0.271697973147528,7.68470064920615,-3.27020849459042,0.00248725122056657,0.0173690387909414,-2.00448993023269,"Nudcd3"
0.0682758003039827,7.90020575102202,0.877206344921,0.386607476051933,0.584501092296721,-6.31784300416478,"Nudt2"
-0.375679225714321,9.19491605409385,-4.48824314740619,8.00797792521851e-05,0.00119479978333955,1.26923846434089,"Nudt4"
0.150686460355195,7.08107530915019,1.16164167855641,0.253571676139408,0.453300943910328,-6.03277275100761,"Nudt5"
0.225144454126634,6.93423854949185,2.59229952200882,0.0140124930095615,0.0635476638913838,-3.60059693024507,"Nudt7"
0.256134883576452,5.91934060968154,2.10724168047373,0.0426442728519941,0.140283801691198,-4.5900885717407,"Nudt8"
0.043172943027288,8.1785067203475,0.731707156804745,0.469423300336092,0.655305229473065,-6.43430355726184,"Nudt9"
0.050601877075008,7.33006659163167,0.530082640943207,0.599542522333035,0.750902469605045,-6.56179254124929,"Numa1"
0.20715662814808,6.42323689036929,2.01812190995419,0.0516249840276783,0.159037748595957,-4.75530857915548,"Numbl"
-0.0439861115195803,5.83547992074676,-0.534025437843491,0.596841825354774,0.75017515372537,-6.55968218499879,"Nup107"
0.0214793859142575,7.79099097128038,0.215131195219483,0.830966306198016,0.902749479137569,-6.68027371714308,"Nup133"
0.0849547277621778,6.39590876359814,0.767340558256552,0.448241083251231,0.639637742737963,-6.40765820111614,"Nup210"
0.139055706710211,6.11126072853214,1.83898641723821,0.0747742404086067,0.203940775760197,-5.07029943623105,"Nup43"
-0.0011231542107521,9.20517562571011,-0.0180747362383985,0.985686202290645,0.990794402661296,-6.70357018201283,"Nup62"
-0.048606686120726,7.356365579822,-0.676038105758953,0.503646236604016,0.683192006391725,-6.47347218137432,"Nup85"
-0.105700258974915,7.86669467820875,-1.62558338225034,0.113388379397194,0.272221283547104,-5.41405421579864,"Nup88"
0.288179149895591,6.81865108236152,3.43423650095732,0.0015978210762414,0.0124084008532689,-1.58858003162904,"Nup93"
0.110678452304724,6.78112762966498,1.35131934531618,0.18562752158994,0.37057403706426,-5.80204075053147,"Nup98"
0.0606815305215436,8.6452551105053,0.885349016416852,0.382264553025915,0.582203357216812,-6.31072928444261,"Nupl1"
-0.055334792971733,5.89766417314673,-1.13852842443229,0.262957569652778,0.464263656919981,-6.05870585646995,"Nupl2"
1.19459590062112,8.10231461350275,6.3252113191754,3.44699615886469e-07,1.51158275036127e-05,6.56023333991434,"Nupr1"
-0.0420640604684771,7.02544213772083,-0.534935149755568,0.596219522576635,0.749809239988521,-6.55919308510201,"Nxf1"
0.395365206515161,6.99788445271264,5.50832562637267,3.8984963965025e-06,0.000102396444414386,4.19756521387275,"Nxn"
-0.32541575306669,8.07001619111977,-4.42042133357505,9.76403323412054e-05,0.0013867129209245,1.07823341503003,"Nxph1"
0.0380161175858985,5.76077364483764,0.343989403299997,0.732999048820056,0.845303956825873,-6.64381475343544,"Nxph2"
0.138927020181863,6.8583405584248,1.5446893994188,0.131794486401774,0.30060587739672,-5.53495893649679,"Nxt1"
-0.0991765687993663,8.24689987918416,-0.866508941852986,0.3923605992017,0.589944693432967,-6.32709324006273,"Nxt2"
1.42365577152544,5.92192878919883,5.04732796044696,1.53739612306332e-05,0.00031516620522798,2.86502367325728,"Oasl2"
0.140464746631304,9.06575245964421,1.69820104955618,0.0987193524247349,0.248672174964005,-5.3010555660437,"Oat"
0.0516700754276739,10.9645809852668,0.56818482517819,0.573689593861131,0.734666485993317,-6.54075578776304,"Oaz1"
0.0192879588441674,9.52286728316895,0.260006044556277,0.796446751278401,0.882405236862457,-6.66947577896457,"Oaz2"
-0.015985456654148,9.72240605918214,-0.233795118299884,0.81656353644053,0.895335624689477,-6.67602965685191,"Ociad2"
0.0510799710483173,6.29000552731951,0.656473823147616,0.515993091786558,0.693537623102242,-6.48652220397807,"Ocln"
0.264439001276683,9.85132952144495,3.30432404482085,0.00227007076832402,0.0162152505448414,-1.9188139263292,"Odc1"
-0.0567308026234968,7.09725738773245,-0.605968398676184,0.548610255431686,0.718144289058022,-6.51848230355875,"Odf2"
-0.140784780702765,8.35309579480343,-1.92220939153928,0.063097221810976,0.182629537978093,-4.9268645087969,"Ogdh"
0.244238494452553,7.9261170296135,4.92763438723548,2.19294019086987e-05,0.000417320655945538,2.52084899780549,"Ogfr"
-0.109743181521375,9.54356032117609,-1.75674594735015,0.0880775399480965,0.229681864251251,-5.20694395586316,"Ogfrl1"
-0.17279059553081,6.89043012625147,-1.35515001668256,0.184416180481963,0.369403921529,-5.79705725631633,"Ogn"
-0.204027708088645,9.76362184059459,-2.30589206259452,0.0274245163528465,0.1024458044203,-4.20258388892544,"Ogt"
-0.132406880783037,12.5513580329154,-1.65510132427702,0.10722204139258,0.261954391383309,-5.36862602195014,"Olfm1"
-0.321678980522828,6.41234545304623,-2.76003877216426,0.00929176895779511,0.0471887118370199,-3.22643311819535,"Olfm2"
-0.162517888873594,6.02915482115638,-1.25278316009951,0.218938850109005,0.412134610339572,-5.92585690303911,"Olfml1"
-0.236598329343305,6.14542200827889,-2.35837434431002,0.0243220895908257,0.0937022901501406,-4.09596703212452,"Olfml2b"
1.33148061033436,7.6504530935458,8.22670121221658,1.47563325997424e-09,2.65772090358931e-07,11.8739110372545,"Olfml3"
0.255340386600645,9.97804059882339,3.93458172940207,0.000396395381495748,0.00423187153515134,-0.265626150114082,"Olig1"
-0.267982333201916,9.35981337603296,-3.22606708401434,0.00279783946544568,0.0189643876669927,-2.11467152746798,"Omg"
-0.230303481686818,5.12512631476903,-1.24629899697515,0.221279278433717,0.415228783966056,-5.93370680890903,"Onecut2"
-0.289253036049562,8.94066312895952,-3.58682154417496,0.00105132952196591,0.00891068030130097,-1.19318342962873,"Opa1"
-0.049748301206868,7.14937608911775,-0.91231167782757,0.368108231599687,0.57013814863551,-6.28672687965858,"Ophn1"
0.0828719706875418,5.79038578523109,1.03200275327735,0.309446689004712,0.514831593031007,-6.17196031412827,"Oplah"
-0.133669862503259,7.86228785335752,-1.01840619642165,0.315766611235764,0.522068418386295,-6.18566752474933,"Oprl1"
0.00318284150656601,6.23665460287639,0.0468318970644695,0.962924624591573,0.980293373697572,-6.70262332592717,"Optn"
0.0178608590169168,6.56511601712896,0.313419461275983,0.75590058554935,0.859527993895236,-6.65397669785475,"Oraov1"
-0.345429513026692,6.9268381383919,-2.958964784622,0.00562221457767688,0.0326269598564148,-2.764054154925,"Osbp2"
-0.0891214003884845,8.38327574711328,-1.55152461990867,0.130150868318202,0.298702454538344,-5.52494851588592,"Osbpl2"
-0.384149533050172,6.50881333970756,-3.50101900541488,0.00133138053846578,0.0108118390587487,-1.41648394492486,"Osbpl3"
-0.158607659958774,7.11453885824697,-1.70403868795354,0.0976121495580119,0.246515613832907,-5.29179119951008,"Osbpl6"
-0.0838126790464027,8.12178984305756,-1.0303869591495,0.310193134185398,0.515421408796364,-6.17359818691553,"Osbpl8"
0.0843410375913305,8.92586371890784,1.68486422829228,0.101288246348458,0.252744495960055,-5.32212096070183,"Osbpl9"
0.194646590861102,7.25958170758832,2.75573717540069,0.00939159933005297,0.0474092446661233,-3.2362141773472,"Osgep"
-0.242019387483272,8.0400726006337,-2.6968261703734,0.0108632153723391,0.0528285391732943,-3.36919965634231,"Osgepl1"
0.598840075125566,6.90094982940346,5.16289390816764,1.09045309930228e-05,0.000241191007885148,3.19822563587681,"Ostf1"
0.00202509124644306,8.58561009458836,0.0415156267314898,0.967130703916039,0.982324298056109,-6.70286158045258,"Ostm1"
-0.33054332677974,2.54967118575422,-1.13972299933666,0.262466408919227,0.463890445888581,-6.05737733928201,"Otop1"
0.142728189033057,8.33976957797237,0.763885445806824,0.450269821515563,0.641443703362426,-6.4102953802059,"Otub1"
0.305790386821058,7.77304586496278,3.83626264104544,0.000523690690241714,0.00528194430177793,-0.531240541618685,"Otub2"
0.115614420628469,4.53245551406658,0.528450156773092,0.60066241570231,0.750902469605045,-6.56266181682336,"Otx1"
0.137823529223642,3.13315306846356,0.26579867685269,0.792019411380592,0.879170213573556,-6.6679338669592,"Otx2"
0.0368671483750068,6.32873492088167,0.638372728908361,0.527561128675176,0.702903770649646,-6.49826361147507,"Ovca2"
-0.230144162294719,4.65263788967719,-1.52706768008378,0.136109462940202,0.306565440646466,-5.56058995720486,"Ovgp1"
-0.46842079024904,5.61162377831819,-4.24104253641039,0.00016449138075295,0.00210540617547494,0.576678944434254,"Ovol2"
-0.0804093215441803,11.3574143121782,-1.4798323348826,0.148239492306874,0.321419366159157,-5.62803077928152,"Oxct1"
-0.43191935133576,10.4725028813547,-5.65901786517606,2.48862660246365e-06,7.21109185924999e-05,4.63426267116628,"Oxr1"
0.133042668092448,6.97337505183177,1.76371271755996,0.0868779892012916,0.228071681177571,-5.19556831106171,"P2rx4"
0.491897541822447,2.34268669375442,1.42326228568684,0.16388528659717,0.342366818686631,-5.70635090589144,"P2ry1"
-0.0884707364230857,7.33410893249923,-0.774994839146605,0.443766093362859,0.636132009331694,-6.401775035221,"P2ry12"
0.190988853815539,6.5644920547732,2.14982257341156,0.0388627602527111,0.130918436843301,-4.50922414179153,"P2ry13"
-0.15184128305993,5.45388863294936,-1.88442379089531,0.0681883636545443,0.192033018152787,-4.99262216491635,"P2ry14"
1.54539707330751,5.93035750510751,9.47259332494272,5.19119798976809e-11,2.90880127360005e-08,15.1186910009071,"P2ry6"
0.157941981800294,7.07939613128035,1.72168838530531,0.0943275149186213,0.240492243546313,-5.26361916927769,"P4ha1"
0.0442155551383478,5.34686412168403,0.491763264488479,0.626086088192079,0.767838556116891,-6.58150095790408,"P4ha2"
0.388806194734958,8.94479889640506,6.90118873005752,6.37049647018024e-08,3.73562949989755e-06,8.20671474491577,"P4hb"
0.103894318036008,8.92558797699467,1.43089240065338,0.161701982657071,0.339352100932006,-5.69594416722484,"Pa2g4"
0.37207663785073,9.85214562763178,4.97022469652818,1.93276749099504e-05,0.000375220425108648,2.64319414729866,"Pabpc1"
0.192207367044436,7.74612344688506,2.81944577116924,0.00801052043552512,0.0423095589818433,-3.09038854235689,"Pabpc4"
0.164798138251001,10.5767026884113,1.12166443443572,0.269962194406683,0.471079358613461,-6.07732313669708,"Pabpn1"
0.157431196566348,7.51701423273051,1.77702031175651,0.0846249548997695,0.223905376474049,-5.17373561889465,"Pacrg"
-0.0273228416460007,6.78539373926919,-0.272433200045898,0.786957217322738,0.877007784459572,-6.66612629768158,"Pacs1"
-0.0926550229820671,10.0336320638668,-0.651411450701419,0.519214445780013,0.695907356522307,-6.4898381828662,"Pacsin1"
-0.0684188379731584,6.34954560823097,-1.2361078459145,0.224995521146976,0.420086047073009,-5.94596952517631,"Paf1"
-0.223319450103436,9.74983990634114,-3.3470731295697,0.00202346744230688,0.0148318987086535,-1.81083159242803,"Pafah1b1"
0.157242471357272,6.6530643594914,1.59888009174097,0.119215485745221,0.281330694718367,-5.45455012303656,"Pafah1b3"
-0.237841763743942,7.95207616115078,-2.31355299354835,0.0269504498169357,0.101049158681641,-4.18712826386641,"Paip1"
-0.106739803627805,9.63412238253227,-1.58638743298497,0.122024632389745,0.285668907684763,-5.47329824562316,"Paip2"
-0.207428794520793,10.2846659123382,-2.32460734906576,0.0262794196524784,0.0994948298103967,-4.16476151339121,"Pak1"
-0.142968423477365,9.83690149290295,-2.31698932991023,0.0267402171273884,0.100559966423132,-4.1801835929292,"Pak3"
0.206513310796577,6.31720214623733,3.24098240629642,0.00268896763420005,0.0183249510530687,-2.07752730370212,"Pak4"
-0.610687370600087,7.374765267261,-5.9677433587818,9.93512459328668e-07,3.63064009593802e-05,5.52845068641396,"Pak7"
0.447410636992373,6.35079347808364,3.74573185027103,0.000675538486951075,0.00648893450824831,-0.773555316898504,"Palld"
0.157852950001719,7.87695815265653,0.923103796079159,0.362538787886917,0.56498241882377,-6.27692774198006,"Palm"
0.204915434225406,6.50481417586582,1.0813304699878,0.2872548948437,0.4916756763821,-6.12080406440434,"Palmd"
0.145888658974557,6.12249670108146,0.54050457385323,0.59241642348893,0.747505550801218,-6.55618089026784,"Pam"
-0.15768325418577,7.28827305208762,-2.18641127613089,0.0358543449933373,0.124014720028395,-4.43876664275615,"Pank1"
-0.0514072550213856,8.12734424394792,-0.698881315246777,0.489438779807178,0.670170992823133,-6.45776354606914,"Pank2"
-0.188169714415859,7.73608988655945,-2.42967906752521,0.0206161945733454,0.0833072670139269,-3.94839548858349,"Pank3"
-0.00449744303869599,7.23843455937959,-0.086722728092655,0.931406979346057,0.961532322792665,-6.69992102506181,"Pank4"
0.200744184688331,6.68935005060668,2.2397711328605,0.0318387793522773,0.114198409867379,-4.33442906723224,"Panx1"
-0.0267387079080265,7.1542190669975,-0.48625798987668,0.629942667321089,0.770507123769161,-6.58421280540896,"Papd4"
0.0276995407054032,8.37007283384242,0.32147175185772,0.749845428364175,0.85654267310068,-6.65139108550277,"Papola"
-0.107684564478938,7.1726059331557,-1.45907470997673,0.153836236707526,0.328032195228776,-5.65708110585603,"Papolg"
0.10824968706185,8.9604018963046,1.60736060040867,0.117338872193045,0.278465850573894,-5.44175141670672,"Papss1"
-0.230868077923252,7.25630994979248,-2.37837120023861,0.0232261512011072,0.0901689611294717,-4.05489437845573,"Paqr9"
-0.134309283008473,7.49269996370832,-1.46166404431933,0.153129055142741,0.327155591212222,-5.6534769948066,"Pard6a"
-0.0918880614142744,6.7797235752916,-1.49353836944858,0.144633957804221,0.316987852762576,-5.60865224991667,"Pard6g"
0.19767541013785,10.7818977603068,3.12729262036939,0.00363216989410991,0.0233934007356274,-2.35837497690847,"Park7"
0.0476324912851959,8.29645448508235,0.87940783167767,0.385430211724436,0.583704464396777,-6.31592589521193,"Parl"
0.0639312291696727,9.21127486238836,0.614331437511221,0.543136554362141,0.713662752383605,-6.51336269667596,"Parp1"
-0.154490201807814,8.48311405380175,-2.7935460366081,0.00854734938896333,0.0443459701322449,-3.14991963725138,"Parp6"
-0.0805310077426813,7.4860100649208,-0.892748472441415,0.378345249670459,0.5798577340906,-6.30421050965172,"Parva"
-0.101914854028678,8.31639917409908,-1.40394878629631,0.169515468355952,0.348542226209675,-5.73247243154991,"Pbx1"
0.144093331944848,7.65536403120448,1.76279126401909,0.087035851648286,0.22836722157248,-5.19707503997275,"Pbx2"
0.216405577958274,4.62951035830061,1.48101760181763,0.147924885525108,0.321351220797106,-5.62636114242154,"Pbx4"
0.651930933719954,8.04392307322751,7.30499316376445,1.98348946765547e-08,1.42896248362665e-06,9.34429979366609,"Pbxip1"
0.245905571831833,7.72262647368608,2.19438495152717,0.0352269347935813,0.122348093776881,-4.42329404006924,"Pcbd2"
-0.0150046159648276,9.89142374983344,-0.258123592900606,0.797887002522472,0.88295133147084,-6.66996957516863,"Pcbp1"
-0.0732729488151218,10.047389614535,-1.30988865169427,0.199124270457624,0.389864672330465,-5.85513031045886,"Pcbp2"
-0.000991986174183577,8.2523359739481,-0.0175145562157884,0.986129774226835,0.991042736434023,-6.70358029567015,"Pcbp3"
0.0660107377265719,7.95986836182454,0.550647126904969,0.585520583213663,0.742627702002614,-6.55061662081818,"Pcca"
-0.177533742270566,7.46246520067639,-2.44035011058334,0.0201081209874332,0.0819105445392774,-3.92604658571804,"Pccb"
-0.118003544421797,9.00168108761988,-1.52276039205334,0.137181332999624,0.307742643379495,-5.56681615582813,"Pcdh10"
0.191671212393502,8.87415643717186,2.70635843153282,0.0106114014348595,0.0519042652143518,-3.34780493772068,"Pcdh17"
-0.458971310849733,7.54207522200837,-4.14412129971181,0.000217617954552705,0.00265083899712389,0.308134410682654,"Pcdh20"
-0.372812522312635,8.96298975306325,-5.33017511733549,6.62782080486735e-06,0.000159162382471172,3.68170171704478,"Pcdh9"
-0.0704621115000691,4.78462441306524,-0.677538815721988,0.502705925391468,0.683062595405797,-6.47245575967115,"Pcdhb22"
-0.220369581098891,5.88163289226552,-2.45865546722005,0.0192630831743866,0.079425988239946,-3.88755083838171,"Pcdhb3"
0.0216888653279644,6.15180685430347,0.297143192239696,0.768187603499621,0.867172382449185,-6.65900392180851,"Pcdhb7"
-0.123699081399511,8.81671385098787,-1.05209082948606,0.300270205509108,0.505664284552619,-6.15139707584157,"Pclo"
-0.355587840400541,11.1012362212233,-4.81274403316166,3.08139144350483e-05,0.00056099122922725,2.19157992169897,"Pcmt1"
0.0533024308556707,8.20100146337181,0.482988278687565,0.632238189338318,0.77275259060425,-6.58580918899426,"Pcnx"
0.718185105254666,7.42574329357429,6.86451853796737,7.08788914288781e-08,3.97158054973147e-06,8.10265497405644,"Pcolce"
0.057453539180162,6.07691276301682,0.444975164120693,0.659192887915998,0.791956059829921,-6.60358824473694,"Pcolce2"
-0.0154411968713231,9.64695036216222,-0.218327382673367,0.828495474501065,0.901619050045074,-6.67957189153178,"Pcsk1n"
-0.398412799991718,11.686260180037,-3.6324285090766,0.000926583926795511,0.00821395876280268,-1.07353246996602,"Pcsk2"
-0.0366954914606933,6.1107012182915,-0.442822693895672,0.660733562269826,0.792974620306219,-6.60455193642778,"Pcsk7"
-0.06289807077868,10.1310844655662,-1.03731108562716,0.307003145931453,0.512994322376513,-6.16656251418048,"Pcyox1"
-0.106133659391574,7.49900740434437,-1.47000667543927,0.15086813671493,0.324723864043274,-5.64182667460039,"Pcyt1a"
-0.0817977390952169,7.10881585704261,-0.690544882961876,0.494597395403439,0.675217830270586,-6.46355505169422,"Pcyt1b"
0.0682786639010298,7.83990259086363,0.700193424738322,0.488629607532262,0.669608454017717,-6.4568458477256,"Pcyt2"
-0.122575595126217,9.32987600975577,-1.20518330325835,0.236557202283449,0.434909942076352,-5.98261722690528,"Pdcd10"
0.0573693210926219,7.14766561908564,0.583194150066928,0.56365916865501,0.726852477206712,-6.53207586787687,"Pdcd2"
-0.166222984027846,8.11740642056851,-2.68788475608356,0.0111044538694584,0.0539496732790737,-3.38922447466541,"Pdcd4"
-0.0307267973978329,6.54139074501787,-0.520920939064383,0.605840243459726,0.754271550217826,-6.56663689621489,"Pdcd7"
0.00939307615119928,8.17859056275979,0.135209722846127,0.893253306120673,0.940458435790879,-6.69446417249461,"Pdcl"
-0.133500666805744,6.06801073539777,-2.05138698394098,0.0480954537683,0.150884975241705,-4.69428312002468,"Pddc1"
-0.275076183658807,9.34720284240573,-1.19514965756341,0.240401263722252,0.43909582504575,-5.99432516667492,"Pde1a"
0.10652779011668,9.01245212497015,1.16807806766368,0.251001880202748,0.45052486705606,-6.02546558400663,"Pde1b"
0.149076264821487,10.2874538220567,2.10503892100522,0.042848458184892,0.140771840147499,-4.59423831549371,"Pde2a"
0.0651025984301729,8.66517562523926,0.654567374481934,0.51720495462247,0.694311816178259,-6.48777391119888,"Pde4dip"
0.328943330290766,8.87156759021075,3.92329485243928,0.000409313709106678,0.00435478699372358,-0.296242223707381,"Pde6d"
-0.119874785904955,6.90628666176977,-1.86164304438246,0.0714253041126401,0.198215082381796,-5.03175881108196,"Pde8a"
0.0150751143184274,8.37560569525732,0.202283327584275,0.840915808695274,0.909639301426484,-6.6829907331733,"Pdgfa"
0.117536781831106,6.91739753217182,1.55099283163471,0.130278144587347,0.298713618063866,-5.52572870912219,"Pdgfb"
0.11127763192968,7.86169810512138,1.49521189490656,0.144198568126425,0.316721854991969,-5.60627540981715,"Pdgfra"
-0.198761081944719,10.0291146205565,-2.65502473580874,0.0120343569622451,0.057362251569567,-3.46244940454023,"Pdha1"
-0.173011250522819,9.96831591443178,-2.95164526121773,0.00572869043949867,0.0330925382432896,-2.78140485963517,"Pdhb"
0.0458704486790432,8.32003530021112,0.842826447988503,0.405288957716522,0.602379078621993,-6.34718571148753,"Pdk1"
-0.266150560572884,6.74540851114546,-1.87502650002306,0.0695080447583106,0.194954988718665,-5.00881301040942,"Pdk2"
-0.0612778301823431,6.99021701510811,-0.934858599827424,0.356535620261122,0.559082441846032,-6.26613001201883,"Pdk3"
-0.0199595642743902,6.19101966912755,-0.28542047081151,0.777075209118782,0.870610569586719,-6.66245953169363,"Pdk4"
0.269774462609795,6.92862022895363,3.24345535946777,0.00267131210034958,0.0182518042361045,-2.07136028218788,"Pdlim1"
0.323972156790407,7.27687312262131,2.49406953895511,0.0177196682449869,0.0749666836908295,-3.81251474798763,"Pdlim2"
1.31178693254991,7.2717157672497,7.72015102871099,6.08098926250807e-09,6.57273971544381e-07,10.496113877611,"Pdlim4"
0.186063470301582,7.59008794386601,2.29047382455705,0.0284014637490083,0.105083332124907,-4.23357720755683,"Pdlim5"
0.161789559758837,7.70883343450372,1.83087120304451,0.0760059500544244,0.206407111537136,-5.0840106228049,"Pdlim7"
-0.107010815151865,9.69950283129793,-1.50211493914553,0.142413738195233,0.314445044535272,-5.59644674364494,"Pdpk1"
0.285570327026706,7.82892521991012,1.44832190452774,0.156800763433049,0.331485503762297,-5.67198786552461,"Pdrg1"
0.168578357764628,5.62156804822355,1.49386880401828,0.144547907588401,0.316987852762576,-5.60818313133555,"Pdss1"
-0.140293715263694,9.55500322474149,-2.29538881175796,0.0280866850306241,0.104372776199997,-4.22371357719115,"Pdxp"
0.250993774588361,6.25543512423673,2.23837363833733,0.031938589197706,0.114312494907049,-4.33718536525827,"Pdyn"
0.0639862621456924,8.60089146294728,0.598108686345821,0.553780351157646,0.72127698574352,-6.5232312205577,"Pdzd11"
-0.0691423474037665,8.0332699893226,-0.940058494361654,0.353901041891041,0.556682144184816,-6.26131214696562,"Pdzd8"
-0.301234563458178,7.31538401309446,-2.85661777244463,0.00729495446989657,0.0395149896795794,-3.00436419950961,"Pdzrn3"
-0.156776759530293,9.39947650814049,-1.63625733276662,0.11112567616097,0.268394054061194,-5.39770714338863,"Peg3"
-0.103875264737966,8.57456232798929,-1.20121065907407,0.238073725092413,0.436425225605613,-5.98726350477443,"Peli1"
0.00990988700565487,6.70237847176124,0.143276445100448,0.886928184807043,0.937289786067732,-6.69332520439268,"Peli2"
0.00559453573277336,5.9988604655044,0.050053961513552,0.960375937334736,0.979408665718721,-6.70246497186621,"Pelo"
-0.00584527661746874,6.64323808292381,-0.0730384447592736,0.942208853840745,0.968322651297917,-6.70102987907025,"Pelp1"
-0.242989477252683,6.73678235719413,-2.19163900275824,0.0354418864223853,0.12292533234394,-4.42862718658829,"Per1"
-0.0965202845993041,7.14961970405429,-0.664998012691721,0.510593445851124,0.689034719675467,-6.48088215165341,"Per2"
0.0831559775621408,7.21120685546461,1.77090343223753,0.0856543623469907,0.226154423725589,-5.18378793175438,"Pes1"
0.0741615307727866,7.36524537037241,1.10952448160741,0.275086788769324,0.477302371266006,-6.09056582967808,"Pex11a"
-0.111514396214213,7.86402227517952,-1.67828645709422,0.102575583379476,0.254195905151203,-5.33245902437114,"Pex11b"
-0.0753539774674404,7.4632665797945,-1.01700548904968,0.31642268422532,0.522667493430636,-6.18706993462706,"Pex14"
0.00664669942435713,6.56885903339882,0.102620000059006,0.918874953245751,0.954916525426717,-6.69839444980785,"Pex16"
-0.116634538508135,8.24797831508491,-2.02261564287535,0.0511353143926279,0.158108761791553,-4.74711007830933,"Pex19"
0.0898477728858283,7.45060439304961,1.00918065363913,0.320104926607481,0.525854543158413,-6.19487091137237,"Pex2"
-0.197842404582027,8.2721799231645,-2.80365593781029,0.00833391913494066,0.0435974628604831,-3.12672191187963,"Pex3"
-0.125600966286711,6.67283670419017,-1.70910055293804,0.0966604979115886,0.244831185820262,-5.28373642092051,"Pex5"
0.121326881326556,9.10044864970605,1.97290742198043,0.056784359245562,0.169723155352854,-4.83700357575255,"Pex6"
-0.0141492038092451,7.85507308218837,-0.163875400289433,0.870811617530496,0.928632477734467,-6.69011780584262,"Pex7"
-0.0576331239085592,9.34035155341365,-0.630425905851494,0.532683122042823,0.706846228612857,-6.50331720838992,"Pfdn2"
-0.025139669466686,8.43771460910654,-0.3527958176626,0.726446467888235,0.842758117681244,-6.640713243913,"Pfdn4"
0.0625015206873735,11.9910689959989,0.51041673381489,0.613098646561923,0.758655217080215,-6.57208885922667,"Pfdn5"
-0.228843366276564,6.68694199508098,-3.08853670442137,0.00402016229219907,0.0253104599744818,-2.45288245019302,"Pfkfb2"
0.0602414140878511,9.04820277542175,0.472485484436635,0.639636750861192,0.778775503281745,-6.59086514642984,"Pfkl"
-0.0278667593030565,10.8872533405241,-0.308113864579231,0.759898894139519,0.861192843236533,-6.65564470665514,"Pfkm"
-0.0471053345936977,9.86520873545351,-0.567163685250576,0.574375201453223,0.734984557454607,-6.54133825374048,"Pfkp"
0.667302161606584,9.02730247680987,4.22952466242556,0.000170067304626966,0.00217126434742732,0.544670175519363,"Pfn1"
-0.0994210404454604,13.3401598601301,-1.09436672367819,0.281582202900707,0.484890839877145,-6.10691257224616,"Pfn2"
-0.15239179170276,5.52135918909498,-1.52902075444109,0.135625671265959,0.306009908539168,-5.55776175118113,"Pfn4"
0.0328582459352056,10.0876086767101,0.388657715454037,0.699982812617779,0.823230719223755,-6.62728007826498,"Pgam1"
0.162674930007334,6.07820069705082,1.1814455050005,0.245725597459521,0.44535782920204,-6.0101709772491,"Pgam2"
0.025295801786779,8.42044542253321,0.353015739312154,0.726283095996305,0.842758117681244,-6.64063479432167,"Pgam5"
-0.0066626644858332,8.85555475679213,-0.108146566967926,0.914523050668234,0.952486523031785,-6.69780373650573,"Pgbd5"
0.519654033904575,9.07138428874317,7.54645686774209,9.94966166754819e-09,9.23090755519277e-07,10.0165636143482,"Pgd"
-0.0756304783923535,10.8246745791235,-1.28857800344848,0.206352451148905,0.399958165548386,-5.88185766761385,"Pgk1"
0.397923969113256,7.18077829532888,5.17358207435918,1.05633088179707e-05,0.000237815921290296,3.22907949018051,"Pgls"
0.532329731575396,5.29543340479707,4.37646256010971,0.000110996774658135,0.00151831858636651,0.954816496837742,"Pglyrp1"
0.0250401676349649,7.51928478463869,0.326546924163196,0.746037236606101,0.853896001862135,-6.64972794855931,"Pgm2"
-0.167958748269572,10.3206959322322,-1.92174285694891,0.06315802384172,0.182629537978093,-4.92768278221821,"Pgm2l1"
0.28205753488939,6.70659438175025,3.43437688067604,0.00159721058982019,0.0124084008532689,-1.58821989644309,"Pgpep1"
-0.0792608418624373,10.3324588294722,-0.761404693422322,0.451729792470267,0.641891615505088,-6.41218177488605,"Pgrmc1"
0.0215162984059761,6.41030393504413,0.276611983682819,0.783773579927357,0.875236971561927,-6.66496502185196,"Phactr4"
-0.0502400740217433,7.49450270896503,-0.479888934933077,0.634417529491943,0.774477753867796,-6.58731258877466,"Phc1"
0.215016534398454,8.71442721906758,2.23673326620355,0.0320561029784033,0.114376176978945,-4.34041907878461,"Phc2"
-0.15328111036006,5.93648133931239,-1.80259934724108,0.0804329078175342,0.215830447345513,-5.13139052371805,"Phf13"
-0.0551351113075462,6.87686459596503,-0.595102915694842,0.555764111067893,0.721792019602211,-6.52503130004126,"Phf2"
0.0494553762989721,8.14798597872767,0.937212993866794,0.35534114645866,0.558250903922437,-6.26395173153541,"Phf5a"
-0.13303178104326,6.86430597017165,-1.29233520076107,0.205063812083829,0.39835778287317,-5.87717422497029,"Phf6"
0.189461545301469,9.6719232349732,2.30793750314184,0.0272972121604793,0.102121543713128,-4.19846091199237,"Phgdh"
0.248316320861601,7.00784809594625,2.08679627126763,0.0445729155677459,0.144739995626621,-4.62847781500448,"Phkb"
0.225511029026228,5.89898023032786,2.09533596263172,0.043758191119551,0.14283013450867,-4.61247810505541,"Phkg1"
0.0879286110309433,7.21978183178734,1.06510053935821,0.294429319143381,0.500271919285739,-6.13788187619976,"Phkg2"
0.0352105666379054,8.02795524054921,0.588972048378142,0.559821591786113,0.724449650340613,-6.52867539706453,"Phlda1"
0.223108768661894,7.01133358529235,2.94846479493741,0.00577554574003595,0.0332282364982147,-2.7889362855256,"Phlda3"
0.110775403222837,8.77695886226901,1.05407393128186,0.299374685394627,0.505664284552619,-6.1493469498902,"Phpt1"
-0.0629632817387134,7.17641843377903,-0.884629605139266,0.382646990103192,0.582203357216812,-6.31136031214492,"Phtf1"
-0.0832582993189699,6.32422328790633,-1.32408761454479,0.194416639212873,0.383402877402514,-5.83710299905024,"Phtf2"
-0.185627412350236,7.51350371888247,-1.42225616279644,0.164174906182828,0.342687935380794,-5.70771948870734,"Phyhip"
-0.0107122215912295,8.06787046905854,-0.159125076014389,0.874523549447729,0.930216957717261,-6.69089557299886,"Pi4k2a"
-0.191319836229652,8.36981718842265,-2.5349786090465,0.0160781954775657,0.0702619928885301,-3.72492756922389,"Pias1"
-0.0536346659693119,6.66644500925552,-0.817771746155914,0.419252512080476,0.613727262241463,-6.36786140546657,"Pias3"
0.0603769100682971,7.09754974793607,0.986743429529119,0.330825356465143,0.536998996867392,-6.21692525110136,"Pias4"
-0.335101739094576,6.25799399635951,-3.93725850508518,0.000393390543247549,0.00421203505222376,-0.258360704423212,"Piga"
0.0485155019711871,7.24999590231452,0.689954694135964,0.494963754809412,0.675352331034595,-6.46396251007148,"Pigf"
-0.0234771500901446,7.69121710474943,-0.383412476541823,0.703830698710303,0.826518634100642,-6.62932527887725,"Pigk"
-0.0384271447756565,6.30948428348023,-0.538984872859343,0.593453001954146,0.74819587221369,-6.55700585417097,"Pigl"
0.0125287409862039,7.63728144043365,0.152201867048023,0.879938535853538,0.933382696773903,-6.69198819897481,"Pigo"
-0.0943470933958318,9.95770741725477,-1.28279539407569,0.208347758370735,0.402257942367388,-5.8890417371785,"Pigq"
0.258299515751632,6.16626968895856,1.51044169852473,0.140284431499401,0.311799838420542,-5.5845384552291,"Pigt"
0.190223452469119,7.98600773625424,2.52165069553696,0.016596981738502,0.0717246119675524,-3.75356883628805,"Pih1d1"
-0.206767796102479,7.59938452846568,-2.60516167851638,0.0135839205753455,0.0621057607717403,-3.57244549681827,"Pik3c3"
-0.101797590909822,8.50067604384748,-1.55544311263642,0.129216137174495,0.297008650761612,-5.51919252290272,"Pik3ca"
-0.190083956146414,6.14312748165575,-2.03971307055691,0.0493092133750528,0.153592565194806,-4.71578737011196,"Pik3cb"
0.240793547569456,5.26102618007122,2.60870056805586,0.0134681436598516,0.0619141736341218,-3.56468383310884,"Pik3cg"
-0.103597059055766,9.49333006594865,-1.28090236900778,0.209004118590147,0.403216438427739,-5.89138719786745,"Pik3r1"
0.0619535691433168,7.27437228396798,0.572359026466372,0.570891199874102,0.732298791056077,-6.53836410813398,"Pik3r2"
-0.0947244834964834,7.42388851711765,-1.94326564639567,0.0604051719177595,0.177519395093975,-4.88976838544271,"Pik3r3"
-0.0306090869538499,8.34167642625445,-0.579360179271817,0.566212917246532,0.729538002471707,-6.53431415079584,"Pim3"
-0.277378244928249,10.6563559777444,-3.65504186774048,0.000870166707957016,0.00779440623130947,-1.01396748694261,"Pink1"
0.0800848519530298,8.79633908834182,1.19944059505328,0.238751737655342,0.437336524689305,-5.98932918816677,"Pip5k1a"
-0.270629682159546,8.00310156528435,-2.59022437259484,0.0140827948866845,0.0637795176468454,-3.60513019872308,"Pip5k1b"
-0.102636740168375,9.80100700199717,-1.59426341060091,0.120247379692035,0.283004203166828,-5.46149320508902,"Pitpnb"
-0.0998826065276286,8.58652420558128,-1.53238335074875,0.134795982894516,0.304832350554729,-5.55288509794471,"Pitpnc1"
-0.140401889805091,9.31156380218679,-1.76229521060486,0.0871209351325709,0.228433392545647,-5.1978858994118,"Pitpnm1"
-0.0370781523305023,7.44174380475132,-0.298845231750092,0.766899810599047,0.866370014527553,-6.65849069540292,"Pitpnm2"
-0.0679885487972957,7.33685188453815,-0.51400251274945,0.610616361998853,0.757338493251406,-6.5702400305067,"Pitpnm3"
-0.132246274420465,10.0826624915424,-2.32242697411775,0.0264105680059564,0.099841450115471,-4.16917922693418,"Pja1"
-0.238881150469615,12.3855696663451,-3.60616176756892,0.00099656408368361,0.00856162295403142,-1.14252325514902,"Pja2"
0.0339103541403956,5.70884747250296,0.416436442355246,0.679740522784143,0.807712407257407,-6.61598991181871,"Pkd1"
0.0932155488620665,8.06856941625716,1.03234196137836,0.309290143376768,0.514831593031007,-6.17161616538913,"Pkd2"
0.0200401053274494,9.9388157440721,0.249037747490344,0.80484855095904,0.887956955258464,-6.67230267612681,"Pkia"
0.0449154037623478,9.37887035544697,0.814552866063695,0.421067677902126,0.615491101350847,-6.37047428304962,"Pkig"
-0.0214963740609164,6.80312333204845,-0.33423361204504,0.740281830817174,0.849685788572914,-6.64715973314471,"Pkn2"
0.187491036336199,7.24036408846724,1.61951727230614,0.114691111101055,0.274445200396728,-5.42330380321434,"Pkp2"
0.13784737154025,6.23172035049472,1.39888820992947,0.171015495315927,0.350494964994885,-5.73926452520673,"Pla2g12a"
-0.353612229778585,8.48857481429552,-4.22131397639422,0.000174155098941313,0.00221783879788142,0.521867626371553,"Pla2g7"
-0.0603161788944162,8.03945655970142,-1.00667542600767,0.321290011891672,0.526915619502343,-6.19735652902262,"Plaa"
0.151394258712074,5.68696612442613,1.72900890379005,0.092992578361893,0.238293482052351,-5.25186318257345,"Plagl2"
0.861606601424791,5.31427455736017,3.88388997168803,0.00045771384285518,0.00473002235557105,-0.402880517461369,"Plcb3"
-0.413190284013523,7.88065372476721,-3.9596347634199,0.000369126372495415,0.00400323504622447,-0.197557677318975,"Plcb4"
0.211456878565869,6.15848949782408,2.6033032037635,0.0136450889279488,0.0622171640720127,-3.57651881798997,"Plcd1"
0.665126736508897,5.91010482061677,4.62757630373889,5.3203698967271e-05,0.000862748290142675,1.66369470500801,"Plcg2"
0.0307404844467284,7.17871350298758,0.40566247497089,0.687563890290243,0.813940070125281,-6.62046037833566,"Plch2"
-0.157069662196592,7.91456345229716,-1.60818105485655,0.117158610094112,0.278431136053066,-5.44051012268465,"Plcl2"
0.160937406763401,6.29005370351626,1.55136121919246,0.130189965313361,0.298702454538344,-5.52518826772056,"Pld1"
-0.0996489186341297,9.9820600110949,-1.02770929712375,0.311432862046417,0.51680023800595,-6.17630713777716,"Pld3"
0.147387166393839,8.05041735373381,1.51827791336875,0.138304013294883,0.309023987171508,-5.5732793661407,"Plekha2"
-0.0711897742042726,7.91755062819817,-1.23302929274139,0.226127242038086,0.421107711077572,-5.94965581037953,"Plekha3"
-0.228509036834125,6.12676471444998,-1.80155757289106,0.0806001326675185,0.215975807142559,-5.13312485786068,"Plekha6"
-0.184907804388666,10.2460947955125,-2.05850692767865,0.0473681250138572,0.149672590504312,-4.68112102895718,"Plekhb1"
-0.130234634704823,9.66507929432116,-1.67000400354058,0.104215861390302,0.25700794220267,-5.34542778425446,"Plekhb2"
0.0695890330622172,5.85856989831526,0.761767863972386,0.451515884875038,0.641891615505088,-6.41190598568484,"Plekhf2"
0.580063830816564,5.47200314992937,4.52363940095446,7.21927429136603e-05,0.00109925159471194,1.36919440314004,"Plekhg2"
-0.148029216792441,6.90158443346211,-1.57281865472265,0.125136779314411,0.29067930819096,-5.49351823103279,"Plekhg5"
-0.155313666000748,5.59530387738656,-1.61901242997997,0.114800081434953,0.27450773384375,-5.42407225643998,"Plekhj1"
0.00703350166761202,6.53942156709641,0.0586626789608871,0.953568500445606,0.976217204171171,-6.70199022634298,"Plekhm1"
-0.0222039875127848,8.96190281847503,-0.371669752695078,0.712473769924439,0.832619378914573,-6.63380407556008,"Plk2"
0.168202359121862,5.40208673926962,1.76683969265376,0.0863440787085829,0.227261580859804,-5.19045033249691,"Plk3"
0.406368427913453,7.18089485179942,4.31204985885974,0.000133876414932557,0.00178608137699706,0.774552484964525,"Plod3"
0.000323100855785221,8.16998438003608,0.00612015610621261,0.995153067570469,0.996932244687699,-6.7037169127342,"Plrg1"
-0.00221894901862953,9.16562910557704,-0.0264802592189086,0.979031023830842,0.98725323998779,-6.70338019679142,"Pls3"
0.153916247019733,5.07653682231451,1.15078554440553,0.257949382693642,0.458849642653981,-6.04501325982548,"Plscr4"
0.172890900192577,9.03987627726273,1.4836762127251,0.147221146542455,0.321261896154739,-5.62261181075568,"Pltp"
0.0611238298091041,6.36922083223743,0.565166393921828,0.575717381453677,0.735839872444964,-6.54247455322353,"Plvap"
-0.192486870083926,7.09149815342298,-1.59007036925285,0.121190906099429,0.284395411567901,-5.46778425700321,"Plxdc1"
-0.0993391549379348,8.73120473408772,-0.860424929268396,0.395656698046852,0.593308572182657,-6.33230580988145,"Plxna2"
0.315700460843131,5.69189983970905,2.24376365164203,0.0315551691137447,0.113504078345659,-4.32654759695935,"Pml"
0.0711605865896155,9.70335193655673,0.843293500386499,0.40503144543608,0.60217381466219,-6.34679461156049,"Pmm1"
-0.0159625452389534,6.36951942460179,-0.210674258111052,0.834414680309576,0.905013652032964,-6.6812351492213,"Pmm2"
0.280586833303914,7.95328771582817,3.43645549237472,0.00158819728046567,0.0124084008532689,-1.58288654211433,"Pmp22"
0.0963578750126944,8.46603639458266,1.10940535505208,0.275137416868983,0.477302371266006,-6.09069511472074,"Pmpcb"
-0.220791214999516,6.54682668815741,-4.03145541292245,0.000300713020280219,0.00341553099385843,-0.00159746317187182,"Pms2"
0.0156390717330148,7.17183923313156,0.205163043654808,0.838683358203967,0.908198448662789,-6.68239624780171,"Pmvk"
-0.033231582701779,7.61667620325345,-0.311727297757949,0.757175067581149,0.86020136648158,-6.65451176629973,"Pnck"
0.0997312998257192,6.45237576933473,1.2757196297844,0.210809116438931,0.404728526616818,-5.89779256750423,"Pnkp"
-0.111091209157026,5.74393044357139,-1.35543766022943,0.184325468763263,0.369403921529,-5.79668253825491,"Pnma1"
-0.0186251964835003,8.55939645269021,-0.232262002247467,0.817744262935172,0.895680091840879,-6.67639153929103,"Pnma2"
-0.274517074718266,4.47277612353495,-1.38226232941686,0.176016836778518,0.357777038871894,-5.76142556333569,"Pnma3"
0.632506844947611,7.97952639655662,7.15761398708402,3.03102404836909e-08,2.06560192917909e-06,8.93094997838944,"Pnp"
0.137332095360208,6.34877731820255,2.19546483759363,0.0351427208055311,0.122223959325719,-4.4211953362425,"Pnpla2"
0.0637390665850216,6.81314098141534,0.914026621976704,0.367219504920478,0.569270617760242,-6.2851770471351,"Pnpla6"
-0.179219182868081,7.96206751384235,-2.21551015546236,0.0336117781117923,0.118286250535777,-4.38209901328334,"Pnpo"
0.331709181172675,9.04175656469336,2.90836633597796,0.00639809385346582,0.0360509355341097,-2.8834829737958,"Pnrc2"
0.276687412224434,6.71387139381731,3.13786437387697,0.00353267366924177,0.02292827968338,-2.33248461257772,"Podxl"
0.380578442528023,7.95235148895161,2.52248513426606,0.0165640559532907,0.0717017460707681,-3.75177864493066,"Podxl2"
-0.0111991014183688,8.81555220634288,-0.12311638708787,0.902748876343515,0.946478707567639,-6.69604819178067,"Polb"
0.221642551463093,6.21475901558993,3.47303233383857,0.00143737263980013,0.0114332337894512,-1.48879082349724,"Pold1"
0.223554142205178,6.4789662175065,3.61023055327712,0.000985398921699842,0.00853843086277028,-1.13185043917863,"Pold2"
-0.0201988721694566,7.42178248143494,-0.342120926468654,0.734391963522062,0.845450558858165,-6.64446279856773,"Pold3"
0.282067587387819,6.66493339259156,2.2300893911882,0.0325360298777894,0.115224156371975,-4.35349847872567,"Pold4"
-0.106803606642894,9.17769965133809,-2.09013949600017,0.0442523774205607,0.143887187709399,-4.62222000976171,"Poldip2"
-0.0215127023484884,10.1234579331213,-0.428530179623667,0.671001598112039,0.800534908748287,-6.61083372483638,"Poldip3"
-0.0104960010531244,7.43767803341738,-0.16584775550481,0.869271275724446,0.927578299508756,-6.68978816316295,"Pole3"
0.084835410589546,7.97911912855984,0.869865691052571,0.390549504350461,0.588273939796706,-6.32420227052689,"Pole4"
0.00226215308905091,6.98155213979459,0.0382479929778968,0.969716443416496,0.983670388778931,-6.70299379606464,"Polg"
-0.303673451717101,5.56164141488911,-3.09041259786591,0.00400051014035071,0.0252935106292879,-2.44832286224802,"Poli"
-0.047706760839431,6.46338673880344,-0.776482082427829,0.442899696925848,0.635431912260897,-6.40062538905502,"Polk"
0.0848976257706552,5.2859998014558,0.80295020919117,0.427650454000423,0.621752642387017,-6.37981037113245,"Poll"
-0.131430017594879,8.95404374757018,-1.51781023273671,0.13842157350342,0.309149687855513,-5.57395275266898,"Polr2e"
0.021925163668856,9.46233781659686,0.243885402865138,0.80880350033272,0.890372419161299,-6.67358871170383,"Polr2g"
0.000130400692266533,7.47969741753383,0.00153747826403686,0.998782367963915,0.999368991016916,-6.70373471515709,"Polr2h"
0.182863002894508,8.51045778883998,1.67169272441785,0.103879666849423,0.256796647020411,-5.34278795912808,"Polr2i"
0.0742982391859651,8.40240008504857,0.978530595808876,0.334809457349943,0.54082129833945,-6.22488108295451,"Polr2j"
-0.0238663964882035,7.10682804351022,-0.37425881635133,0.710564756770455,0.832145472313559,-6.63282844916805,"Polr3a"
0.00701647450141659,6.38656597847721,0.0842310163093547,0.933372924228936,0.962564843927823,-6.70013707092162,"Polr3b"
0.0689458189528449,6.78255362315312,0.647685791735748,0.521592119922134,0.697530909776538,-6.49226259836507,"Polr3e"
-0.10611855177922,7.45545278226232,-1.67058689758948,0.104099715532449,0.25700794220267,-5.34451685303806,"Polr3h"
0.0786779085603,9.2592208299117,1.00629310659005,0.321471129234137,0.527041256413443,-6.19773534477857,"Polr3k"
-0.00125420869860763,8.04694640306058,-0.0203761463563846,0.983863907952835,0.989751782925622,-6.70352529084706,"Polrmt"
0.121655070389694,8.26592498541728,1.52516833658103,0.136581279531113,0.307304480401492,-5.5633373467485,"Pom121"
0.0513082707044913,6.0267430333178,0.79326191860791,0.433194820408875,0.626498846952096,-6.38750735514766,"Pomt2"
0.165440871140102,9.0730962121683,2.57523706195792,0.0146002691315512,0.0651616978880862,-3.63779932443917,"Pon2"
0.0744851028032825,7.76708893735247,1.03782532463975,0.306767141795508,0.512769869431471,-6.16603822931899,"Pop4"
0.191647392604563,9.68486402738083,1.78097095043713,0.0839656774885975,0.222394386331406,-5.16722804361172,"Pop5"
0.0490038018732167,7.23407997374927,0.686389990687793,0.497179761495275,0.677276482231408,-6.46641633532717,"Pop7"
0.213736189036711,5.06715648156928,1.87551936187748,0.0694382904418461,0.194867723260005,-5.0079654682987,"Popdc3"
0.0276828965259274,7.4889398662366,0.285449759038751,0.777052965580317,0.870610569586719,-6.66245107057188,"Por"
-0.0432114913275831,7.75724455519302,-0.676247602624625,0.503514912304929,0.683192006391725,-6.47333042208439,"Porcn"
-0.00232748924089366,7.99100278622069,-0.0286800847199768,0.977289516503465,0.986637958987653,-6.70331864075899,"Pou3f1"
-0.319444194383137,8.50914235023185,-2.60957530991178,0.0134396667081644,0.0618950936373202,-3.56276423971531,"Pou6f1"
-0.13195812822484,9.42855223274431,-2.33847540875571,0.0254589409227502,0.0973384678342907,-4.13659352754883,"Ppa1"
-0.225733047740335,8.9600350773157,-2.50177207027241,0.0173993339552914,0.0740462794401137,-3.79609738718496,"Ppa2"
-0.0118429755262526,8.33048848680779,-0.183264124957282,0.855692861504845,0.91853109846082,-6.68670648709556,"Ppap2a"
-0.0589471497156441,11.4003413002131,-0.529303428009869,0.600076943539876,0.750902469605045,-6.56220779036355,"Ppap2b"
-0.222662561838353,7.75163730476288,-2.62752306452625,0.0128675192730413,0.0602515317492548,-3.5232853977771,"Ppapdc2"
-0.291245558385981,8.96549445989923,-4.08379792416142,0.000258830934906965,0.0030426209900602,0.141957170738501,"Ppargc1a"
-0.307943363950421,7.07806545831356,-1.92866824206498,0.0622606409071514,0.180968537230412,-4.91551979027085,"Ppargc1b"
-0.0821722170134659,6.43673303700195,-1.3545864908934,0.184593994953911,0.369403921529,-5.79779116453777,"Ppat"
-0.0216290037080967,6.17456084592073,-0.289250660722518,0.77416792126462,0.868742507106693,-6.66134569158386,"Ppfibp1"
0.729463755234926,5.96433194680227,4.5732107571897,6.24214156211989e-05,0.000986806266387793,1.50947397546851,"Ppic"
0.0662918268138351,6.11054232373163,0.589556131541928,0.559434392332381,0.724134404654055,-6.5283298190106,"Ppie"
-0.0411624431071504,7.61893956282371,-0.77820854939989,0.441895209025426,0.634735343059085,-6.39928815652837,"Ppif"
0.0199812464792628,7.54139385842661,0.334159870820003,0.74033697302982,0.849685788572914,-6.64718465294826,"Ppil2"
0.0301909042470768,7.47314289498781,0.312505808520003,0.756588632859332,0.859728813769628,-6.65426595593666,"Ppil3"
-0.226903818980245,11.3104040806566,-3.65710691882232,0.000865183681162614,0.00777594216670237,-1.00852027101653,"Ppm1a"
-0.30171836656841,10.9168720157899,-3.60926661619597,0.000988033078130056,0.00854657086279566,-1.13437940631795,"Ppm1b"
-0.0891612497947539,7.7263125556372,-0.871987958514197,0.389407203406028,0.587079380202272,-6.32236897778253,"Ppm1d"
-0.0745377573784724,9.5798635165009,-1.14096275996103,0.261957370241012,0.463526673026464,-6.05599720814369,"Ppm1e"
0.0947169799825531,7.55322585604339,1.4173000388906,0.165607446556599,0.34385953092484,-5.71444857649435,"Ppm1f"
0.0253755552258104,7.61731088925891,0.254254335461855,0.800849599342065,0.884318924782578,-6.67097331900542,"Ppm1g"
-0.335093112931739,9.14730893856502,-4.39066782857594,0.000106494829725296,0.00147546262745309,0.994664550424445,"Ppm1k"
-0.509850023580387,9.17152663198152,-4.95083158062917,2.04719437355572e-05,0.000393652405702164,2.58746774226056,"Ppm1l"
0.244943056096958,6.98772268236389,2.97981388071498,0.00532905823141532,0.0314614066702033,-2.71449610545239,"Ppm1m"
0.209377811133995,11.6072338605631,1.86675002726406,0.0706884185260042,0.196957547460704,-5.02301862484953,"Ppp1ca"
-0.246029998409154,11.3059538200242,-2.23654266113393,0.0320697827182686,0.114376176978945,-4.34079471094708,"Ppp1cb"
-0.0654306288650999,10.1059622748953,-1.38156302049248,0.176229673184168,0.357924382548434,-5.7623525207551,"Ppp1cc"
-0.128262552809851,4.71865003445402,-0.59799879746021,0.553852812170782,0.72127698574352,-6.52329718652188,"Ppp1r10"
0.0480970215717309,8.98034780895598,0.792205212210279,0.433802165436465,0.627017575321322,-6.3883414295912,"Ppp1r11"
-0.0396644257057189,7.94068854586828,-0.421438922413113,0.67612019188225,0.804927792177098,-6.61387480304938,"Ppp1r13b"
0.440100246732858,7.32878952587118,3.62457714120826,0.000946987604560512,0.00828107061711466,-1.09417683431805,"Ppp1r14a"
-0.229205424386501,6.57134372344484,-2.95256026062441,0.00571527694885928,0.0330529147397905,-2.77923724447322,"Ppp1r14c"
-0.0809256391890359,7.86945309167953,-1.30085001865052,0.202166053332023,0.393942583830523,-5.8665146975287,"Ppp1r16a"
-0.033888286818185,8.61179383208752,-0.503548125275282,0.617866451993546,0.762393079863825,-6.57559473388315,"Ppp1r1a"
0.487636083062803,8.57294118218614,3.53673817304291,0.00120700430068768,0.00988136800059737,-1.32381759885629,"Ppp1r1b"
-0.183711830436619,3.87451523219442,-0.60030387229984,0.552333857312793,0.720864296694725,-6.52191097210192,"Ppp1r1c"
-0.0351876385931345,10.2372905651586,-0.555760506732702,0.582058867388952,0.740682025799264,-6.54777287900066,"Ppp1r2"
0.265918360574234,9.59422677402638,2.91566401226309,0.00628028923809053,0.0354894383468302,-2.86633261372421,"Ppp1r3c"
-0.0230267030233237,6.43045758022031,-0.0912197195238337,0.92785999678837,0.959638630804707,-6.6995151773512,"Ppp1r3f"
0.12884106469681,8.20657067103611,2.01955327836609,0.0514685685742609,0.158822762769843,-4.75269869097896,"Ppp1r8"
-0.0820631206653974,10.4684202302964,-1.08670228839465,0.284907667795334,0.488946387100524,-6.11509860249691,"Ppp1r9a"
-0.111859203148759,11.2424039327081,-2.45466079915335,0.0194446759881362,0.079788039876461,-3.8959684921269,"Ppp2ca"
-0.107837355804688,8.86744955625681,-1.55669880106908,0.128917756212485,0.296593177271699,-5.51734535146648,"Ppp2cb"
-0.0634503271534788,12.4307967204993,-1.0941167433112,0.28169022903712,0.484890839877145,-6.1071804091558,"Ppp2r1a"
-0.24790086743334,8.43887751765622,-3.47909929432936,0.00141372742856998,0.0112807395922127,-1.47313870158249,"Ppp2r2b"
-0.0960916174969199,9.02028167728302,-1.78764097306191,0.0828624542357038,0.220282212288168,-5.15621401060106,"Ppp2r2d"
-0.124595058929701,7.95802607707719,-1.9151966797426,0.0640165175410522,0.18416160750686,-4.93914764084334,"Ppp2r3c"
-0.0565670217662477,8.56026552472749,-0.751189654493561,0.457770945261562,0.646649545365283,-6.41988696407193,"Ppp2r4"
-0.0240912212653581,8.4181726014126,-0.446290301777525,0.658252294136117,0.791503652677263,-6.60299716639397,"Ppp2r5a"
0.065244225626046,7.00238579206671,0.773343293738925,0.44472938884244,0.636969698361949,-6.40304919695003,"Ppp2r5b"
0.0294037946174778,10.7323317095039,0.512354868895843,0.611756378294586,0.758193024266305,-6.57109113813428,"Ppp2r5c"
-0.0240862919686328,7.70173182688721,-0.315291909301508,0.754491127942479,0.859281562378934,-6.65338126678791,"Ppp2r5d"
-0.0245624425885207,9.70182667108443,-0.407505948849178,0.686222765697936,0.812805440689822,-6.61970368718769,"Ppp2r5e"
-0.0786825170532032,12.7235242386775,-0.950000440754093,0.34889974215302,0.551049608417688,-6.2520301319503,"Ppp3ca"
-0.198711581934371,11.1528997888592,-3.90375988111394,0.000432649195579905,0.00453607046426083,-0.349156925563408,"Ppp3cb"
0.0238731617237109,6.35136900754271,0.289524285052526,0.773960354069268,0.868724927357522,-6.66126555475493,"Ppp3cc"
-0.20305370798128,10.9593212009415,-2.8966831247333,0.00659102662309857,0.0366871382563864,-2.91088695497541,"Ppp3r1"
0.180055931446904,7.74914598067857,2.32108841761849,0.0264913738632121,0.0999222127091837,-4.17188983495809,"Ppp4c"
0.000949514250994196,7.00467107769762,0.0107362746500488,0.991497389620585,0.994257573246492,-6.70367743911087,"Ppp4r1"
-0.121006397185288,9.4378882524998,-2.01465078243082,0.0520060252713012,0.159862861040884,-4.76163166905734,"Ppp5c"
-0.09620967228595,8.55629051519301,-2.12593214845084,0.0409460757238818,0.135867630549908,-4.55474501163212,"Ppp6c"
-0.149305624036238,8.74327584365986,-3.13651524965645,0.00354522525488341,0.0229801683295335,-2.33579125588328,"Ppt1"
-0.0708116830243153,8.89152607166483,-1.28561437503344,0.207373241475099,0.401144325569209,-5.88554320619257,"Pqbp1"
0.0427089101429595,6.9831883475577,0.478380003634978,0.635479754171697,0.775024038763693,-6.58804107203833,"Prdm4"
-0.242356198661764,6.65780805945849,-1.87697297537821,0.0692329115065503,0.194507839959629,-5.00546473763895,"Prdm8"
0.0420277270056932,10.6035739319078,0.482162649236287,0.632818415342247,0.773087032115056,-6.58621060989218,"Prdx2"
0.0589616573717042,8.70766773392931,0.668137738514836,0.508612393333437,0.687465103077063,-6.4787868906415,"Prdx3"
0.12746027051142,8.56169147351391,1.18501398943176,0.244330916425469,0.443542408759409,-6.00606097604195,"Prdx4"
0.167003699769841,10.263699711669,1.99010493950099,0.0547713454325809,0.164902623890451,-4.80610177817948,"Prdx5"
-0.0265376050368732,8.93517912766721,-0.34511015218172,0.7321639917581,0.84526107728695,-6.64342436186786,"Preb"
-0.163943680395583,6.36896772168531,-1.19658637001185,0.239848029313421,0.438561860706157,-5.99265421716542,"Prelp"
0.054715337443542,6.74124894416919,0.935709017341195,0.356103866273259,0.559036717312781,-6.26534380697647,"Prep"
0.0623134316895959,4.31406622753846,0.366809133766116,0.716062767575225,0.834999264781673,-6.6356175411043,"Prf1"
-0.192988674230056,8.56100053848386,-1.81816937765802,0.0779685117506778,0.210306960137066,-5.10537182165393,"Prickle1"
-0.527648690909509,7.89125882713339,-4.42289391616772,9.6938037821133e-05,0.0013809562845536,1.08518449956878,"Prkaa2"
-0.187054116273195,6.56067495925692,-2.23399755543737,0.032252946742807,0.114785893030329,-4.34580818153468,"Prkab1"
-0.0866851496935779,10.2521004933292,-1.45580448988001,0.154733081919153,0.329164749714714,-5.66162491885441,"Prkaca"
-0.137346502138012,10.5900271512812,-1.701387768817,0.0981136474795196,0.247517320779999,-5.29600152895938,"Prkacb"
0.0680203846866512,7.6442741080732,1.20216054561605,0.237710462989987,0.436076342254821,-5.98615382626992,"Prkag1"
0.220978267710085,8.22876088677021,2.34166665470642,0.0252734447558019,0.0969231801547599,-4.13009468816728,"Prkag2"
-0.104776903203147,11.0795857329863,-1.61781539723775,0.115058801467446,0.274995988530963,-5.42589352083125,"Prkar1a"
-0.123180449236251,11.6208028444514,-1.76629358577823,0.0864371227992055,0.227270012403565,-5.19134469640443,"Prkar1b"
-0.227048261861404,8.20623763687076,-2.46912043634197,0.0187946769550854,0.0782828100887376,-3.86545412180089,"Prkca"
-0.293374108541727,11.1079825728116,-3.5752815892142,0.00108538060327128,0.00907723778158718,-1.22335501555601,"Prkcb"
0.276703147582232,6.35333094270609,2.30992966852102,0.0271737361032772,0.101735078818728,-4.19444278616761,"Prkcd"
0.280279165856444,7.00753631493586,2.73121521883458,0.00998004664138971,0.0495855913423924,-3.29179008960464,"Prkcdbp"
-0.0789251717007075,9.84341674747406,-0.732834471121674,0.468744419980455,0.654860739514796,-6.43347936271935,"Prkce"
0.0822119776082386,5.42406341193213,0.625076352636882,0.536145844548853,0.709282133803743,-6.50668432628337,"Prkcq"
0.15704224119527,7.92913453946279,2.54942551888043,0.0155327046559408,0.0685314344531139,-3.693766946599,"Prkcsh"
-0.0828955153068931,10.2895234624314,-1.13101982160215,0.266059988195924,0.467668358477535,-6.06702685878984,"Prkcz"
0.448520699518065,6.06652209069144,4.70328141639914,4.25710216000289e-05,0.0007252893984086,1.87905712758521,"Prkd2"
-0.114005632872163,6.28355039564043,-1.14979842298733,0.258350137740776,0.459076724674677,-6.04612099954184,"Prkg1"
-0.188980036634204,7.13860956462603,-2.09395003695526,0.0438895148321529,0.143166121150418,-4.61507813387452,"Prkg2"
-0.0918853866677852,7.0701244947345,-0.841206034340861,0.406183175625703,0.603226487347183,-6.34854100269772,"Prkra"
0.00287845023617893,7.0661327505807,0.0343021037172546,0.972839340108048,0.985393913380837,-6.70313901758831,"Prkrip1"
-0.11577692080976,8.93089446383199,-2.23368143489512,0.0322757623118524,0.11478608557029,-4.34643059723263,"Prkrir"
0.205011129667677,7.09847942582955,2.66241108173588,0.0118192547747674,0.0565507607487211,-3.44604029613064,"Prkx"
0.140335496468343,5.9553838075385,0.677071715507479,0.502998495906802,0.683173017737141,-6.47277235877532,"Prlr"
0.254980735683356,9.40811783257735,3.88566977815126,0.00045541222534118,0.00472560463455879,-0.398072421570984,"Prmt2"
0.011259467440174,7.88069576708851,0.201458115843273,0.841555787375308,0.909707446359285,-6.68315954374919,"Prmt3"
-0.0616533678026574,7.7814868785297,-0.878490908661446,0.385920265888575,0.584092407225715,-6.31672493166422,"Prmt5"
0.0150232233990776,5.98934977585887,0.193431484437099,0.84778634654226,0.913348973640807,-6.6847656079307,"Prmt6"
-0.0488299993837918,12.260305626465,-0.72056417454538,0.476164206519584,0.660967820940892,-6.44238422829392,"Prnp"
-0.342960044916144,6.1756711177322,-3.11748898810639,0.0037268110593722,0.0239374692869219,-2.38234198405975,"Prodh"
0.925843113640529,6.52694264333271,7.92058547976374,3.45989235098955e-09,4.25566759171715e-07,11.0450724723366,"Pros1"
-0.167622283005683,8.0543335691755,-2.89854969038499,0.00655984020792921,0.0365538941089359,-2.90651314637783,"Prosc"
-0.100689141206149,5.05180980363435,-1.00755888170586,0.320871756220211,0.5264420262046,-6.19648065183782,"Prox1"
0.0764671249700768,7.19272789600671,1.02007542852149,0.314985984788652,0.521152992548941,-6.18399389653396,"Prpf18"
0.0262087815328938,12.0081757774758,0.342675951587707,0.733978106998348,0.845367117171372,-6.64427066471741,"Prpf19"
0.206047626444835,6.27536962800402,1.58168053586875,0.123096972465891,0.287663592282431,-5.48032929889167,"Prpf3"
-0.0913581722360046,7.44068052902892,-0.897693592038001,0.375740413991884,0.576821585315394,-6.29982513655726,"Prpf38a"
0.201800161316422,7.64906861114391,2.42293019714833,0.0209435334347579,0.0843596159037413,-3.9624948052819,"Prpf38b"
-0.00498338815425521,6.27548001523513,-0.0573974329713768,0.954568798025757,0.976685044840936,-6.70206471311912,"Prpf40b"
-0.0247827700423301,8.33674644383083,-0.234125690014582,0.816309004166729,0.895312376688302,-6.67595131646992,"Prpf8"
-0.133727663421538,9.12176605825105,-2.05583976322083,0.0476394460382277,0.150289534247505,-4.68605573853021,"Prps1"
-0.0372163543753145,8.00789383386022,-0.452020781834886,0.654160434262355,0.788086734349034,-6.60040153336943,"Prps2"
-0.027943661478033,5.87476940940218,-0.274432556820229,0.785433524347089,0.875961982017454,-6.6655728758252,"Prr3"
0.315890128616744,5.20947873711341,1.91421825913035,0.0641456929917779,0.184297694498852,-4.94085854226925,"Prrg2"
0.123684737367253,7.48096330663932,1.27523845497206,0.210977291744103,0.404728526616818,-5.89838605993731,"Prrt1"
-0.105080596129597,6.75688090472256,-1.12540200116652,0.268398331006724,0.469487611261502,-6.07321917569053,"Prrt3"
0.146377515022158,4.81859380743259,1.68949925534151,0.100389223335571,0.251597221486041,-5.31481580495802,"Prss35"
-0.273495911883042,6.28353748243952,-2.81804988950281,0.00803863012910259,0.0424046147919083,-3.09360557753134,"Prune"
0.0630504876124151,11.4451047925781,1.14391131656222,0.260749574768443,0.461926657502931,-6.05270923429856,"Psap"
0.176906904365202,9.54685376344596,3.04336467442269,0.00452196649742557,0.0276080835914251,-2.56221564133261,"Psat1"
-0.0690196270237099,6.79601996149099,-0.791314664090656,0.434314409786665,0.627459329208496,-6.38904352159311,"Psd2"
0.0469321201292516,8.41465573823453,0.648723867560412,0.520929043515447,0.69717460649944,-6.49158844877364,"Psen1"
0.0247328949777496,6.60888059584122,0.508031652951848,0.614752312929509,0.759851939731254,-6.57331155189869,"Psen2"
-0.0698932002761885,5.05106792423304,-0.715010780436629,0.479544312732742,0.663104460957285,-6.44636657162323,"Psg23"
-0.112507978357241,9.81125743717221,-1.69698824232736,0.0989506908279165,0.248901607552795,-5.30297695127947,"Psip1"
0.128805957202433,10.0643589336034,1.63199061179129,0.112025643758308,0.270179493770037,-5.4042525138186,"Psma2"
0.0653651030747336,10.4132137909087,0.734301193245823,0.467861995373085,0.654487667868646,-6.43240518400553,"Psma3"
0.00149367485962843,9.47516614808131,0.0165516486863251,0.986892251576271,0.991368527448773,-6.70359693630716,"Psma4"
0.0130836257336682,10.3674202345433,0.220472488701494,0.826838179963356,0.900896503985364,-6.67909507711606,"Psma5"
0.115789325351078,10.5093326256932,1.2210228012003,0.230581575256616,0.426937566121341,-5.96395231458451,"Psma7"
0.0399618344110369,9.81380092806095,0.481644857140579,0.633182423659089,0.773344384236567,-6.58646201479093,"Psmb1"
0.116135379706418,8.68316108160925,1.25239683528464,0.219077769739514,0.412242236118049,-5.92632563646398,"Psmb10"
0.211079119788769,9.18629733836004,1.57111801961292,0.12553135984473,0.291193490201001,-5.49604195534558,"Psmb2"
0.146469944236586,10.2113081779443,1.70191094603762,0.0980145033924785,0.2473909612654,-5.29517102670005,"Psmb3"
0.133738822400185,11.2359687232714,1.63048680764542,0.112344265394421,0.270689025506005,-5.40655596232347,"Psmb4"
0.0814724081106001,9.17907979626031,0.86862762161557,0.391216871487793,0.588927368033713,-6.32526978953027,"Psmb5"
0.1386118413028,9.54447380815297,1.45156924100614,0.155900744920388,0.33099296309179,-5.66749626476986,"Psmb6"
-0.0439149084959793,10.8974308096045,-0.259947022977777,0.796491897322607,0.882405236862457,-6.66949131550283,"Psmb7"
-0.0748063679283156,9.21684801757312,-1.8335842844092,0.0755922531888587,0.205615821376167,-5.07943219265296,"Psmc1"
0.0489121679772666,10.8689630860797,1.11256431181167,0.273797126724208,0.475748149668646,-6.08726242016805,"Psmc2"
-0.0427444688948838,9.70250523642744,-0.761914883545923,0.45142930732014,0.641891615505088,-6.41179430393216,"Psmc3"
0.384257534444766,6.32295052312476,3.18910580321816,0.00308604110281291,0.0205044865368716,-2.20633333209497,"Psmc3ip"
0.125135923896783,10.1290339901159,1.69187971767262,0.0999300916584958,0.250844923959081,-5.31105745645015,"Psmc4"
-0.123697876178228,10.6282095984029,-2.15498513450777,0.038425127739741,0.129790970657411,-4.49933693913663,"Psmc5"
-0.0256878735304213,8.9320542730111,-0.596723441772336,0.554694139767383,0.72127698574352,-6.52406191093912,"Psmd1"
-0.0301561723822834,7.84930458550119,-0.257380390260822,0.798455820274133,0.88302910123738,-6.67016354475782,"Psmd10"
-0.0901120142797315,9.80851089058427,-0.967770116556871,0.340078150594525,0.543069700268584,-6.23520983161096,"Psmd11"
-0.0453082144006946,8.89161555972368,-0.72227366261588,0.475126469736241,0.660072393079851,-6.44115234248191,"Psmd12"
0.15668476678558,8.80903162338742,2.34179876921654,0.0252657918048639,0.0969231801547599,-4.12982550594633,"Psmd13"
-0.0452766859728451,9.69540779497589,-0.497823353126624,0.621853177466663,0.764977524244781,-6.57848102969646,"Psmd14"
-0.11876830335558,8.78399482366929,-1.71305168564903,0.0959230688457268,0.243330058388419,-5.27743521276562,"Psmd2"
0.0435885409525385,10.0757122601126,0.833824873388295,0.410271990845744,0.605502385084895,-6.35468287521311,"Psmd4"
0.157695617451913,7.5524567814768,2.71944568093244,0.0102745029666898,0.0505999203720866,-3.3183531651009,"Psmd5"
0.0129696268732909,9.21493188112528,0.18399985908869,0.855120208532641,0.918111818528871,-6.68656954961273,"Psmd7"
0.124313456910061,9.07726068447466,1.70727504519473,0.0970028030911601,0.245451648765038,-5.28664359867593,"Psmd8"
0.390780293345017,8.74765944405087,4.26995119913104,0.000151275402922466,0.00196386739660079,0.657126852959278,"Psme1"
-0.0407357689941844,7.75938457207919,-0.772160077003969,0.445420288574465,0.637597080692883,-6.40396043274341,"Psme3"
-0.0938338665629918,8.33767594552582,-0.904379482764302,0.372237079098717,0.574329286603045,-6.29385935753914,"Psme4"
-0.158387804004753,7.91520868568153,-2.33272719790916,0.0257961723206732,0.0981812052929473,-4.14828352083466,"Psmf1"
0.29806871933523,7.53375443405877,4.19763617958602,0.000186491278163596,0.00233368614337224,0.456182763373662,"Ptbp1"
0.0640741966512966,9.28066323309288,1.28238084273918,0.208491360222014,0.402381144125379,-5.88955563499471,"Ptdss2"
-0.249159529593656,9.64312554715857,-2.45553722786217,0.0194047012934353,0.0797537967585935,-3.89412247088863,"Pten"
0.00918794963412242,5.77136944052631,0.129801792354832,0.897497670774109,0.942869208265689,-6.69519083174483,"Pter"
-0.27857580045626,11.8233757651214,-1.91603846527531,0.0639055609556347,0.183970513714127,-4.93767510482929,"Ptgds"
0.00507539734162834,6.74854175756802,0.0622428148077172,0.950738481351357,0.974308913118247,-6.70177066141933,"Ptges2"
0.0680042092626188,5.11490786788207,0.471700171846959,0.64019147528937,0.779074712809916,-6.59123878352781,"Ptgis"
-0.0567993545227056,8.86002828892834,-0.835188236719032,0.409514832505433,0.604738887357218,-6.35355232588406,"Ptk2"
-0.116878602078412,8.50556093327966,-1.41629971120269,0.165897774526556,0.344147460690014,-5.71580423132265,"Ptk2b"
0.0315565539429041,9.46886480016087,0.652892976349057,0.518270580262997,0.695082826342951,-6.48887033623977,"Ptms"
0.081960574413953,10.9246972445248,0.707047238224907,0.484415164145741,0.667010702604942,-6.4520250894738,"Ptn"
-0.0633334377275492,11.2977037688906,-0.951985414137943,0.347906846105449,0.550188702845735,-6.25016584314857,"Ptp4a2"
0.147528925216759,6.79478559629118,1.87240728357501,0.0698797497950789,0.195441402539826,-5.0133140864329,"Ptp4a3"
0.288030805090928,8.55616805714268,3.72290639921449,0.000720116725128564,0.00673591025794544,-0.834289416098658,"Ptpla"
0.300117306563269,8.28542595030585,3.35924898468802,0.00195806523606124,0.0144787727059484,-1.77995110750211,"Ptplb"
0.249486634502537,8.06380115955999,2.50263793228033,0.0173636579824754,0.0740193805626571,-3.79424971355314,"Ptpn1"
-0.0628766838932738,9.76884029196837,-0.676137406849831,0.503583986795742,0.683192006391725,-6.47340499308366,"Ptpn11"
0.0802040330307988,8.81096758446745,0.770650050944176,0.446302945693177,0.638317003723963,-6.40512140074893,"Ptpn12"
-0.0154073905718346,7.94139587773018,-0.230323088509084,0.819238132571178,0.896737976774333,-6.67684580923851,"Ptpn5"
0.0385763745569394,8.57270239598931,0.509832946945136,0.613503218226122,0.758841098589579,-6.5723886539794,"Ptpra"
0.236757343669368,7.54227917228833,2.3017302185906,0.027685194821825,0.103266595774011,-4.21096473066229,"Ptprb"
-0.43245299588639,10.4652347575511,-5.13994792065293,1.16746386500306e-05,0.000253772425483209,3.13200675831547,"Ptprd"
0.282891624086353,8.32223678699188,3.44610282515176,0.00154700075913918,0.0122089590427839,-1.55811338086554,"Ptpre"
0.287107711842016,8.49427848229619,3.99043166295308,0.000338106179982963,0.00373918742468,-0.11367696486386,"Ptprf"
-0.233973953497964,7.81400034972497,-2.74886496811165,0.00955316403444793,0.0479846675554989,-3.25182056131579,"Ptprk"
0.0681051082867333,8.14208504765462,0.657898359944214,0.515088569349443,0.692506439677217,-6.48558458798875,"Ptprn"
0.394364000883023,7.14576406016193,3.66392709717954,0.000848921969319118,0.0076585214512993,-0.990520784443838,"Ptpro"
-0.265896662798691,6.5361586770914,-2.50287622485556,0.0173538514190155,0.0740193805626571,-3.79374114177619,"Ptprr"
0.121432637569464,10.3666314730072,1.54605883531264,0.13146384768685,0.299987413522528,-5.53295641142067,"Ptprs"
-0.166451659961343,7.65866286628182,-1.47896628515535,0.148469706450397,0.32162058832876,-5.62925000785657,"Ptprt"
-0.0304295199771128,5.9455605061055,-0.338711054982143,0.736936312282272,0.847132396361864,-6.64563641208402,"Ptpru"
0.145840512283945,7.72239134993914,1.35360647403997,0.184903544487357,0.369587227447381,-5.79906683963988,"Pts"
0.266035737643045,9.3126182043279,4.21349423057473,0.000178137887280568,0.00226284474951109,0.500162787263541,"Pttg1ip"
-0.0463313724917699,8.52441229423705,-0.761131126000195,0.451890963334422,0.641939754393095,-6.4123894362393,"Pum1"
-0.160471416133278,9.70751846649708,-2.64266001572466,0.0124025675353277,0.0586186954832778,-3.48985212030978,"Pum2"
-0.193957052319288,10.3386664630478,-2.33977984040377,0.0253829705610546,0.0971953838567943,-4.13393787239145,"Purb"
-0.0779502396324996,6.53569241235144,-1.1436170237574,0.260869942607247,0.461926657502931,-6.05303775626939,"Pus3"
-0.502957006696004,8.93016479081409,-5.04831766136379,1.53288362336279e-05,0.00031516620522798,2.86787375100625,"Pvalb"
-0.450088480056145,8.27803688208146,-6.25832733480797,4.19989689223304e-07,1.73912546756649e-05,6.36762444044133,"Pvrl3"
0.0104678356726761,5.95946747406197,0.150931011629499,0.880933181043776,0.933700300967584,-6.69218349491793,"Pwp2"
-0.0108396131328054,6.34202883470139,-0.154372881200412,0.87823983304013,0.932413363793974,-6.69165079035193,"Pxk"
-0.0627873626971958,6.42940827212837,-0.769597190043824,0.44691899097419,0.638654709969635,-6.40592958475048,"Pxmp2"
0.0460929672001814,6.58915861605349,0.817290126966886,0.419523796655011,0.613888659260066,-6.36825298227319,"Pxmp4"
0.157380361576013,7.27747891332514,1.90423293706398,0.0654769074424539,0.187344280679228,-4.9582791987214,"Pycr2"
0.203722545505849,6.27025969712596,1.95628080299187,0.0587914022965392,0.174505616116214,-4.86667822044028,"Pycrl"
0.230943097043667,8.39827933038447,3.11781265065831,0.00372364948758178,0.0239374692869219,-2.38155137496222,"Pygb"
0.224217272553338,5.39896900871768,2.19774399725543,0.0349655716632393,0.121813208774477,-4.4167633813829,"Pygl"
-0.0510641216305619,4.73934626319553,-0.334655548700043,0.739966341861822,0.849647145266204,-6.64701704059274,"Pygo1"
0.0620967555594757,7.64758489513364,0.978774336054603,0.334690753892031,0.54082129833945,-6.22464587330263,"Pygo2"
0.0704022563471934,9.17629253426621,0.844137307762539,0.404566466196681,0.602065667078359,-6.34608749869427,"Qars"
-0.0564587952637545,11.1452838706241,-0.706430791157985,0.48479337581946,0.667252454764612,-6.45246054399329,"Qdpr"
-0.0830621033974588,6.68879322994824,-0.6980416862267,0.489956970814844,0.670698426661036,-6.45834991145786,"Qpct"
-0.0494102686632607,7.86595948976708,-0.761422661908577,0.451719207616608,0.641891615505088,-6.41216813272787,"Qrsl1"
0.0073954071579214,5.86715735787233,0.0713307469052645,0.943557671243938,0.968919025877251,-6.70115492875205,"Qtrt1"
0.0263222628466092,5.62044655897047,0.164046773276045,0.870677760691715,0.928632477734467,-6.69008932020794,"R74862"
0.0308340352995269,10.6019614162124,0.559439728343004,0.579574262116483,0.739519728575195,-6.54571076688709,"Rab1"
-0.0451637155723217,9.33641252292097,-0.570039789842111,0.572445182689472,0.733631780509024,-6.53969507336411,"Rab10"
-0.0169288992302958,9.49741167517657,-0.19172533751202,0.849112015749123,0.913996135629206,-6.6850985993058,"Rab11a"
-0.0760216630076512,9.41360862512998,-0.832138822385381,0.411209558891719,0.606353744295595,-6.35607855920312,"Rab11b"
-0.166624088935005,8.56713387942273,-3.14928689867322,0.00342808378720604,0.0223645880192498,-2.3044579209955,"Rab11fip2"
-0.0178680048935915,6.95160456801024,-0.154131152993887,0.878428943640759,0.932417841039855,-6.69168859467313,"Rab11fip3"
-0.194824260330641,9.20935513670149,-1.49313549355244,0.144738928342278,0.317080111046963,-5.60922409095015,"Rab11fip5"
-0.0256155369010757,8.17793560846932,-0.371174910628734,0.71283885032426,0.832619378914573,-6.63398978039617,"Rab12"
-0.0445922545508932,11.268802859762,-0.890018294745436,0.379788335225859,0.580209807495913,-6.30662176328534,"Rab14"
0.0784115344222807,9.42312710514994,1.28808463277985,0.206522122365258,0.399958165548386,-5.88247175095054,"Rab15"
-0.165397279504081,9.47408619709915,-2.48590885008723,0.01806494027813,0.0761081819737756,-3.82987094988183,"Rab18"
0.0229486581269976,7.69253259345223,0.296800132858014,0.76844724937107,0.867172382449185,-6.65910701353435,"Rab1b"
0.0923390345807196,8.26044072351445,1.53206916575444,0.134873330993718,0.30487055499835,-5.55334114276165,"Rab21"
-0.0448758828584813,8.20482169301332,-0.542753232962404,0.590884221784195,0.746263243290181,-6.55495602780135,"Rab22a"
-0.118065069579238,7.27854214620878,-1.69081480649764,0.100135269645153,0.251109977533818,-5.31273932143201,"Rab23"
0.0362424665344633,9.60023240730346,0.582361003192542,0.564213621247742,0.727333663587005,-6.53256349142434,"Rab24"
0.296575102813065,5.92536929880664,3.3855781539043,0.0018235000747861,0.0137457561691275,-1.71298886272655,"Rab27a"
-0.00162613312960278,10.0526086246847,-0.0209569968504337,0.983403994505755,0.989601894536052,-6.70351311153915,"Rab28"
1.46672979003804,5.85703582802452,6.95164655430811,5.50160342951878e-08,3.37337368848844e-06,8.34970625367811,"Rab32"
-0.145032856308677,8.51777897661207,-1.50807772473824,0.140886326134605,0.312853255260595,-5.58792505835675,"Rab33a"
-0.048954319721394,8.13196145094634,-0.904911137934391,0.371959408478075,0.574163237512987,-6.29338315634406,"Rab33b"
0.406022688256905,7.60512707747242,5.16710242130404,1.07688814948711e-05,0.000240298537073606,3.21037378686914,"Rab34"
-0.0881635234063767,7.91052086813243,-1.00423102538596,0.322449206536012,0.528411987234339,-6.19977619471111,"Rab35"
0.0250520050886251,6.97356363260533,0.357425324448695,0.723010129160242,0.840134580298321,-6.63905158540184,"Rab36"
-0.243428660029451,11.3594914036447,-3.31867929424616,0.00218421562213784,0.0157132658808005,-1.88262989270452,"Rab3a"
-0.115013545403779,7.27945221837172,-0.983440792181788,0.332423619147814,0.538660954659054,-6.22013207934663,"Rab3b"
0.0202805385418243,6.88047895731706,0.268099042731872,0.79026316327069,0.87839919161871,-6.66731215940786,"Rab3d"
-0.107813321084534,7.62991260201216,-2.41782710935633,0.021194181654296,0.0849402547083302,-3.97313769776096,"Rab3ip"
-0.12973712486405,8.18481659003377,-1.55084602891233,0.130313297588837,0.298713618063866,-5.52594404452496,"Rab40b"
-0.00682128297416627,8.15465191713998,-0.13101412898232,0.896545908271733,0.942129821924224,-6.69503050734922,"Rab40c"
-0.177147226923515,8.33961462305942,-2.85886316746309,0.00725370844438782,0.0393761589720644,-2.99914605968977,"Rab4a"
0.0446586406617546,7.83014409223653,0.723418815351708,0.474432036258386,0.659470991965557,-6.44032554422637,"Rab4b"
-0.164994305192693,10.1000387696184,-2.64901564833247,0.0122120194664223,0.0579510684716333,-3.47577711126281,"Rab5a"
0.314913489632216,8.22040623405307,1.40318406404006,0.169741479399346,0.348820815244866,-5.73350020608542,"Rab5c"
-0.175788001272225,11.2085100455552,-2.48994165815418,0.0178935532207412,0.0755122919599981,-3.82129880431827,"Rab6b"
-0.194235730850908,10.6930294797133,-2.71988577144417,0.0102633486823263,0.0505999203720866,-3.31736121405954,"Rab7"
0.0297290257958517,8.13851768740982,0.555206317611523,0.582433565624585,0.740971864642983,-6.54808233096554,"Rab8a"
0.195060623711465,9.26010270730028,3.13125357752287,0.00359458336982268,0.0232403640179689,-2.34868006016238,"Rab8b"
-0.026928472228143,8.52760067000483,-0.289599553950572,0.773903259205996,0.868724927357522,-6.66124349740173,"Rab9"
-0.0995223997727571,7.3524779199674,-1.94139405199822,0.0606403614235574,0.177796129452907,-4.89307871245763,"Rab9b"
0.233827035706526,10.7444499157899,1.8660799678089,0.0707847284464086,0.197038733536761,-5.02416648147861,"Rabac1"
-0.0510643027446332,8.26671814041726,-0.495551407289164,0.623438587690757,0.76626877838764,-6.57961748028101,"Rabep1"
0.141398858002445,7.12199359547267,2.53318742320011,0.016147040105669,0.0704407640595925,-3.72878269096927,"Rabep2"
-0.0806532242781883,8.53464346250504,-1.38780741997535,0.174336259879853,0.355510618105176,-5.75406057557202,"Rabgap1"
-0.187699524731201,8.55719494495057,-3.58153345394372,0.00106680304556056,0.00901108631906797,-1.20701457533829,"Rabgef1"
-0.0793752447818884,6.81750660961869,-1.27399131682595,0.211413650742277,0.404728526616818,-5.89992336523255,"Rabggta"
-0.0621526442537398,8.3295216858127,-0.964597583559687,0.341642076801517,0.544360503415497,-6.23823448032345,"Rabggtb"
-0.094836675139255,7.94431138682863,-1.72185823911474,0.094296360172,0.240492243546313,-5.26334687370994,"Rabif"
-0.0506068716583657,7.11317754141039,-1.04039088925638,0.305591582008488,0.511313320527142,-6.16341890888116,"Rabl3"
0.0347468934804133,10.3508637040737,0.493860908646844,0.624619437227356,0.766599129213327,-6.58045976166075,"Rac1"
0.178306067205345,6.6833766187516,1.17378146234315,0.248740658883425,0.448951304123031,-6.01895951828323,"Rac3"
-0.258549664371485,6.18558435953037,-3.55698843404739,0.00114155150283511,0.00944492320018226,-1.27109570392855,"Rad1"
0.0238240347932383,7.25440806154638,0.398049711370384,0.693113011994075,0.819355114741238,-6.62354920689562,"Rad17"
0.0197981751127074,8.00567257258615,0.225332864971166,0.823086078636535,0.898998215512941,-6.67799751545491,"Rad23a"
-0.0324854611853009,8.86510785918075,-0.817087078825007,0.419638201136252,0.613888659260066,-6.36841800262419,"Rad23b"
-0.0390092304574241,6.32999124789051,-0.64547497157158,0.523005804135128,0.699050694474808,-6.4936948460603,"Rad50"
0.00461214694462993,6.19045535379931,0.0492948686406579,0.960976350771972,0.979822833995765,-6.70250322708657,"Rad52"
-0.0138551020734043,7.70488864015114,-0.257953185510824,0.798017415666127,0.88295133147084,-6.67001409927237,"Rae1"
0.025857325632518,8.17220407221927,0.519240291335866,0.606998866838659,0.754894028475303,-6.56751654036855,"Raf1"
0.293619266399265,6.96334788583068,3.79415134981169,0.000589668368518798,0.00580800309070371,-0.644234765778632,"Rai14"
0.105009889873401,8.39765924991925,1.75908898149019,0.0876725637244997,0.229084320654224,-5.20312231070731,"Rala"
0.235305233673411,7.5325130077977,2.91047365257003,0.0063638643556329,0.0358981744356339,-2.87853314466685,"Ralb"
-0.0191870785573252,8.52395959487503,-0.310749828494651,0.757911580197035,0.860456573375427,-6.6548195335739,"Ralbp1"
0.240941592314768,7.55349589364294,1.43676934606243,0.160036032567607,0.336696584162887,-5.68789508254943,"Raly"
0.16593372036537,9.24602984588983,1.52201070871345,0.137368585316685,0.307847741653364,-5.56789826463684,"Ramp1"
0.315305801662833,7.52576984709906,4.0662327828605,0.00027220616302189,0.00314053878958325,0.0937155120780391,"Ramp2"
-0.803768373593384,6.31693825665972,-4.96580895702683,1.95824984458495e-05,0.000378369883764057,2.63050291762266,"Ramp3"
0.0207568265762696,11.4598610124151,0.221495998441776,0.826047706696581,0.900704558890996,-6.67886593322944,"Ran"
0.165142512619021,9.18529315786684,2.04943266735757,0.0482968018550641,0.151279982456576,-4.69788974518385,"Ranbp1"
-0.0356642778590427,7.44575239784994,-0.489922393578806,0.627374481206428,0.768217149166977,-6.58241110262822,"Ranbp10"
-0.258576521612781,7.29261290706719,-3.83710883106426,0.000522441467318704,0.00527990444827299,-0.528965157618424,"Ranbp6"
-0.0292231290547784,9.02157200314265,-0.549148734128348,0.586536872771897,0.743192323967004,-6.55144504393792,"Ranbp9"
-0.019950592615581,9.42308536501104,-0.331876162035357,0.742045373809409,0.850711269433557,-6.64795369622196,"Rangap1"
0.199117732051504,10.1919902521857,1.91752367086264,0.063710199241517,0.183804653761425,-4.93507577192633,"Rap1b"
-0.0748367372456335,8.00613977966887,-0.810001880688713,0.423642244713242,0.617904996768137,-6.37415158197868,"Rap1gap"
-0.198530884780405,9.7911661516355,-2.23695734576977,0.0320400274546779,0.114376176978945,-4.33997744710473,"Rap1gds1"
-0.0593934641910936,9.16993423015467,-0.826520884020972,0.414343126433081,0.60866075927819,-6.36070943484486,"Rap2c"
0.003551797425637,7.03127800356629,0.0328049763064737,0.974024328861278,0.985766019587021,-6.70318998325882,"Rapgef1"
-0.0228644525716383,7.13352330617144,-0.34351288564488,0.733354196792884,0.845367117171372,-6.64398035730534,"Rapgef3"
-0.246202370468354,10.1814293355475,-2.77206771600204,0.00901783068595483,0.0461231629344613,-3.19903104496297,"Rapgef4"
0.0482208097799775,9.29042151677714,0.536270159645278,0.595306847828325,0.7494089949072,-6.55847384554911,"Rapgef5"
-0.0403360710187865,7.42593509069018,-0.590157755157802,0.559035707045727,0.723804125964467,-6.52797351231713,"Rapgef6"
-0.13059326278023,5.2773859434307,-0.973422521345766,0.337303653434024,0.542244923260371,-6.22979765828039,"Rapgefl1"
0.553061719546918,6.8913831562767,5.57599488702508,3.18675766489718e-06,8.59942666112406e-05,4.39365134283921,"Rarres2"
0.0443177023577897,8.41923662760617,0.669893945890041,0.507506129765261,0.686337734622207,-6.47761071577676,"Rars"
-0.0699713784829989,8.9965541346091,-1.31048770852587,0.198923910678327,0.389733209615696,-5.85437327203551,"Rasa1"
0.0252388562667931,8.01512843693749,0.431368467817774,0.668957317343164,0.798851942069991,-6.60960246503914,"Rasa2"
-0.0216152398240281,6.64404813030997,-0.233210394115022,0.817013809517929,0.895335624689477,-6.67616795727292,"Rasal1"
-0.194687337108668,12.570768372184,-1.91213536590965,0.0644214349596969,0.184799372299062,-4.94449843436358,"Rasgrf1"
-0.135211121423922,11.2239170079246,-1.52158889753589,0.137474033818184,0.307847741653364,-5.56850691227427,"Rasgrp1"
0.0727536784191746,6.66180063851087,0.757832767669389,0.453836847445245,0.643926454859041,-6.41488750325137,"Rasgrp3"
0.134659428049616,4.86231782025009,1.35415747089589,0.184729456465692,0.369403921529,-5.79834971592022,"Rasip1"
-0.177949053633721,8.02309470143361,-1.70037223587484,0.0983063338285926,0.247755542977307,-5.29761299543197,"Rasl10b"
0.778448278674596,4.99285068764452,2.85305131811965,0.00736091941526137,0.0397442362003888,-3.01264731370201,"Rasl11a"
-0.366291374265636,9.7866070300869,-4.26903818183068,0.000151676376251556,0.00196386739660079,0.654583721072111,"Rasl11b"
-0.18008243514051,5.25682905700389,-1.98740175300569,0.0550835829482936,0.165500725008665,-4.81097304250656,"Rasl12"
-0.0513824481694926,7.77572105442195,-0.859037721149031,0.396410678677293,0.593909403615445,-6.333489405179,"Rassf1"
0.114450087057809,6.51038267926566,1.44279392497352,0.158342339541372,0.333842200404226,-5.67961358977009,"Rassf2"
-0.770965288695069,6.93995021457592,-8.28556431168081,1.25423291111963e-09,2.53003862831052e-07,12.0319210906485,"Rassf3"
-0.0131835811726685,5.28337382988759,-0.0875803809611492,0.930730397180817,0.961030588243829,-6.69984520529795,"Rassf4"
0.150544148456417,7.60135055814363,2.09977515813605,0.0433398852044728,0.141831953981931,-4.60414121753944,"Rassf5"
0.00756759503574785,8.00691859637058,0.0854143502745723,0.932439227455667,0.962119835783531,-6.70003525391264,"Rb1"
-0.0123789480908453,6.64997672400899,-0.136913458604688,0.891916800234235,0.939418634833176,-6.69422910623402,"Rbak"
0.0128659461057582,7.16393488618341,0.1504782031862,0.881287622732585,0.933802308765522,-6.69225268414774,"Rbbp5"
-0.173801803371722,11.7334530145867,-2.93907407772035,0.00591600684435928,0.0338578347868744,-2.81114617567187,"Rbbp7"
0.022488235934281,7.47649571043965,0.323846121401926,0.748063003102285,0.855564235680374,-6.6506162255878,"Rbbp9"
-0.242348449659923,5.30839982828634,-2.32994759105829,0.0259606874824589,0.0986584378101282,-4.15392894608122,"Rbm11"
-0.0845505918991847,6.79182726052028,-0.643622398919245,0.524191992455536,0.699894153548654,-6.49489133085012,"Rbm12"
-0.343964336403645,8.76167782581546,-3.94537815161167,0.000384411086235098,0.00414227587154616,-0.236311225043006,"Rbm18"
0.0485456603378581,7.45668570053805,0.663845988701339,0.511321386928379,0.689463570663053,-6.48164853239813,"Rbm26"
0.186447351541991,7.5633753752434,2.01047297161234,0.052467900342661,0.160600043646353,-4.76923079714377,"Rbm28"
0.0606729097242047,7.31783051872028,1.00224944092873,0.323391012832486,0.529148736374403,-6.20173366556265,"Rbm43"
-0.0216019895839837,9.63964541102313,-0.290452252908963,0.773256537830462,0.868724927357522,-6.66099321783728,"Rbm5"
0.30518712936518,7.63270704559817,3.2716289084102,0.00247782553717877,0.0173310321553294,-2.00093174019259,"Rbms1"
0.265197963826741,6.25162041316897,3.59970332986016,0.00101453828449435,0.00867598676150848,-1.15945371364535,"Rbms2"
-0.14460533558115,8.08978426658959,-1.38343868814344,0.175659261033036,0.357485735831154,-5.75986531796932,"Rbms3"
-0.0647928472191609,7.67821995239636,-0.743903910368272,0.462108529452505,0.650226929137551,-6.425321133006,"Rbmx"
1.06598234092895,8.24438321702593,5.37404653075282,5.81598877537968e-06,0.000142378793175921,3.80866833651573,"Rbp1"
-0.420655572603047,4.97411164304744,-1.34584469529479,0.187369385543387,0.372743120826548,-5.80914104266267,"Rbx1"
-0.0217343177296781,6.51980263290835,-0.226977176320459,0.821817658894555,0.898228533551201,-6.67762079867076,"Rce1"
-0.0288207457553734,7.99077493770179,-0.438559649045625,0.663789357470553,0.79512820183468,-6.60644693156314,"Rchy1"
0.0864884718150671,7.12778042352972,1.20328986828619,0.237279112278314,0.435601952391531,-5.98483348083272,"Rcl1"
0.0259360618566083,7.40819800475454,0.316363557421444,0.753684844640666,0.85875116844168,-6.65303890070177,"Rdh11"
-0.0414779598122377,8.86511127373413,-0.653703045337824,0.517754885547532,0.69460970678803,-6.48834023068711,"Rdh14"
0.622930417301542,5.62910913003507,4.03213494419305,0.000300129004144299,0.00341553099385843,0.000262304300438387,"Rdh5"
-0.072858794189546,9.15834687313571,-0.898224526107131,0.37546143470099,0.576617697360392,-6.29935292813686,"Reep1"
0.120176671627333,7.12393929583877,1.61356743546922,0.115980803209581,0.276283037593725,-5.43234744203333,"Rela"
0.148523089380362,8.26560707189026,1.84162720234537,0.0743771191620022,0.203407707122547,-5.06582700933851,"Reln"
0.313115503781122,7.12459322198103,2.50389897663007,0.0173118192500793,0.0739233738172312,-3.79155797768927,"Rem2"
0.902922370649089,5.7012130001998,5.15206516247405,1.12614429304712e-05,0.000247938669687019,3.16697194822063,"Renbp"
0.0209337689072567,7.72885213762639,0.296770293288374,0.768469834853343,0.867172382449185,-6.65911597493229,"Repin1"
-0.123593344789981,8.25959005872309,-1.98553967917661,0.0552995667914692,0.165898700374408,-4.81432555623629,"Reps1"
0.0947205276256584,8.2330664420753,1.2677159197793,0.213619691012299,0.407290775718346,-5.90763813821718,"Rer1"
0.0154071912336982,5.95324549328104,0.118760617828867,0.906172625077172,0.948192321519469,-6.69658242747047,"Rerg"
-0.0745198005631873,9.39683781505875,-0.822439547976176,0.416628842024933,0.610950639817312,-6.36405480884065,"Resp18"
-0.0469938043234629,6.46051304742758,-0.904269087493403,0.372294752707784,0.574329286603045,-6.29395820470233,"Rev1"
0.066990630775074,7.31416683436691,0.898489433330367,0.375322289226751,0.576617697360392,-6.29911722238515,"Rev3l"
0.115138953153768,8.02130148402939,1.98030937833155,0.0559101844250744,0.16753122997959,-4.82372906452111,"Rfc2"
0.250925785393774,6.16939190874842,2.41368297467978,0.0213997344533762,0.0855141528117087,-3.9817690859788,"Rfc5"
0.0539429164416347,6.33295207403839,0.848032598732807,0.402424299019079,0.600301080748649,-6.34281445499113,"Rffl"
-0.177458714487523,7.66117237129882,-2.330350646219,0.0259367734565253,0.0986418918109028,-4.15311063375587,"Rfng"
-0.00608804513990055,7.43037230606512,-0.099740508456558,0.921143428447941,0.956078661145927,-6.69868996011845,"Rftn2"
-0.0324831164436588,6.80560653181393,-0.43474558554708,0.666528282266634,0.797083739025524,-6.60812698882795,"Rfwd3"
0.0368319953276581,6.32461708757958,0.321428077463342,0.749878227590621,0.85654267310068,-6.65140528528215,"Rfx1"
-0.206859302159661,4.42636546406163,-0.954175371292542,0.346813596632676,0.549475641790319,-6.24810475979739,"Rfx2"
-0.0296282234746332,6.70449613986786,-0.385062538213733,0.702619359552829,0.825369072961779,-6.62868486319848,"Rfx4"
-0.0314016076445416,7.59752741323774,-0.521804941875732,0.605231235413936,0.753811094144846,-6.56617309051327,"Rfxap"
0.34829437649264,6.90515728422191,4.54107255760091,6.85952899692475e-05,0.00105787782053491,1.41848926990338,"Rgl1"
0.211057206879029,7.06465623352418,1.76103906674309,0.0873367037280256,0.228501479124778,-5.19993837369294,"Rgl2"
0.186498081099767,6.12028559228092,1.92224335006387,0.0630927980745403,0.182629537978093,-4.92680494140845,"Rgma"
0.200228082076079,8.51990006143408,1.99801585100831,0.0538664238270046,0.163054246914516,-4.79181609734906,"Rgs10"
0.0325188951703451,6.78520509451129,0.460358905422353,0.648225961885834,0.784498086342755,-6.59656634882915,"Rgs12"
0.060924158026941,7.42581704764733,0.63416688644709,0.530268661798699,0.705135049131808,-6.50094591538998,"Rgs14"
0.0684021013654895,6.65305062260625,0.656088479744066,0.516237916941962,0.693608918144026,-6.48677549292584,"Rgs16"
0.0150953749152356,9.13690467273534,0.192526680975976,0.848489319348547,0.913520844892127,-6.68494256643173,"Rgs17"
-0.410149404485229,10.6856099916423,-5.41563761452005,5.13828405643515e-06,0.000127647125599027,3.92908376325187,"Rgs4"
0.208559994044925,9.64812599634135,2.65676326627546,0.0119834043874917,0.0572275647027657,-3.4585898297643,"Rgs5"
-0.32662565702269,8.74679319659375,-5.57668622995142,3.18020170861087e-06,8.59942666112406e-05,4.39565485111079,"Rgs7"
0.141925086579426,7.57102855576049,1.28490793573429,0.207617131209744,0.401462113761786,-5.88642059390155,"Rgs9"
0.18790933035892,7.11798248276908,1.95121337328331,0.0594152204776555,0.175530730444532,-4.87568287068089,"Rhbdd2"
0.529064294738527,6.45761213141599,5.57333066546583,3.21214904953977e-06,8.61641896639845e-05,4.38593046948115,"Rhbdf1"
0.177653325884969,5.12217497954378,1.39305770737518,0.17275659670698,0.353265201360609,-5.74706296777446,"Rhbdl2"
-0.0688232793687283,10.528433683876,-0.754257000818946,0.455951960221105,0.645345710260755,-6.4175838316717,"Rheb"
-0.0810648217821164,6.43987605259261,-1.01428974161885,0.31769736674645,0.523748878882755,-6.18978381688194,"Rhebl1"
-0.0577675748245384,9.58636303200859,-0.671076375765989,0.506762042418721,0.685877410666901,-6.47681712105287,"Rhob"
-0.0680108265376296,8.27005510725247,-0.710409020352089,0.482355538584636,0.665040915040573,-6.44964386284986,"Rhobtb2"
-0.0249977772421639,7.67291153983654,-0.419196647163051,0.677741981341277,0.8064777753431,-6.61482595421869,"Rhobtb3"
-0.16815628360439,7.04967022213784,-2.51268005510848,0.0169547626612885,0.0727065204939437,-3.77278898123997,"Rhof"
0.188599178375358,7.08691246630297,2.38751731147602,0.0227399841039055,0.0891046929572613,-4.03602696642887,"Rhog"
0.771134087099182,5.86930724566067,4.93109282862145,2.17057438110157e-05,0.000414629038026335,2.53077836981335,"Rhoj"
-0.139050984554766,8.61211957703083,-2.94848062005859,0.0057753117099556,0.0332282364982147,-2.78889882290815,"Rhot1"
0.0026361312801286,7.34894033344013,0.0268536764568724,0.978735397848664,0.987225083380662,-6.70337009370465,"Rhot2"
-0.0285952295599916,7.90846705784254,-0.417854537732252,0.678713448108661,0.807142534970223,-6.61539286203274,"Rhou"
-0.0566264938237838,6.87946308734481,-0.70082079275994,0.488242978842624,0.669442453046045,-6.45640647174199,"Ric3"
-0.364253453249181,8.99924063406322,-3.3750079105372,0.00187642145486475,0.0139982150841464,-1.73990225716122,"Rims1"
-0.408790648808763,9.01932429204385,-5.87450206383286,1.31066150277016e-06,4.59004580449298e-05,5.25856721891161,"Rims2"
-0.566056338655771,7.80680081336085,-4.9746380950504,1.90762805317076e-05,0.000373153331440298,2.65588012312109,"Rims3"
0.158005939277634,7.68469182664469,2.42039239706102,0.0210678431924438,0.0846574766689195,-3.96778954489365,"Rin1"
0.204649904671867,6.67601364131951,2.58610263547457,0.0142233964104832,0.0640701281745829,-3.61412722053695,"Rin2"
0.235911993007675,4.23413727569084,0.811642943902527,0.422712760430241,0.617358948986304,-6.37282784818551,"Rin3"
-0.113753118055005,6.35065944782287,-1.50271773455703,0.142258726382689,0.314240366687648,-5.59558659890962,"Ring1"
0.0362480293406089,7.09097058233746,0.477028051555375,0.636432138441738,0.775810315243337,-6.58869184685969,"Riok1"
-0.00548260796431638,9.63737672378494,-0.139391549929509,0.889973420155348,0.938547879097328,-6.69388195312907,"Riok3"
0.685007713237444,5.92609791064066,5.74165271615835,1.94588319301899e-06,6.02029996465937e-05,4.87373536318558,"Ripk1"
-0.148369826470898,3.6346624256448,-0.740109060722124,0.464377266997482,0.651879702842047,-6.42813128500281,"Ripk4"
0.138573057753603,7.79569798253434,1.78861384144535,0.0827025718114114,0.21997313799839,-5.15460470484161,"Rit1"
-0.341596513485005,9.30093870966121,-5.0939212801358,1.33864905350501e-05,0.000283647360370831,2.99926779541616,"Rit2"
0.322409305395159,6.89843704290386,4.5639177167835,6.41479062181677e-05,0.000998450281043888,1.48315063757654,"Rlbp1"
-0.173086159755861,4.47677041398919,-1.08257108351847,0.286711598395996,0.490963188696438,-6.119488735073,"Rmnd1"
0.15852336580518,3.81869696611966,0.528741279076864,0.600462631774334,0.750902469605045,-6.56250699130659,"Rnase1"
0.501736694260233,8.09509646464915,5.05988396828089,1.48111461425574e-05,0.00030864714874759,2.90118639348899,"Rnase4"
0.0404916720557884,5.69869849665674,0.519746626387024,0.606649695149719,0.754645883729657,-6.56725182101536,"Rnaseh1"
-0.0538838803563092,8.73167448823738,-0.543841236247937,0.590143557597256,0.7455145192793,-6.55436159052551,"Rnf10"
-0.0609300484555927,9.03245575886991,-1.30392728285298,0.201126507533646,0.39282764426498,-5.86264678846357,"Rnf103"
-0.160625885435945,11.8472024064149,-3.22428041528438,0.00281115951557762,0.0190035890577184,-2.11911499986578,"Rnf11"
-0.0336857802495001,7.47672224948502,-0.596472491704241,0.554859763572462,0.72127698574352,-6.52421219662148,"Rnf121"
-0.260162994898723,6.06400682707076,-2.56237568669932,0.0150582439074806,0.0669653651017856,-3.66573388707302,"Rnf123"
-0.124678210981368,7.21880148805131,-1.73796559521895,0.091380866548523,0.235015139313636,-5.23742312524782,"Rnf126"
0.276276325367544,5.41817419685133,2.83617364095429,0.00768073885486203,0.0411047761091373,-3.05176103227546,"Rnf135"
-0.309098539655431,11.5865480439392,-3.85246993212096,0.000500261838437191,0.00507609748740192,-0.487626723792153,"Rnf14"
-0.334547626549062,8.45295715422915,-4.53853859623731,6.91069764914181e-05,0.00106251976355555,1.41132149346994,"Rnf141"
0.152555343615402,7.17606175684397,1.97831120749999,0.0561450077975225,0.167935512647038,-4.82731640142527,"Rnf166"
-0.202716401689322,8.88884145609151,-2.13611821326623,0.040046016204095,0.133831716181081,-4.53538352407612,"Rnf167"
-0.255055643714191,7.47929425168753,-5.48092907072254,4.2300325754398e-06,0.000108837011622158,4.11819276936375,"Rnf170"
0.0766553447653995,7.45901713968427,1.18764532085807,0.243306232405056,0.442798025990147,-6.0030230483446,"Rnf182"
-0.0108884610174273,7.13701244365884,-0.109622114519767,0.913361575913228,0.95210595993948,-6.69764078496184,"Rnf25"
-0.0504191190364615,8.60993023796332,-0.648535711840215,0.521049195299701,0.69717460649944,-6.49171071939288,"Rnf34"
-0.286012706623508,8.56408469009551,-4.129286808362,0.000227112969054295,0.00274002560512155,0.267197887430648,"Rnf4"
-0.0179341952729426,6.41787115965231,-0.220124363153801,0.827107084850629,0.900896503985364,-6.6791727744729,"Rnf40"
-0.113262968570502,8.16901306851058,-1.68123144187828,0.101997547492249,0.253321514840141,-5.32783470073511,"Rnf41"
-0.0974540580486236,8.43028235808979,-0.818850650057177,0.418645182779294,0.613194207596857,-6.36698340689635,"Rnf44"
-0.0119633383000822,8.62690782671067,-0.141581091458737,0.888256902319022,0.937914480400927,-6.69357004716051,"Rnf5"
0.0174957224784746,8.88235732164281,0.201039143637259,0.841880755930752,0.909707446359285,-6.68324498790272,"Rnf6"
0.0959648316703067,7.25876031675809,1.66024788608956,0.106175855585394,0.260821409300429,-5.36063451091317,"Rnf8"
0.0384864082538041,6.75117337985686,0.368511091362284,0.714805320082738,0.834242820915817,-6.63498524547646,"Rngtt"
-0.172789233608614,8.03594452475309,-4.12586821481756,0.00022935799839792,0.00276050688763892,0.257770578651762,"Rnmt"
0.246787028005193,6.74905344086055,2.79836274771477,0.00844503473629206,0.0440369913039272,-3.13887385528467,"Rnpep"
0.054967498090715,7.07047162690562,0.590469247541895,0.558829343244724,0.723737967337955,-6.52778889367195,"Rnpepl1"
0.0655318265485979,10.9491661266508,1.31431943986323,0.197645996044124,0.387530621326018,-5.84952367062954,"Rnps1"
-0.119962097009586,7.24441643243142,-1.40566017910354,0.169010526575374,0.348454654750454,-5.73017054668884,"Robo1"
6.7432256104534e-05,5.14796189052281,0.000796761483975668,0.999368991016916,0.999368991016916,-6.70373559228523,"Robo4"
0.193605736700957,8.29901166030637,2.08192159137473,0.0450439525370578,0.145613238874604,-4.63758841154567,"Rock1"
-0.397663728240618,8.02153316576654,-3.72927141370628,0.000707406626731642,0.0066913925773369,-0.81736833222689,"Rock2"
0.510864844101403,4.99563445444619,4.35558942639965,0.000117953908749236,0.00159474949550241,0.89632440922384,"Rom1"
-0.455705310297609,8.66186741986114,-3.26703902585473,0.00250840708765562,0.017448133714548,-2.01242673988081,"Rora"
0.269985936233318,9.44117552075005,2.69910871864071,0.01080241689715,0.0525835795485785,-3.36408095964504,"Rpa1"
-0.0142072746152201,7.30012371728878,-0.0920351181327505,0.927217012919422,0.959367130929964,-6.69943939280316,"Rpa3"
0.279689933312524,7.26453340303828,2.21095313168192,0.0339544859460886,0.119370925529823,-4.39101017937617,"Rpain"
0.0171622189437107,6.6894204229328,0.242899739510625,0.809560682980534,0.891011463175651,-6.67383168277426,"Rpap1"
-0.394423747769292,8.3426330191066,-2.3550167288486,0.0245106318199169,0.0942127410578057,-4.10283927797135,"Rph3a"
-0.0343352386247712,6.5134468557023,-0.535300089301062,0.595969966788206,0.749809239988521,-6.55899664809862,"Rpia"
0.0917265623228632,6.26521448772777,1.09715372674546,0.280379820987298,0.483581627294642,-6.10392263519395,"Rpl12"
0.084602672733781,11.9224453290951,0.792545427235655,0.433606569742858,0.626914544499207,-6.38807300952375,"Rpl13a"
0.339100568292754,11.5221206142034,3.72414638900742,0.000717623374701386,0.00673591025794544,-0.830993876805212,"Rpl18"
0.112240517548762,10.9500691092167,1.17121682426938,0.249755610737463,0.449506618468604,-6.02188870107608,"Rpl19"
0.205400272261247,11.0167938183602,2.0100553049521,0.0525142716583057,0.160600043646353,-4.76998982406823,"Rpl22"
0.222155914948223,11.4413823611356,2.45219981691389,0.0195573257929304,0.0801850357510146,-3.90114962415396,"Rpl27"
0.0172661842903234,7.02100037332634,0.102572098262079,0.918912684885907,0.954916525426717,-6.69839943451604,"Rpl27a"
0.239713018159236,12.8295744416073,2.27665194473775,0.0293037714834726,0.107632133715333,-4.26123330564262,"Rpl35"
0.0961539126837594,12.2374033578351,1.01534920457838,0.317199671797267,0.523322582151415,-6.18872589261345,"Rpl37a"
0.0993446889131132,12.5491875399251,0.807980038603161,0.424789115868069,0.619136274948749,-6.3757789234608,"Rpl38"
0.163248055731993,7.0246253128494,1.06322744362874,0.295265332501951,0.501523432740767,-6.13983731221466,"Rpl39"
-0.0863665486859505,10.9065059180614,-1.46229849819026,0.152956172118576,0.327155591212222,-5.65259303805669,"Rpl4"
0.191282996745022,12.4148678390963,1.40949564980179,0.167883164793152,0.346839328165452,-5.72500266769789,"Rpl41"
0.0514550343960739,10.7223483673207,0.620719363848167,0.538974814756071,0.711051510924124,-6.50940599569734,"Rpl7a"
0.262809899097572,8.55879439438893,4.15974674826433,0.000208037565690285,0.00256511844444036,0.35130248937249,"Rpn2"
-0.223089867913849,8.34255577527803,-3.79034791889844,0.000596010534729329,0.00584762865105059,-0.654416602053305,"Rpp14"
0.0644065753731948,7.62129824953696,0.824612885314186,0.415410717648229,0.609875986625453,-6.36227535420389,"Rpp21"
-0.296250664866966,6.28618009884915,-4.39531197572342,0.000105062394080797,0.00147174903708184,1.00769925053377,"Rpp25"
-0.0252462170472636,7.79832929332941,-0.416041846344577,0.68002642487556,0.807861781071248,-6.61615568834387,"Rpp30"
0.160782104372387,7.96774641718699,1.38253282455555,0.175934564656247,0.357757261919941,-5.76106690090646,"Rprml"
0.290625475561404,12.556720499765,2.36796019847453,0.0237910154261936,0.0919372343251296,-4.07630878963367,"Rps10"
0.106350420819102,11.3163531061669,1.13656639234548,0.263765716022473,0.465257259846565,-6.06088508697637,"Rps11"
0.151088286247543,12.4158583928513,1.42688986279122,0.162844402464146,0.340898431559439,-5.70140937427365,"Rps14"
0.0768886929616862,11.8501294341921,0.829310928894865,0.412785056744937,0.607256429744667,-6.35841335765664,"Rps15"
0.0292319740513957,1.87438246789197,0.118881281869723,0.906077755118242,0.948192321519469,-6.69656788691314,"Rps16"
0.126005190909424,12.5272865964318,1.80186082716089,0.0805514240977979,0.215960038131417,-5.13262008849747,"Rps17"
0.215396752712802,10.9185939150137,2.11307784619264,0.0421074389266154,0.139062092015011,-4.57907792070244,"Rps19"
0.312566222638428,11.4374539960248,2.95506346617855,0.00567873209611782,0.0328792720559382,-2.77330520980524,"Rps2"
0.177400884679421,12.2394734457962,1.94934830605318,0.0596462574114996,0.175801330290002,-4.87899236948895,"Rps20"
0.0411649125975918,12.961525255861,0.388682687857329,0.699964512105817,0.823230719223755,-6.6272702752684,"Rps24"
0.2636986504032,6.68857682481474,2.05443059718533,0.0477833458442811,0.150419109296323,-4.68866094027587,"Rps25"
0.336431408881353,10.6937636060353,3.66588372883994,0.000844311577931042,0.00764427879265035,-0.985354352687896,"Rps26"
-0.300646827502856,6.99159742558745,-1.4557102183518,0.154758996941025,0.329164749714714,-5.66175577165427,"Rps27"
0.585035146115997,9.90154971810736,3.69493552671419,0.000778645698412789,0.00713182360287292,-0.908509561285454,"Rps27l"
0.121383411432775,11.5552638055558,1.04341996684232,0.304207661605411,0.510257566523383,-6.16031856700385,"Rps3"
0.069705312033153,11.4388062352571,0.926214393005101,0.360943805673753,0.563367258437864,-6.27408302874001,"Rps4x"
0.148432790290923,10.4752502426666,1.75279028040267,0.0887648245702637,0.230502007245814,-5.21338632835149,"Rps5"
0.144121436441056,7.7082045827245,1.25125868759895,0.219487423996909,0.412859037380235,-5.92770580310105,"Rps6"
0.616678415636682,6.23964244407887,4.68385703979015,4.5079486993707e-05,0.000757786176364215,1.82373521817413,"Rps6ka1"
-0.0481572542333536,7.87288977024615,-0.501706058664822,0.619147990146873,0.763787503500656,-6.57652700741805,"Rps6ka2"
0.0960113855837828,7.25970516940744,1.27547001187953,0.210896347684978,0.404728526616818,-5.89810047747699,"Rps6ka4"
-0.028247236788849,6.55081240255828,-0.314178068440804,0.75532945257724,0.859346745616,-6.65373588860925,"Rps6ka5"
-0.11231068505361,6.49204322918986,-1.65320787485762,0.10760908032989,0.262541166958701,-5.37156085837811,"Rps6kl1"
0.0874332771721096,12.2059475302687,0.82461013566238,0.415412257398063,0.609875986625453,-6.36227760837274,"Rps7"
0.037171265679275,6.50822404426448,0.577822463202782,0.567238794349119,0.72993016232898,-6.53520780912838,"Rqcd1"
0.0675527277766095,8.98889679378911,1.2561662418692,0.217725141931949,0.410616264309206,-5.92174654673878,"Rragc"
-0.0937535702279847,8.83820001109969,-1.53582776389485,0.133950362509245,0.303604853991563,-5.54788015785434,"Rragd"
0.382132534898405,6.79520569182901,4.67906823886238,4.57200701365075e-05,0.000763464614895388,1.81010307129572,"Rras"
0.00786042138777064,7.09764432076603,0.13208290829367,0.89570697651956,0.941899012832763,-6.69488793268289,"Rras2"
0.730145872563026,7.52704993307694,8.29339335344708,1.22744476792729e-09,2.53003862831052e-07,12.0529032579071,"Rrbp1"
0.139905660608452,6.4188298454119,1.29154719442419,0.205333573654223,0.398574754402712,-5.87815751656695,"Rreb1"
0.244601491052645,6.9767694950197,3.29368305879499,0.00233578608951976,0.0165906609147157,-1.94558513433668,"Rrm1"
-0.154887669411897,8.26613137734366,-2.97635884837397,0.00537662104112594,0.0316386229992977,-2.72272252180793,"Rrm2b"
-0.107234177500753,7.17963011394198,-2.00732823018846,0.0528179252363107,0.160942751017278,-4.77494271461176,"Rrn3"
-0.212275905720557,6.32888598790842,-2.86756116314133,0.00709598847818637,0.0387284306228289,-2.97890928589559,"Rsad1"
-0.0504529820773427,7.87195297859668,-0.715141985062407,0.47946429673386,0.663104460957285,-6.4462728291883,"Rsf1"
0.0637978585431603,7.3804296957548,0.976535292189033,0.335782252204087,0.541166403722356,-6.22680447465134,"Rspo2"
-0.0303424239214823,6.84177223788472,-0.345136369410679,0.732144461565985,0.84526107728695,-6.64341521450327,"Rspo3"
-0.0850612904112761,8.86904260652517,-0.837658650679954,0.40814507664364,0.604131382892244,-6.35149926002832,"Rsrc2"
-0.170169064606968,6.70181545738999,-2.47825107235311,0.0183945222916002,0.0771743560037769,-3.84612216992349,"Rtkn"
-0.147095936367265,13.6172258303808,-1.37427275813679,0.178460438706162,0.361291044719059,-5.77199111045539,"Rtn1"
0.0165774369460558,7.95841224774601,0.293882365300079,0.770656668223329,0.868132696339747,-6.65997903446986,"Rtn2"
-0.11143420815542,11.6384449561922,-1.97059186779512,0.0570602569696669,0.17016846593615,-4.84114819068174,"Rtn3"
-0.256206465299014,11.9050246341793,-2.47279073772574,0.0186328773998784,0.0779150918139193,-3.85768901841894,"Rtn4"
-0.011184790009989,6.07485874401759,-0.144222398733093,0.886186946630283,0.936905822192142,-6.69318732471359,"Rtn4ip1"
0.103643142803612,7.95385700698288,1.29953534195468,0.202611416549991,0.394657927254385,-5.86816464085517,"Rtn4rl1"
0.0326052363557345,6.87784063929701,0.310902571275096,0.757796474986395,0.860456573375427,-6.65477150412567,"Rufy1"
-0.438581727960928,6.87442928284796,-5.73213384482694,2.00180298141393e-06,6.11823783955784e-05,4.84615243863228,"Rufy2"
-0.145650103569817,12.0760944213388,-1.92885718014371,0.0622363137744361,0.180968537230412,-4.91518747098469,"Rufy3"
-0.0876635302484667,6.69024514070408,-0.941526359195413,0.353159666306241,0.555689297092784,-6.25994753909216,"Rundc1"
-0.280581823459901,9.47131162767566,-3.65309908847541,0.000874880052822863,0.00782273068508103,-1.01909099541501,"Rusc1"
-0.0543081947257944,7.51269771305124,-0.526737856315306,0.601838124149141,0.751626958911372,-6.5635707605726,"Rusc2"
-0.0965454897700256,8.11979790907689,-1.64692246590128,0.108902173997661,0.264416785493599,-5.38128279595428,"Ruvbl1"
0.0140127552239718,6.84758888564594,0.159005456422639,0.874617058548568,0.930216957717261,-6.69091486339552,"Ruvbl2"
0.0119577606653586,5.37671784456582,0.102538559205127,0.91893910329087,0.954916525426717,-6.69840292323902,"Rwdd1"
-0.0427969288020553,6.05879720199988,-0.46385827686798,0.645742274943794,0.783212711548073,-6.59493616828228,"Rwdd3"
0.046616340355513,8.1838068893238,0.438811217485311,0.663608867565702,0.795100859855984,-6.60633560820644,"Rxrb"
0.230756511313325,7.88167091988126,3.68559823010491,0.000799191565690123,0.00727495138226587,-0.933234912853043,"Ryk"
-0.0839510643183253,6.50170516966719,-0.838228465127674,0.407829540287434,0.603877337909712,-6.35102488429803,"Ryr3"
0.265095371255477,9.44561443338488,2.29084682976992,0.0283774638632704,0.105071622806514,-4.23282918034238,"S100a1"
0.759802734140256,8.35420598747917,5.61914566661016,2.8023970698008e-06,7.9396002376435e-05,4.51870626092562,"S100a13"
0.671825118326159,9.5093533052134,4.89312387403178,2.42904919279173e-05,0.000458790077874484,2.42182165516839,"S100a16"
1.61588923064136,8.35308146541491,8.09559493995335,2.12268179743052e-09,3.09584805209061e-07,11.5203744074544,"S100a6"
-0.198460173145104,9.09281148121428,-3.91078992531002,0.000424105791873515,0.0044650636918959,-0.330125493685016,"Sacm1l"
0.00381582578900332,9.72503697543856,0.0747126168327892,0.940886684736412,0.96735811439872,-6.70090441351979,"Sae1"
0.112071865020883,5.27436723774561,0.884270844658864,0.382837797755937,0.582203357216812,-6.31167481412986,"Sag"
0.212574384915367,6.51201116685193,2.23153831349101,0.0324308205761579,0.11509403811792,-4.35064851731829,"Sall1"
0.102413895589624,6.84579470236331,1.23344539080266,0.225974030658189,0.421107711077572,-5.94915806101414,"Sall2"
-0.124075043397129,5.5653121625319,-1.1513678357446,0.257713193378658,0.458591261188628,-6.04435940574808,"Samd10"
0.361833567782905,7.28710430073246,2.60740377865995,0.0135104627548601,0.0620356391726821,-3.56752881834113,"Sap30"
0.0127650684372979,8.22454972211186,0.196581937752968,0.845339642497409,0.911686872778964,-6.68414299346984,"Sap30l"
0.0324495517195215,8.93388308532616,0.598118242066534,0.55377405032021,0.72127698574352,-6.52322548372702,"Sar1a"
0.0504149801628834,10.2359412146332,0.380443842938644,0.706012001785623,0.828389605631665,-6.63047058980244,"Sar1b"
0.0201859892434991,9.29954653069763,0.337756399565973,0.737649190726758,0.847758630090028,-6.64596289472634,"Sars"
0.00905466695898252,6.67871891143273,0.112513788263842,0.911085963039335,0.95138772425263,-6.69731504459911,"Sart1"
0.0949934567938449,6.95417973391961,1.16176214430165,0.25352340373878,0.453300943910328,-6.03263632907511,"Sart3"
0.681412695912493,9.07151113706516,4.36928227276407,0.00011334315938506,0.00154483662913205,0.93468724772181,"Sat1"
-0.0498377750094029,6.38663966727359,-0.536030363659585,0.595470734394682,0.749428228987367,-6.55860316598415,"Sat2"
-0.379300213345467,9.80442460594309,-2.86796341791305,0.00708877281437291,0.0387284306228289,-2.97797250695725,"Satb1"
-0.0426395365484601,7.32504481102927,-0.530095528441574,0.599533685369076,0.750902469605045,-6.56178566834457,"Sav1"
-0.098559002906413,8.53867927387327,-1.78124463798064,0.0839201662284889,0.222390645449432,-5.16677677826182,"Sbds"
0.0992375478662882,7.92790899566596,0.933831296897789,0.357057637982161,0.559553035532641,-6.26707884209193,"Sbf1"
-0.0792856450824727,8.85265768763308,-1.40620690969701,0.168849463971558,0.348264968019863,-5.7294346500503,"Sbno1"
-0.0335605535913185,8.12437846149888,-0.638870868550839,0.527240937346571,0.70275125317531,-6.49794477376782,"Sc5d"
-0.0858960904384179,10.0794976342075,-1.18636136476948,0.24380583121425,0.443387236499627,-6.00450617579118,"Scamp1"
0.334905435438319,7.54404845651795,4.07024113343759,0.000269095605559508,0.00311643815568595,0.104718281573272,"Scamp2"
0.15325663946147,7.12633524461034,2.63954288410344,0.0124970243659863,0.0588188753556276,-3.49674720803906,"Scamp3"
-0.0797880682749154,9.55797039460696,-0.956747864474813,0.345532303580852,0.548306924782328,-6.24567792740309,"Scamp5"
0.17143918129767,8.25159854007477,2.17959873483684,0.0363982587632946,0.125294483920338,-4.45195278874877,"Scand1"
0.0874226658022187,7.8955443164026,1.16053406613001,0.254015826249802,0.453934022600195,-6.03402646026322,"Scap"
0.240903358492899,7.81182529679141,3.35747880829626,0.0019674461573006,0.0145056008351856,-1.7844440404908,"Scara3"
0.167282577454149,4.10439478209006,0.851653367061861,0.400439489136079,0.598522923447909,-6.33975914379337,"Scara5"
0.0724798173056988,9.18199836453741,1.36422332793522,0.181571406882149,0.36641240692544,-5.78520305099017,"Scarb2"
-0.0674750490764495,5.27670881102264,-0.50013298598474,0.620243346292668,0.764017390169497,-6.57732047868566,"Scarf2"
-0.0268276663203689,9.30328334090428,-0.375280170215816,0.70981219538249,0.831494286019489,-6.6324417293662,"Scd1"
-0.076230230886229,10.9537424401567,-0.972860408185754,0.33757888535977,0.542504142362025,-6.23033721419279,"Scd2"
-0.0171843639048335,9.81874217466133,-0.23946100185919,0.812203762238829,0.892946059073559,-6.67467167187083,"Scg2"
-0.100910114871209,10.1533019422132,-1.5774788476499,0.12406069964581,0.289194626049287,-5.4865905173826,"Scg3"
0.0231340616250709,5.88545165805256,0.274163243325079,0.785638715975599,0.875961982017454,-6.66564765655194,"Scly"
-0.0610346912177836,6.68441712754619,-0.616636610982656,0.541632804685442,0.712243607308653,-6.51193947783475,"Scmh1"
-0.770235099655072,8.29547066302408,-9.18570929329501,1.10234313872796e-10,4.63259704050425e-08,14.3904990932019,"Scn1a"
-0.15236696552503,9.87027955707317,-1.6853659674611,0.101190605250141,0.25262585261211,-5.32133099652164,"Scn2b"
-0.0719377839744,8.67856300198615,-0.687735749195654,0.496342518848551,0.676501438527903,-6.46549141055919,"Scn3b"
-0.0782540705033479,8.16024895060857,-0.719376550889331,0.476885911607831,0.66124158708779,-6.44323838450952,"Scn4b"
-0.184637034414354,8.95687622396522,-1.12795667145865,0.267333160520063,0.46868381337534,-6.07040679582013,"Scn8a"
-0.149969616137849,10.2391331708225,-1.55289722094404,0.12982282102979,0.298267192006028,-5.52293368771425,"Scoc"
-0.215610422940246,10.9616256736834,-2.94781747892028,0.00578512624339332,0.0332282364982147,-2.79046856873372,"Scp2"
0.380342603154729,8.25366670610604,3.10849696322523,0.00381567202018849,0.0243575113896336,-2.4042889286163,"Scrg1"
0.0358632953381812,5.74362830397068,0.413850572547382,0.68161497271619,0.8089866574271,-6.61707344995229,"Scrib"
-0.129539104722986,9.17115855414471,-1.1266237632901,0.267888537396739,0.468921171152987,-6.07187490162138,"Scrn1"
0.555904993976282,3.02433544819652,1.64601393103156,0.109090144597976,0.264618373837225,-5.38268547199168,"Scube3"
-0.0591322805184987,6.25245406147797,-0.88170890187538,0.38420214414754,0.583066931368055,-6.31391716536899,"Sdad1"
0.122891316640258,8.62410261779205,2.05555410746855,0.0476685855477943,0.150289534247505,-4.6865839573845,"Sdc2"
0.308660736922069,8.43639675440899,4.5097161113313,7.51991919655994e-05,0.00113202843308214,1.32985484683816,"Sdc3"
0.54093138889764,7.86821708385416,2.19760556022147,0.0349763090036571,0.121813208774477,-4.41703267767194,"Sdc4"
0.0125483168586096,10.6307288754243,0.156931467887006,0.876238627934311,0.931072777217178,-6.69124702143862,"Sdcbp"
0.0370723648972656,9.57903173360318,0.483440760870139,0.631920299650232,0.772698672272284,-6.5855889049812,"Sdf2"
0.0372990710670532,9.32588022052921,0.540398125896007,0.592489002689775,0.747505550801218,-6.55623874946536,"Sdf4"
-0.0590859362972974,10.7173756552202,-0.636374401456392,0.528846643147869,0.704058506176004,-6.49954021541354,"Sdhb"
-0.00920106665173743,9.20320454212456,-0.194645002889664,0.846843721258464,0.912712489469932,-6.68452697230284,"Sdhc"
0.0320713301146975,8.6532119365954,0.348108214992938,0.729931801118067,0.84456237813464,-6.64237384678346,"Sdhd"
0.0387966711903766,4.48881074157597,0.38986190164081,0.699100557040366,0.822960809793316,-6.62680666058419,"Sdk1"
0.0345829072174149,7.30133592599864,0.475135138902058,0.637766658695418,0.777061430249093,-6.5895999656781,"Sdpr"
0.904601716260773,4.15104700578024,2.793783519005,0.0085422778664537,0.0443459701322449,-3.1493753122763,"Sdsl"
-0.13345173308887,8.53262552758127,-1.17213512361914,0.249391848070271,0.449259860135321,-6.02084054968162,"Sec14l1"
0.0219229373578221,6.69490079182211,0.364503763968681,0.717767314393544,0.8363448628666,-6.63646938097425,"Sec14l2"
0.0236445783686238,8.84798405313881,0.494879740977415,0.623907640118866,0.766352447452577,-6.57995247376133,"Sec22b"
-0.218908573183893,8.72427006591144,-3.53423942774048,0.00121532742634266,0.00993338121725451,-1.33031383595929,"Sec23a"
0.0446930684070828,7.73886182105657,0.86311898113419,0.394195005903096,0.59199684775739,-6.33000197139856,"Sec23b"
0.0587780468035789,7.62358744312196,1.33942005196266,0.189429561562151,0.375209668955074,-5.81744047011021,"Sec23ip"
-0.0722484254871033,7.04156792033244,-0.526283140410768,0.602150525674964,0.75169080374504,-6.56381165083118,"Sec24b"
0.058148579157532,7.93419690175915,0.839648425784936,0.407043894391794,0.603428160756125,-6.34984140902057,"Sec24c"
0.3483251397454,8.65323862651032,5.0907634765152,1.35127088726204e-05,0.000284148834352401,2.99016532474929,"Sec61a1"
0.0192446149560576,8.98952323668431,0.222900104189233,0.824963592845826,0.900106317334812,-6.67854985979441,"Sec61a2"
0.496920671869528,8.96110663060244,3.62879807634307,0.000935965052945506,0.00824558722175307,-1.08308068015686,"Sec61b"
-0.0502199741428846,8.88341522387743,-0.596467356836514,0.554863152782651,0.72127698574352,-6.52421527107772,"Sec63"
0.119485476952118,6.61482859894339,1.67257221114884,0.103704933489493,0.256490426477447,-5.34141224513906,"Secisbp2"
-0.128230283500663,8.82929627204406,-2.13745941440269,0.0399288211111217,0.133617149876169,-4.53282897267809,"Seh1l"
-0.186156587105976,9.09186250282385,-1.39100307002454,0.173373441929108,0.354263479598254,-5.74980419691338,"Sel1l"
0.001322878863364,6.68771663558741,0.0212980116144574,0.983133984024426,0.989601894536052,-6.70350580164754,"Selenbp1"
-0.0103166579618015,10.3371852513978,-0.0805206553160037,0.936301159234259,0.964178500423999,-6.70044711420319,"Selk"
-0.324795898214882,7.13638276588333,-4.01532290642027,0.000314908899791167,0.00353693893462551,-0.0457186922156376,"Sema3a"
-0.267820704733912,5.91354219099076,-1.19147334863215,0.241821176199342,0.440824162967438,-5.99859246448978,"Sema3f"
0.36335004947843,8.06622308006463,3.57571811852848,0.00108407336184131,0.00907723778158718,-1.22221446809315,"Sema4a"
0.133555492750841,6.00838771735231,1.10772137078541,0.275853811698717,0.478051811820149,-6.09252132169384,"Sema4b"
-0.159599969890294,7.75617450306704,-2.43843443213057,0.0201984817949606,0.082212222511692,-3.93006369568212,"Sema4f"
0.00135956274849527,7.88712367788216,0.00952494487918865,0.992456672451976,0.994626192204951,-6.70368988976137,"Sema5a"
0.0705314242559136,6.35397679797447,0.596533657814622,0.55481939240059,0.72127698574352,-6.5241755719665,"Sema6b"
0.0837067470184735,8.26178782191811,1.08645687406677,0.285014605686478,0.488946387100524,-6.11535983343295,"Sema6d"
-0.311580772501565,8.45148850525672,-3.40193426464331,0.00174442425873036,0.0132686750177635,-1.67126417287182,"Sema7a"
0.0472046050752802,5.79982000546174,0.63338336158648,0.530773873984601,0.705135049131808,-6.50144370151289,"Senp1"
-0.0942508590112394,8.75064359054058,-2.00675770487774,0.0528816455355205,0.160942751017278,-4.77597823273395,"Senp2"
0.0691156475152016,8.33728481886769,1.02279127309101,0.313718738483444,0.519567684128738,-6.18126539998782,"Senp3"
-0.205661668767293,7.08101640617337,-2.79061174448928,0.00861024473419771,0.0446263763561758,-3.15664287105289,"Senp5"
-0.17389310983122,7.61894189775223,-2.04105326089651,0.0491685196223631,0.153248976795783,-4.71332346970442,"Senp7"
0.102990697547601,6.55442149102991,1.68032104109681,0.102175949177843,0.253506543011134,-5.32926497495265,"Senp8"
-0.0307792481789722,8.49176336972953,-0.505504928404757,0.61650642112287,0.761273722263133,-6.57460070649806,"Sephs2"
0.126974520033938,6.02762519090588,1.39693731379886,0.171596535742165,0.351412182587017,-5.74187711912475,"Sepn1"
0.0916282575100594,10.6125691817139,0.841143054168606,0.406217955786443,0.603226487347183,-6.34859362798129,"Sepp1"
0.0337284916110163,11.4293783293083,0.410759304368355,0.683858474310108,0.811076737052181,-6.61835999552877,"Sepw1"
-0.0795289202509424,11.7159618617993,-1.32362735156308,0.194567888274963,0.383402877402514,-5.83769010144475,"Serbp1"
0.0410335570504107,7.66243259947416,0.510636171224044,0.612946605513809,0.758655217080215,-6.57197608319432,"Serf1"
0.208518589337868,11.1890777404574,2.25148298753563,0.0310132357878865,0.112114514751478,-4.31127993813705,"Serf2"
-0.245612638642984,12.1627428314733,-3.02715778646642,0.00471604036339469,0.0285167764419657,-2.60122311989542,"Serinc1"
-0.0266151817232994,10.9384728006085,-0.470104755786524,0.64131908295914,0.780258657506139,-6.5919959643047,"Serinc3"
0.8018428418864,3.8056379599124,3.54807561670905,0.00116992603017866,0.00960901786676055,-1.29431683376956,"Serpina3g"
3.20910924215842,7.96449328309405,10.9983324508352,1.13312152500516e-12,3.99682042883555e-09,18.7957404890587,"Serpina3n"
0.299375180464842,7.95445250292561,2.71413406719853,0.0104100200796622,0.0511175572168806,-3.33031737124155,"Serpinb6a"
0.117628442253104,9.4845314328581,2.00287218777328,0.0533173954666508,0.161683478856476,-4.7830244191775,"Serpine2"
0.775114225988066,7.52040164268561,7.35694771698038,1.70898074716552e-08,1.28339991092369e-06,9.48947935372709,"Serpinf1"
0.644913541445024,6.51708356123038,5.63837350932358,2.64642509179383e-06,7.54006877848377e-05,4.57443184324011,"Serping1"
-0.490418154071604,9.9472444438705,-4.02208408172364,0.00030888134798031,0.0034847620533886,-0.0272345953976627,"Serpini1"
0.427416926712848,6.84700510708594,3.558931462094,0.00113545454437837,0.00941792313700675,-1.2660299905854,"Sertad1"
-0.101889069799896,8.35729038527411,-0.845415092848523,0.403862979553665,0.601618549130435,-6.34501542188685,"Sertad2"
-0.0119021669488674,6.87383460277771,-0.180252276397313,0.858037935451968,0.919482640986883,-6.68726135446512,"Sertad4"
-0.00753117573172489,9.51881064422545,-0.0943499873954832,0.925391891234228,0.958851607666679,-6.69922057174592,"Sesn1"
-0.0146255011956415,6.8175724520063,-0.234150125380456,0.816290190325913,0.895312376688302,-6.67594552128734,"Setd6"
0.40146066329663,7.53180961156183,4.62160834911111,5.41458680592728e-05,0.000872388538731351,1.64674678818262,"Setd8"
-0.064536567497117,6.6758543499987,-0.664281624810978,0.511046050538531,0.689276606810861,-6.48135887881365,"Setdb1"
-0.137326233043013,6.30029489884031,-1.94142515720871,0.0606364461897828,0.177796129452907,-4.89302371675672,"Setmar"
0.0564974795757221,8.10116867177896,0.621533022210198,0.538445917334637,0.71085385091877,-6.50889914192032,"Sez6"
0.0273843624546512,7.45551798078972,0.308280395290289,0.759773293597212,0.861192843236533,-6.65559278201307,"Sez6l"
-0.136227075912736,9.78754104098861,-1.62643225462036,0.113207054506444,0.272219135501645,-5.41275750772764,"Sez6l2"
-0.0175042186274966,7.61264563789425,-0.312803488495766,0.756364435895039,0.859728813769628,-6.65417180408197,"Sf3a1"
-0.0613245938612124,8.18724251811042,-1.05391361104923,0.299447012815409,0.505664284552619,-6.1495128226887,"Sf3a3"
-0.0306608677318354,10.0387312792103,-0.461304249457015,0.647554596800286,0.784107293121671,-6.59612716216243,"Sf3b2"
-0.10422463306088,7.61606251751751,-1.76943377422753,0.085903260415303,0.226692905428767,-5.18619886043544,"Sf3b3"
0.200006809590568,9.64971246077067,2.2181566190963,0.0334141745650264,0.117755193802535,-4.37691767077819,"Sf3b5"
0.133128138855063,9.30279724874424,1.77533671875728,0.0849072377411577,0.224534451981467,-5.176505244473,"Sfpq"
-0.0704308891043647,6.60839148021547,-0.757930218167312,0.453779285274521,0.643926454859041,-6.41481384769165,"Sfrp1"
0.215983163648861,10.2252002156495,3.97745340135783,0.000350855100928167,0.00384477294429443,-0.14905293347485,"Sfxn1"
-0.121797752965195,6.20311891066437,-1.65542138451239,0.107156732054794,0.261954391383309,-5.3681296492303,"Sfxn4"
0.12693396953128,7.80248507236168,0.976514572909337,0.335792363695248,0.541166403722356,-6.22682442775648,"Sfxn5"
-0.0284313530176801,8.94393631791183,-0.497708978697628,0.621932946540472,0.764977524244781,-6.57853836337515,"Sgcb"
-0.103444059060509,9.09686040736909,-1.43051337643658,0.161809893452158,0.339437309766736,-5.69646228004887,"Sgip1"
0.180765532126012,7.57101663124823,3.07535356235489,0.00416087513815548,0.0260338626820323,-2.48488269898136,"Sgk3"
-0.0313472644100898,8.37746821198417,-0.377214222251382,0.70838794388935,0.830404556260807,-6.63170656769528,"Sgpp1"
-0.343679167803442,6.68889799673135,-4.25951570698496,0.000155921159817429,0.00200589390040636,0.628068798112304,"Sgpp2"
0.0937439011700001,7.65034530282289,0.802805398901157,0.427733006158952,0.621752642387017,-6.37992607918378,"Sgta"
-0.622879585133568,9.37095189698204,-8.23098236729265,1.45826826244882e-09,2.65772090358931e-07,11.8854183231317,"Sgtb"
0.0151324764305827,10.0623970348526,0.156951529924163,0.876222939610054,0.931072777217178,-6.69124382927523,"Sh3bgrl"
-0.101211218284386,6.71383687879073,-1.26789545182572,0.213556338365544,0.407290775718346,-5.90741790736019,"Sh3bgrl2"
0.314218892729851,9.86721927793198,3.3968193947688,0.00176879201680909,0.0134337622601931,-1.68432263230882,"Sh3bgrl3"
0.404833385990892,4.71569517469551,1.76739420421742,0.0862496891616191,0.227131687959293,-5.18954197017016,"Sh3bp2"
0.104082870589189,6.41662497409947,1.41821887163717,0.165341123263549,0.34385953092484,-5.71320261783535,"Sh3gl1"
-0.214685970982776,11.7329885174359,-2.48239292390427,0.0182155850503124,0.0766148418755009,-3.83733665674209,"Sh3gl2"
-0.184222611758181,7.85071232579689,-3.01187180302913,0.00490628223991861,0.0294903234039447,-2.6379065170916,"Sh3gl3"
-0.160159387970245,8.58137364213309,-2.29503379228152,0.0281093164272851,0.104372776199997,-4.22442656041217,"Sh3glb2"
-0.00876831525580789,8.01866626219581,-0.0985807112510863,0.922057311990965,0.956579926840246,-6.69880661089494,"Sh3kbp1"
0.106984990273714,7.28807305600056,0.82947260637053,0.412694881099659,0.607256429744667,-6.35828007707873,"Sh3yl1"
0.112565337198293,5.908625246795,0.951240123189912,0.348279424916835,0.550587191177304,-6.25086625301798,"Shc1"
-0.117520011080096,6.66202396223962,-1.27462896753911,0.211190459119033,0.404728526616818,-5.89913752493216,"Shd"
-0.115085979746823,6.5075239305183,-1.24383749426865,0.222172637247142,0.416047757013493,-5.93667706300161,"Shf"
-0.650594172134255,3.13189691873151,-2.02128448454559,0.0512799417311016,0.158458790533055,-4.74954016522385,"Shox2"
-0.0972323482306593,7.24614218838815,-1.45605552783086,0.1546640889756,0.329164749714714,-5.66127643140101,"Shprh"
-0.0865417410602387,8.05826795393299,-1.46878835117828,0.151196644898208,0.32515338175764,-5.64353166896397,"Siah1a"
-0.0592921800348788,6.32669150007878,-0.761613192164309,0.451606979308175,0.641891615505088,-6.41202345790879,"Siah2"
0.190311674604495,6.47729063150596,1.780330151204,0.0840723171046306,0.222559944965172,-5.16828439154768,"Siglech"
-0.106096480256375,7.18985554339821,-1.95584127436017,0.0588452838311419,0.17456280374144,-4.86745998078542,"Sin3a"
-0.0631582271121357,10.1719950556833,-0.51169302500148,0.612214589792373,0.758388154341179,-6.5714322633241,"Sipa1l1"
-0.0298220439132539,6.65426797516445,-0.34174091170999,0.734675369448042,0.845497007787877,-6.6445941704715,"Sirt1"
-0.0854073031683208,8.3854181802709,-1.30868723597818,0.19952655887548,0.390307384177287,-5.85664761989908,"Sirt2"
-0.17145622129827,8.48931282889572,-1.9234979904305,0.0629295452484345,0.182492062500204,-4.92460356043357,"Sirt3"
-0.0547534702322471,7.2944188485422,-0.766396025566585,0.448795144947206,0.640124656616388,-6.40838027415185,"Sirt5"
0.037003945545729,7.8387083440951,0.527329593393408,0.601431699979044,0.751305440424651,-6.56325697565065,"Sirt7"
0.378697726706578,7.98184115660779,5.60696567994943,2.90592725418548e-06,8.09645919494884e-05,4.48340686856896,"Skap2"
0.171163575840434,9.04654323949249,2.27425250965411,0.0294630089771719,0.107824349979592,-4.26602191213519,"Skil"
0.0570630324997359,6.32832980816997,0.63647945723147,0.528779019793555,0.704058506176004,-6.49947319924284,"Skiv2l"
-0.00989821719484849,10.7470568294861,-0.0715950018323878,0.943348939522996,0.968919025877251,-6.70113577155472,"Skp1a"
0.682009055766472,5.83632280460905,6.07224545608978,7.28614414826669e-07,2.76270864208338e-05,5.8306239139184,"Slc11a1"
0.0808042500265827,9.5365169852878,0.918320852655299,0.365000264372771,0.567415639097375,-6.28128411965258,"Slc12a2"
-0.288100491778858,3.07074432379,-1.72609911075387,0.0935212857533156,0.239040975192078,-5.25654098987364,"Slc12a3"
-0.130415828393498,7.92080005151754,-1.4952288960627,0.144194150445125,0.316721854991969,-5.60625125184019,"Slc12a6"
0.23610732465171,6.17764670877781,2.24950478028258,0.0311513139369772,0.112452452529833,-4.3151961948111,"Slc12a9"
0.473683325261604,7.27410955613248,5.72123120998788,2.06783375847049e-06,6.2819793035944e-05,4.81455878599759,"Slc13a3"
-0.00346531235540083,6.16147297076231,-0.0267628027162919,0.978807340254474,0.987225083380662,-6.70337256538716,"Slc13a4"
0.140779056154742,8.27689769155092,1.68227802966418,0.101792778879726,0.253321514840141,-5.3261896653925,"Slc15a2"
0.270129118875402,6.36281705926972,3.92008790578478,0.000413058513223735,0.00437811919554436,-0.30493544914186,"Slc15a4"
-0.00986154015611345,5.69500006890123,-0.14773848858152,0.883432697422047,0.934973996453176,-6.6926668849921,"Slc16a4"
0.340555857572697,3.21524679266643,1.2955871135001,0.203953419002143,0.396812149702085,-5.87311068423513,"Slc16a8"
0.577040251773267,6.28441193488368,7.64631625684543,7.49366003458937e-09,7.71235256212943e-07,10.2926895965117,"Slc16a9"
-0.051667619500825,6.48328292968389,-0.91382803532109,0.367322345863936,0.569270617760242,-6.28535665590896,"Slc17a5"
-0.413637674908861,7.91017321808425,-3.80829689160848,0.000566651615786105,0.00562524428820734,-0.606332348393079,"Slc17a6"
-0.0653686539161638,8.56775854606195,-0.515056066363914,0.609887917579951,0.756845395452746,-6.56969439679118,"Slc17a7"
-0.100165898970434,7.20192404244839,-1.88431727974088,0.0682031997893148,0.192033018152787,-4.99280604142076,"Slc19a1"
-0.0348772843913013,7.5389574506702,-0.654417711494942,0.517300155324815,0.694311816178259,-6.48787202449731,"Slc19a2"
-0.162349220896515,9.21568804668889,-2.01315146581259,0.0521713707830836,0.160036631909423,-4.76436023236125,"Slc1a1"
-0.18266038009403,11.180101168313,-1.63998087228437,0.110345161627661,0.267276969302735,-5.39198317325606,"Slc1a2"
0.0951671212169105,10.8422130032844,1.06531266953487,0.294334744339567,0.500271919285739,-6.13766021831077,"Slc1a3"
0.302131733001457,8.16950420762572,3.41392244797892,0.00168856826569978,0.0129792406825246,-1.64062120071575,"Slc1a4"
-0.0414395679414324,7.63315321281161,-0.52861201047044,0.600551339033574,0.750902469605045,-6.56257574966456,"Slc20a2"
-0.0114820506447846,9.4514692269633,-0.145652660089582,0.885066408437617,0.936310026799014,-6.69297713277082,"Slc22a17"
0.0358722840327705,6.28643517218154,0.441476414460664,0.661697954155913,0.793565465590552,-6.60515233756021,"Slc22a5"
-0.0628117950306524,5.21404783809058,-0.514794522700402,0.610068715549358,0.756845395452746,-6.56982995242691,"Slc22a6"
-0.22705440684742,8.08147381591822,-2.14834353021379,0.0389889521040607,0.131103549013869,-4.51205347227876,"Slc23a2"
-0.241440086155926,9.1382081873939,-3.57696378876413,0.00108035140376681,0.00907723778158718,-1.2189594927497,"Slc24a3"
0.0308012871505574,5.59415099097856,0.463266344775475,0.646162111126032,0.783316232309755,-6.59521277588595,"Slc24a4"
0.285231645743592,7.11669783807389,3.6174133767795,0.000965983109469551,0.00839905658802577,-1.11299660152399,"Slc25a1"
-0.0459202975264943,9.08014259177036,-0.665526350069456,0.510259789435316,0.68876876823402,-6.48053024396265,"Slc25a11"
-0.220485448345648,9.13381042791612,-2.8557172827454,0.00731155739035349,0.0395624290982324,-3.00645618093052,"Slc25a12"
-0.164704011242931,8.53044494986299,-2.23285994853477,0.0323351195476024,0.114916143677631,-4.34804773369985,"Slc25a14"
-0.036331094326616,6.74329580726451,-0.75177949528597,0.457420830074581,0.646336017390336,-6.41944478348271,"Slc25a15"
-0.0491684758089995,8.06171044546514,-0.614332111072166,0.543136114656301,0.713662752383605,-6.51336228157897,"Slc25a16"
-0.169288510628476,6.91921095219401,-2.40826866588952,0.0216710216366532,0.0863928554258039,-3.99303038196872,"Slc25a17"
0.225490666104462,8.57413415336409,2.31662118271589,0.0267626691345829,0.100569404206931,-4.18092795562107,"Slc25a18"
-0.087432756175521,7.41956269675834,-1.25754812679976,0.21723083621732,0.410616264309206,-5.92006469442311,"Slc25a19"
0.282052202757237,7.65650728059099,2.91792590271868,0.00624419212848353,0.0353417069628984,-2.86101177981752,"Slc25a20"
-0.052567048629073,6.73847913546049,-0.639942195900488,0.526552666976376,0.702488121577212,-6.49725824129211,"Slc25a25"
-0.08832988762173,6.8710097318825,-1.37579380413238,0.177993206070218,0.360779637545061,-5.76998386061322,"Slc25a26"
-0.201088342252649,6.43797835645161,-1.85938737027341,0.0717528636677162,0.198600269745495,-5.0356130405441,"Slc25a27"
0.0207292514089013,7.46939535617178,0.283951743044141,0.778190908820762,0.871333415069414,-6.66288272678489,"Slc25a28"
-0.0648808609513947,11.3501663606504,-0.750465629163466,0.458200923965209,0.647075681757645,-6.42042927899199,"Slc25a3"
0.00849007582461773,6.74485589215103,0.0915558846147719,0.927594907281347,0.95956125485535,-6.69948401525471,"Slc25a30"
0.0388190523459735,7.1739903337101,0.34604485522591,0.731467808681411,0.84526107728695,-6.64309781164398,"Slc25a38"
0.348750179875258,9.86154197086717,5.66239563369583,2.46372052067638e-06,7.18181652356705e-05,4.64405195336053,"Slc25a39"
-0.0331179816047864,5.9074579373934,-0.317291588664356,0.752986842051168,0.858209260285157,-6.6527414838584,"Slc25a42"
0.0223006841458402,12.3259007440113,0.349053084265694,0.729228798344517,0.844044257528437,-6.64204089710163,"Slc25a5"
-0.00694746629896767,5.76036408825674,-0.0602703145078133,0.95229762176583,0.975435209383005,-6.70189324036356,"Slc26a4"
0.0875313803757349,7.05405152852681,1.26002897696513,0.216345543764674,0.409669224419081,-5.91704110779228,"Slc27a1"
0.0174939949385764,4.90714976537995,0.13220696198641,0.895609609211989,0.941899012832763,-6.69487130902766,"Slc27a2"
-0.382510605184983,3.11843351097968,-1.02410888089412,0.313105191344238,0.518892369355567,-6.17993920070011,"Slc27a3"
-0.0588665896323938,5.79634731144168,-0.50060327772407,0.619915782052584,0.763987118497356,-6.577083516716,"Slc29a1"
0.460692560825139,6.13344935208132,4.09504735846333,0.000250605177579843,0.00296926226719251,0.172888262893749,"Slc29a3"
0.425000510490797,6.99369421765277,3.89612762064152,0.00044211442070153,0.00461611392049237,-0.369804591948932,"Slc29a4"
0.203455309870123,9.95998932161322,3.07309009367406,0.00418549945885047,0.0261231111027016,-2.4903693601602,"Slc2a1"
-0.3158455949492,9.02239782807546,-3.66501180464526,0.00084636308055012,0.00764912009895028,-0.987656786420905,"Slc2a13"
0.078962141935349,10.0942567758503,1.12725320539168,0.267626167392911,0.468921171152987,-6.07118181515068,"Slc2a3"
0.194650575713019,6.36068960899809,2.16863166925106,0.0372893135626139,0.127318895258133,-4.47311558738235,"Slc2a6"
0.0626373182467384,7.58155887351057,0.661841223077498,0.512589507884863,0.690435066309659,-6.4829791120235,"Slc30a1"
-0.0848727290874592,6.07981134457592,-1.13838084039281,0.263018296216614,0.464263656919981,-6.05886989904787,"Slc30a10"
-0.150250589156552,6.91334886061704,-1.16777107932755,0.251124015580251,0.45052486705606,-6.0258149491939,"Slc30a3"
-0.133638827077163,8.22676590372824,-2.25260000516143,0.0309355110648505,0.111994100717905,-4.30906746343044,"Slc30a5"
-0.0143325045062188,6.86488820147763,-0.23439135270795,0.816104464955601,0.895312376688302,-6.67588827856487,"Slc30a6"
-0.118512444611887,8.73667669113195,-2.82078751830865,0.00798358756957084,0.0422875905508835,-3.0872953527105,"Slc30a9"
0.27815886446795,6.92429708212394,3.34638885034504,0.00202720450047092,0.0148377246674526,-1.81256543798057,"Slc31a1"
-0.0166397088583097,7.72924741062972,-0.257701013225202,0.798210414470665,0.88295133147084,-6.67007993320287,"Slc35a1"
0.0865122432094871,8.29298582107079,1.87030214700002,0.0701797340105678,0.195966998125855,-5.01692804080777,"Slc35a2"
0.0217858884663598,7.2185194810676,0.358724725902695,0.72204666863751,0.839928340185148,-6.63858133058664,"Slc35a3"
-0.00578084981403503,7.84391962331543,-0.0900538408949523,0.928779437659889,0.96039259875309,-6.69962236516758,"Slc35a4"
-0.117985935469572,8.49066173037572,-2.15316585108267,0.0385788472367963,0.130222976315371,-4.50282322208307,"Slc35a5"
0.118923796486418,8.50300990202545,1.82061799722019,0.0775868541206713,0.209703914229977,-5.10126332802877,"Slc35b1"
-0.0620282151200437,6.95389221132464,-0.619608408826058,0.53969740135978,0.711528563630751,-6.51009699753061,"Slc35b3"
-0.0944263539010875,8.0909862684743,-1.19134207397518,0.241871992649396,0.440824162967438,-5.99874461929148,"Slc35b4"
-0.144498915465477,5.47341221709219,-1.44833034603463,0.15679841849325,0.331485503762297,-5.67197620101319,"Slc35c1"
0.229600147871134,6.85519889419082,2.99435332995261,0.0051332210863922,0.0304909704813615,-2.67981784531241,"Slc35c2"
-0.0119343582965759,7.49538501013224,-0.189435366039209,0.850892014825951,0.915326030453769,-6.68554090973878,"Slc35e3"
-0.142112150913462,7.72772968549465,-1.84705895627203,0.0735659513659081,0.201892352026748,-5.05661139748037,"Slc35f1"
0.110811519739172,7.38735321335544,1.63964548286929,0.110415278769867,0.267318411347305,-5.39249919989574,"Slc35f3"
-0.281143582869267,6.55850841630405,-3.93411506939715,0.000396921522134956,0.00423187153515134,-0.266892603603171,"Slc35f4"
0.0568784088525229,7.33574149259792,1.034361239797,0.308359371956939,0.514068202571518,-6.16956528158702,"Slc37a3"
0.0764341355249152,9.22417983754089,0.953199906655695,0.347300276181627,0.549898068742831,-6.24902337429713,"Slc38a2"
0.196711244420416,7.26997581308769,2.61203858537645,0.0133597739541201,0.0616147874204817,-3.5573563889306,"Slc38a3"
0.644447023541773,5.90304972179635,4.30058279555346,0.000138410389536531,0.00182699648245206,0.742536072203971,"Slc38a5"
-0.137104842535516,9.55085392589444,-2.01020516548094,0.0524976293212902,0.160600043646353,-4.76971749624096,"Slc39a10"
0.292165779662214,7.12259947044436,3.72867784205613,0.000708582647040863,0.0066913925773369,-0.818946805838079,"Slc39a11"
-0.297489967888962,8.04236557000209,-3.74505799297167,0.000676815298698911,0.00648893450824831,-0.775350447333654,"Slc39a12"
-0.00291070598588838,5.90205330709983,-0.0361596240231952,0.971369184801379,0.984448311686768,-6.70307262249611,"Slc39a13"
0.0109368650844674,8.63250683273083,0.167918836398087,0.867654390579397,0.926833529271743,-6.68943778261679,"Slc39a6"
0.0699550423411327,7.98719852809345,1.21503635868073,0.232826715572626,0.429617682631816,-5.97103280736234,"Slc39a7"
0.144951116132086,7.44998043610991,1.98707609604247,0.0551213031295381,0.165500725008665,-4.81155953985906,"Slc40a1"
0.0389150528039851,6.55250292334769,0.616051721942479,0.542014143655263,0.712559261327813,-6.51230108274901,"Slc41a2"
0.202658614502611,8.6375678874068,3.93792823223371,0.000392642217927261,0.00421203505222376,-0.256542621407332,"Slc44a1"
0.0525508083216451,6.1556497467711,0.61277136517034,0.544155478703095,0.714071319047543,-6.51432293230503,"Slc45a1"
0.00282682137576662,7.2884917715662,0.0475399261950108,0.962364531117535,0.980293373697572,-6.70258943139283,"Slc45a4"
-0.0200717165512081,6.80598295028415,-0.371066296024642,0.712918992296872,0.832619378914573,-6.63403050855787,"Slc4a1ap"
0.0761855285913363,6.47002168763391,0.648878837136602,0.520830094817082,0.69717460649944,-6.49148771778389,"Slc4a2"
-0.135337073093712,8.64498057681393,-0.983537481570049,0.332376753791481,0.538660954659054,-6.22003833897885,"Slc4a3"
-0.139470947882973,6.19743199745945,-1.45921552534056,0.153797711564429,0.328032195228776,-5.65688524844457,"Slc4a8"
-0.0046072772113713,6.50055635639909,-0.044321777255464,0.964910431898314,0.98100988370632,-6.70273939239549,"Slc5a5"
-0.234589443670081,5.92088313169854,-2.43371915692918,0.0204224760986194,0.0830060469537511,-3.93994213048511,"Slc5a6"
-0.171104061866914,9.02095718725771,-2.77206313761877,0.00901793350255381,0.0461231629344613,-3.19904148866335,"Slc6a1"
-0.174305971297126,2.49337960738866,-0.516770599466225,0.608703324428425,0.75608149386516,-6.56880409242579,"Slc6a12"
0.107846692864824,5.5948481213427,0.884580927864703,0.38267287565998,0.582203357216812,-6.31140299148087,"Slc6a13"
-0.220653220039879,8.38345647285049,-3.54741979098568,0.00117204056880588,0.00961073266420824,-1.29602447847881,"Slc6a15"
-0.0383921860112099,9.3396603558213,-0.414067055307063,0.681457969290971,0.8089866574271,-6.61698299494946,"Slc6a17"
0.107054859065914,8.4469638869246,0.920242278191998,0.364010120623204,0.566525191961004,-6.27953663969096,"Slc6a6"
0.0511377643273817,7.7195998840593,0.48984719765807,0.627427134793264,0.768217149166977,-6.58244820871601,"Slc6a7"
0.20318339414481,8.66139578336691,2.54525573303183,0.0156883760803488,0.068980886836196,-3.70277298424099,"Slc6a8"
-0.052708816909093,7.81825136429517,-0.729220398378146,0.470922859381433,0.656402426716575,-6.43611731553918,"Slc6a9"
-0.055430427944596,6.86002927546427,-0.898163942534875,0.375493261576746,0.576617697360392,-6.29940682411059,"Slc7a10"
0.206504088845867,6.44053491357413,2.13345930366157,0.0402792552844924,0.134522042648805,-4.54044429292967,"Slc7a11"
-0.0155013220261568,6.35881179837785,-0.14809116482216,0.883156517151781,0.934945175046649,-6.69261399222498,"Slc7a3"
0.258393801465928,8.89439336622571,3.05558961535275,0.00438060216132345,0.0269735979237535,-2.53271502224953,"Slc7a4"
0.308459318508217,7.29708706955886,3.12907113622727,0.00361524715313986,0.0233141833673713,-2.35402266605056,"Slc7a5"
0.0825882567105478,6.3644513474652,0.724716878460509,0.47364558130208,0.658725103616172,-6.43938681047341,"Slc7a8"
-0.399341671623041,7.82050829041057,-3.57368582123138,0.00109017229863608,0.00910221672520156,-1.22752385998252,"Slc8a1"
-0.256499673111713,5.55596451503251,-1.87254398031502,0.0698603084472391,0.195441402539826,-5.01307930125739,"Slc8a2"
0.143118229670234,6.88214349016537,1.60347103782586,0.118196546576461,0.279580292863553,-5.44762870005508,"Slc9a1"
0.321478030960345,9.46118668869111,4.26234659584616,0.00015464720068093,0.00199459292336044,0.63594954417472,"Slc9a3r1"
0.00135021369739411,7.99527603522243,0.0213381317951104,0.983102217586813,0.989601894536052,-6.70350493388629,"Slc9a3r2"
-0.182171292901425,6.47156190412064,-2.31968715249243,0.0265762043367773,0.100090632210229,-4.17472622588279,"Slc9a9"
-0.0364805267641089,7.57965172768526,-0.57560373059626,0.568720645457401,0.730828015686381,-6.53649314436749,"Slco1a4"
0.148273555719093,8.29462591005261,1.73793120713756,0.0913870093583265,0.235015139313636,-5.23747868482663,"Slco1c1"
0.429321676083212,7.51758323596723,6.44909787036927,2.39242098614546e-07,1.13820556916335e-05,6.9163254178448,"Slco2b1"
0.136544775876928,7.44497259336775,1.71294433613133,0.0959430419152176,0.243330058388419,-5.27760657311865,"Slco3a1"
-0.27637889399311,7.29223748474697,-2.63597624121195,0.012605918668768,0.0591914784418969,-3.50463012059089,"Slit2"
-0.337330293183996,8.09522708401914,-3.50934979945363,0.00130131230052237,0.0106018060283268,-1.39490930168888,"Slitrk1"
-0.0245498251224341,4.23377657361963,-0.0992243903563929,0.921550099834897,0.956250443100285,-6.69874203893557,"Slitrk3"
-0.39520247960781,8.62753954670491,-6.31256935487685,3.57807075686434e-07,1.55553541610921e-05,6.52384609355201,"Slitrk4"
0.0445431815958925,7.85379350860584,0.433550555658861,0.667387406766258,0.797921928004324,-6.6086504027225,"Slitrk5"
-0.0646446023723685,7.92251473497848,-0.513717384937373,0.610813573434404,0.757396816038776,-6.57038750868793,"Slk"
-0.150123776769224,8.97420304066142,-2.10920029839275,0.042463440841269,0.139962831478771,-4.58639598307809,"Slmap"
0.226842835480303,4.07915067486652,1.28338083919604,0.208145086043693,0.402174585792468,-5.88831573511912,"Sln"
0.161455597864955,8.62460724436329,2.14826454107392,0.0389957016698004,0.131103549013869,-4.512204532966,"Smad1"
0.0326216038746615,6.97066545240731,0.323699054053346,0.748173364931678,0.855564235680374,-6.65066438466116,"Smad2"
0.0195604875604103,7.73460099937189,0.199123757614743,0.843366749735091,0.910362355240615,-6.68363334699409,"Smad3"
-0.0134466132258914,9.89247919939462,-0.18106346653939,0.857406199910614,0.919218574002283,-6.68711281329212,"Smad4"
0.279568975243241,7.08883228053123,4.29366907877904,0.000141216634489429,0.00184975451358491,0.723244015182051,"Smad5"
-0.0866609210724515,9.22252423799941,-1.48820785689536,0.14602778084525,0.319487244599824,-5.61620745709085,"Smap1"
-0.00190357492094468,7.3701084180695,-0.0254963037466872,0.979810013430835,0.98784124304912,-6.70340614094801,"Smarca1"
-0.253814842730323,8.89035896003321,-3.82730879748331,0.000537088565444741,0.00538476667104936,-0.555305565394128,"Smarca2"
0.0943306781662391,8.18463710613866,1.21997566999718,0.230973124012848,0.427291806455171,-5.96519310895712,"Smarca4"
0.00708936421784204,7.16239012275341,0.122155689448768,0.903503849751803,0.946845600440004,-6.6961676738998,"Smarcad1"
-0.0765064258799511,7.95826580105464,-1.29107462338808,0.205495480167745,0.398619598310846,-5.87874694103854,"Smarcal1"
0.0624340274108818,7.91563666448603,1.20546822559985,0.236448710565299,0.434909942076352,-5.98228345081305,"Smarcb1"
-0.00295812218633139,7.81328749329579,-0.0478705715670073,0.962102977444821,0.980293373697572,-6.70257342865964,"Smarcc1"
0.235104223310037,7.64718301022508,3.62333037585258,0.00095026736279028,0.00829100053728613,-1.09745332591558,"Smarcd2"
0.191231052836303,8.07881763516176,2.07915513865819,0.0453132191689982,0.146109056438144,-4.6427515350137,"Smarcd3"
0.0487298447722048,8.29994703374076,0.712589408191365,0.481022368720393,0.664237624714386,-6.44809358766267,"Smarce1"
-0.280177177170795,8.69686071754802,-2.52547737421072,0.0164464785602046,0.0713152118479036,-3.74535585163074,"Smc1a"
0.137334891387605,6.3550284621474,1.35158566537736,0.185543107020332,0.37057403706426,-5.80169469109641,"Smek1"
0.0595426974332882,8.43072188368358,0.947093741119838,0.350357082436478,0.552521651233361,-6.25475345809105,"Smek2"
0.0284999865102331,6.02908615697029,0.366376135457016,0.716382805860203,0.835117542753815,-6.63577794138263,"Smg6"
0.0535726312867792,7.28738703028752,0.556377652706588,0.581641741346268,0.740443201877336,-6.5474279161456,"Smg7"
-0.0399649295405132,6.21929004740838,-0.202352158823135,0.840862432777874,0.909639301426484,-6.68297662151314,"Smn1"
0.163923583338185,5.95441477229754,1.47024826023884,0.150803063530034,0.324722395124662,-5.64148843934505,"Smoc1"
0.281841288454362,7.49188990695098,2.58978439704468,0.0140977420949369,0.0637795176468454,-3.60609103916188,"Smox"
0.0449990228435233,9.69597602035426,0.494742690917352,0.62400336744495,0.766352447452577,-6.58002077246761,"Smpd1"
0.520962810024005,5.89017743218463,2.93628456395883,0.00595834650296396,0.0340293787253083,-2.81773566993447,"Smpd2"
0.0221662320710906,7.5157739074278,0.280860682595288,0.780540551412989,0.87255661513179,-6.66376627792418,"Smpd3"
-0.0190818911273703,7.90320977041966,-0.239914985090689,0.811854693180184,0.892770172566809,-6.67456146004979,"Smpdl3a"
0.683379689314733,5.32514622835186,5.18534534952619,1.02000528529031e-05,0.00023170660602338,3.26304349791434,"Smpdl3b"
-0.12876855334885,9.01060013546785,-2.18539486083214,0.0359350332791124,0.124208617427391,-4.44073593611916,"Smu1"
-0.0607061431607725,6.34598361616078,-1.05155878830392,0.300510779457505,0.505664284552619,-6.15194648450821,"Smug1"
-0.32672079873358,8.28478742944241,-4.21069746904726,0.000179583947667992,0.00227548203037609,0.4924028285702,"Smyd2"
0.0528294665530621,5.99626593211975,0.631961736297547,0.531691181014241,0.706167665487179,-6.50234534957793,"Smyd3"
0.185990548422059,7.08346417923677,1.91097633786452,0.0645753141419295,0.185135479941871,-4.94652248244651,"Smyd4"
-0.152026712108637,7.06964392533314,-2.70094406909685,0.0107537594510982,0.0524057490696898,-3.35996311925006,"Smyd5"
0.0282429474336159,4.50272383576489,0.150171774704137,0.88152749771133,0.933802308765522,-6.69229938870499,"Snai3"
0.451285818398738,7.09206325789115,4.20099682869898,0.000184689511736098,0.0023168885763312,0.465498954924954,"Snap23"
0.0434750926419365,6.96845308830329,0.533857484408732,0.596956750327168,0.75017515372537,-6.55977239444626,"Snap29"
-0.102104942046947,9.65485405130009,-1.26834149419249,0.213399001813519,0.407290775718346,-5.90687062746841,"Snap91"
-0.0539345766608973,7.90334881268681,-0.768365429579155,0.447640354576504,0.6389613099715,-6.40687374025685,"Snapc3"
-0.0309917108033357,5.93334454942689,-0.287220393842316,0.775708576589703,0.869697276954619,-6.66193794428825,"Snapc4"
0.1631704564473,12.8969232305032,1.72409378880666,0.0938871162906032,0.23973302655874,-5.25976093523936,"Snca"
0.257814484862525,4.57439657340309,1.87357064638866,0.069714441682565,0.19531662744732,-5.01131549578001,"Sncg"
-0.0559751715758106,7.52981420578388,-1.00203911250566,0.323491087495991,0.529148736374403,-6.20194122095521,"Snip1"
-0.119493974251412,9.39784497346712,-2.15604722671877,0.0383356384674281,0.12966239087273,-4.4973006326736,"Snn"
-0.0665363765035785,8.55713914685401,-0.5147998570055,0.610065027841874,0.756845395452746,-6.56982718838332,"Snph"
-0.0440666223212283,8.95388829367478,-0.49700837378673,0.622421676310237,0.765391980890643,-6.57888927976543,"Snrk"
0.0526451382476052,9.01887160814309,0.937254798718312,0.355319961136196,0.558250903922437,-6.26391300682604,"Snrpa1"
-0.0281630706517204,9.45153427612458,-0.597910243084952,0.553911208683488,0.72127698574352,-6.52335033681346,"Snrpb"
-0.052219924934619,9.16734834181123,-0.579120363335323,0.56637284759865,0.729557668056192,-6.53445367529496,"Snrpd3"
0.158003861006621,9.67936957852552,1.52879801062865,0.135680776421491,0.306009908539168,-5.55808446031998,"Snrpg"
-0.512220121959673,8.02409179741394,-3.44267144228001,0.00156153445083149,0.0122469957006893,-1.56692847404141,"Snrpn"
0.28057001174719,6.57538615636487,3.11707235147843,0.00373088456464815,0.0239374692869219,-2.38335963496148,"Snta1"
0.00710980669527759,7.34229471709054,0.0837114387187954,0.933782921618235,0.962605738700073,-6.70018132810803,"Snx1"
0.0169685228483863,9.42472122232715,0.295779876440401,0.7692195948951,0.867630153669423,-6.65941290765224,"Snx10"
0.0942081890249911,6.59587040218996,1.27805150911189,0.209995537229266,0.404510120033304,-5.89491349870052,"Snx11"
0.0320618278938754,7.45012818073033,0.584752409317517,0.562622896778499,0.726211712928111,-6.53116201807179,"Snx12"
-0.0910784196918439,8.84085932773425,-1.30313929625172,0.201392312230864,0.392924679362756,-5.86363801875129,"Snx13"
-0.344080243544414,8.03493077825245,-3.21666607662255,0.00286860745455639,0.0193400900980319,-2.13803765827456,"Snx14"
0.0657862978017763,7.31235936943478,0.85222979793269,0.400124073143294,0.598522923447909,-6.3392715847524,"Snx15"
-0.115682159973575,9.20965305345826,-1.55975136711994,0.12819472778037,0.295808580496669,-5.51284953104365,"Snx16"
0.0498407816949812,10.6596554773482,0.789264124464594,0.435495270425213,0.628384162733719,-6.39065723869721,"Snx17"
-0.0621021375725794,9.4425568835547,-0.550457002146322,0.585649488571167,0.742627702002614,-6.55072185871722,"Snx2"
-0.0284788686565621,6.80466467611835,-0.393427859898521,0.696490426364135,0.821401103550188,-6.62539621736843,"Snx21"
-0.0658601080488349,7.65483138601765,-0.802009361185663,0.428186977396413,0.621752642387017,-6.380561780321,"Snx24"
-0.112254684228995,7.1306897708524,-1.4997972023295,0.143011018347102,0.315349613259482,-5.59975117986805,"Snx25"
0.120610050108258,9.60805610085869,1.627941608407,0.112885236002683,0.271603170401494,-5.41045044734451,"Snx3"
0.0349118738826768,7.63554068513092,0.670650865005087,0.507029741615349,0.685877410666901,-6.47710286196361,"Snx4"
0.216368416433355,9.00911268127535,4.01125559659951,0.000318590115008382,0.00357033322219393,-0.0568330916616198,"Snx6"
-0.0649836919701197,6.8856684516596,-0.979385960623898,0.334393012637494,0.540668150923656,-6.22405541140375,"Snx7"
0.0258213973733918,6.2212940827104,0.313674041111631,0.755708904334496,0.859503835038083,-6.65389594955909,"Snx8"
0.804815345120138,7.5265303282067,8.15877297635203,1.78106378234258e-09,2.97788452265498e-07,11.6910120567097,"Soat1"
-0.0728710171020603,7.96150856269367,-0.974209791870247,0.336918429403072,0.542089247441557,-6.22904148571192,"Socs2"
-0.189667264391286,9.26352530052158,-2.74103527097085,0.00974039299641202,0.0487793464557158,-3.26957160153362,"Socs5"
0.122870953285548,11.046231102921,1.04733478024547,0.302425520051889,0.508069453947955,-6.1562991518043,"Sod1"
0.0979687239655627,10.1415684099065,1.95990507687498,0.0583487343952669,0.173600393837953,-4.86022666402451,"Sod2"
-0.0479967162049255,9.14133623284664,-0.650812952327163,0.519596006133866,0.695968833713968,-6.49022856036538,"Son"
0.0968971830985287,9.49428814154511,1.09813456184991,0.279957532839357,0.483336473162916,-6.10286869911602,"Sorbs1"
-0.0506191548898429,8.0993779901788,-0.460731468071285,0.64796133935258,0.784366066815905,-6.59639337036652,"Sorcs3"
-0.0388978857655806,9.62437013843388,-0.2761540060751,0.784122310147579,0.875358405427739,-6.66509315149292,"Sorl1"
-0.113179467811072,10.3855094962356,-0.929452562561871,0.359288304532672,0.561671183980682,-6.27111199590029,"Sort1"
-0.0217946522379987,5.46205393214974,-0.0852759383035675,0.932548434921654,0.962119835783531,-6.70004723654696,"Sostdc1"
-0.0335404290880785,6.52241768284654,-0.349566901988463,0.728846606870935,0.843989308484529,-6.64185946378509,"Sox17"
0.362789239845227,6.12432100879552,4.70744775397482,4.20512580387945e-05,0.000718862692507256,1.89092872159483,"Sox18"
0.109637378359757,8.22455288003759,1.7988647037904,0.0810337576392794,0.216792169641849,-5.13760410166604,"Sox2"
0.113200352471645,6.86284282729818,0.907525882855447,0.37059574458372,0.573100880661732,-6.29103726533643,"Sox21"
-0.18702994690009,7.85944221154385,-1.41808278711477,0.165380546042674,0.34385953092484,-5.71338719672097,"Sox5"
0.374929435179458,5.68525434217409,1.61253595158206,0.116205595650604,0.276552565505964,-5.43391238795549,"Sox8"
0.147602461652703,6.84714151775955,1.89307504097347,0.0669925398029913,0.19012007778643,-4.97765906730864,"Sox9"
-0.138090652871631,5.88698173389659,-1.68181154420316,0.101884006130528,0.253321514840141,-5.32692299759779,"Sp4"
0.0249358266680102,5.07135950480647,0.225139941333064,0.82323493143739,0.898998215512941,-6.67804153587179,"Spag6"
0.0246762964757914,7.91407687281458,0.372278206805813,0.71202496418042,0.832619378914573,-6.63357539796295,"Spag7"
-0.355204730309691,9.86638021461148,-5.17993929499732,1.03654220092253e-05,0.000234407278890239,3.24743379349286,"Spag9"
0.629218761070749,10.9266249843237,5.3042401561707,7.15998272680059e-06,0.000171126980527277,3.60667258587484,"Sparc"
-0.407025671493885,10.4536066959395,-4.62644615072712,5.33808643672013e-05,0.000862819548089091,1.66048493299888,"Sparcl1"
-0.0771430582580308,7.32256665291127,-0.952985425366062,0.347407346225394,0.549898068742831,-6.24922523633696,"Spata2"
0.541807385150477,4.80917803506176,2.87575761370922,0.00695031161555491,0.0381812870122477,-2.95980570288997,"Spc24"
-0.0160663858971652,11.6178638549956,-0.148205660446688,0.883066858978607,0.934945175046649,-6.69259679361443,"Spcs1"
-0.205795601787068,8.49527556425915,-3.55670118998391,0.00114245551301035,0.00944492320018226,-1.27184448093533,"Spcs3"
-0.180103395142853,7.82268657547278,-2.00772345494724,0.0527738230639418,0.160942751017278,-4.77422523650868,"Spg20"
0.2004682091457,7.20466520503602,2.00715407103558,0.0528373694478426,0.160942751017278,-4.77525884237269,"Spg21"
0.0231723620144123,6.52348636236564,0.235322846380085,0.815387392217392,0.895216857086889,-6.67566668572523,"Spg7"
0.305847764791253,5.19414028687148,3.06580889070684,0.00426565173627562,0.0264530244290988,-2.50800387725281,"Sphk1"
0.0939733897084494,6.29450277811408,1.58617234541544,0.122073467392557,0.285668907684763,-5.47361992953985,"Sphk2"
-0.107795848643181,8.46624206510693,-1.10607174299091,0.276556879187161,0.478776636368299,-6.09430777317927,"Spire1"
-0.238075440660491,5.74839700538129,-2.28530928091143,0.0287356433722324,0.105956372802977,-4.24392513460621,"Spire2"
-0.189041172022776,8.25317966371028,-1.8684364391898,0.0704465217016901,0.196603104007539,-5.02012821349133,"Spock1"
-0.0868610398766332,8.45770197859545,-0.70359352021075,0.486536294243009,0.668010490571058,-6.45446002309898,"Spock2"
-0.118976046216659,8.54749538036125,-0.891312186344905,0.379103984647962,0.580017829994287,-6.30547989430687,"Spock3"
-0.083317139571181,10.1905638290177,-1.27922640800888,0.209586522735008,0.403971194214727,-5.89346109844875,"Spop"
-0.00593444064680441,8.34832286557388,-0.0551930056179919,0.956311785739728,0.977717102501866,-6.70219061178201,"Sppl3"
0.205379046029813,6.64969018648618,1.62974763096512,0.112501153516379,0.270937591777985,-5.40768753209524,"Spr"
-0.0462020250755635,9.79848628395584,-0.558006685038737,0.580541388287819,0.739684239801787,-6.54651553956977,"Spred1"
-0.18186740665597,7.04990343532554,-1.27430061058763,0.211305368948152,0.404728526616818,-5.89954223632214,"Sprn"
0.254037209672694,5.72734479295376,3.10207831680943,0.00388032851160024,0.0246454618186398,-2.41993387366793,"Spry3"
-0.120873236083304,7.79928317716163,-2.0735403873668,0.0458640806136698,0.147132670823624,-4.65321431317973,"Spsb3"
-0.031335011516669,8.04241308673192,-0.601610658525987,0.551473686055644,0.720114396369397,-6.52112278585122,"Sptlc1"
0.0643249842289553,8.66047577613663,0.866793391610044,0.392206921529469,0.589944693432967,-6.32684867448462,"Sqle"
-0.0958843732322601,10.0296879022351,-1.48154124345625,0.147786064622806,0.321351220797106,-5.62562313723307,"Sqstm1"
0.130262870403978,8.3659414982232,1.72737269296374,0.0932895674161072,0.238690658792201,-5.25449437738525,"Sra1"
0.197667165966683,6.83645685513639,1.91230190003362,0.0643993509450219,0.184799372299062,-4.94420752973372,"Src"
-0.0242553879624499,7.66024187619479,-0.246797454423986,0.806567569504602,0.889075465139171,-6.67286514914623,"Srf"
-0.0788800182241631,6.68600625096608,-1.24617667003441,0.221323611203799,0.415228783966056,-5.9338545450046,"Srfbp1"
0.0165735810599998,9.17278982893998,0.181036804002912,0.857426962543474,0.919218574002283,-6.68711770618552,"Sri"
0.2211277664646,9.12493013468254,2.66621252489925,0.011709944280612,0.0561876774568279,-3.43758374968818,"Srm"
0.13657749380571,11.2711549799023,1.62547269851232,0.113412039804177,0.272221283547104,-5.41422324995579,"Srp14"
0.0598239654118687,8.46211399905026,0.741705072970841,0.46342230808035,0.651530164385058,-6.42695110408819,"Srp19"
-0.0463601422658492,7.92501928377379,-0.628879210248834,0.533683068846263,0.707137077296823,-6.50429360934912,"Srp68"
0.0417117100130012,8.52798059251636,0.554053840468725,0.583213154912133,0.741402556143657,-6.54872488878161,"Srp72"
0.0394617349292825,9.61164919374546,0.604490862809856,0.549580270342974,0.718739771189146,-6.51937967452228,"Srp9"
-0.155950061692448,7.82774567954727,-2.01849994983503,0.0515836326715916,0.159007493620316,-4.75461941971488,"Srpk1"
-0.211411058339935,9.76048725306488,-2.4051329498503,0.0218295651690603,0.0867505887687714,-3.99954430179789,"Srpk2"
0.108899527937397,7.2710158712771,1.57332371861549,0.125019789418041,0.290675333349553,-5.49276826906537,"Srprb"
-0.14629845620546,8.96407816566315,-1.57166935976687,0.125403327320131,0.291164355283342,-5.49522402990541,"Srr"
0.0767902393508109,9.02114235365725,0.597688615744868,0.554057372964851,0.72127698574352,-6.52348332366779,"Srrm2"
0.324158957878141,8.0000082396656,3.36552873512324,0.00192513091012246,0.0142981372308506,-1.76400300692568,"Ss18"
-0.321583765356388,7.26846900028039,-3.32577762989577,0.00214291949994936,0.0155046528525748,-1.86470895015324,"Ss18l1"
0.221100881348898,9.00584930613104,2.48029764086655,0.0183059059988553,0.076875956312692,-3.84178233479119,"Ssbp1"
-0.260542441387255,9.50712550115356,-3.7910963627908,0.000594757297728056,0.00584670770456644,-0.652413320597451,"Ssbp2"
0.106793926914594,8.74271240631974,1.5149401506111,0.139144784844147,0.310295168424681,-5.57808126786498,"Ssbp3"
0.0066770862293569,7.4139681280964,0.0854347483823995,0.932423133398898,0.962119835783531,-6.70003348636048,"Ssbp4"
0.393795891250661,7.77174065310543,4.65568707866026,4.89794282062848e-05,0.000812510711987811,1.74358326582089,"Ssfa2"
0.0331571540223581,8.34749638344782,0.525829481150975,0.602462277359177,0.75169080374504,-6.56405177744466,"Ssna1"
0.080610815063219,6.32960208665619,0.802018552331131,0.42818173411906,0.621752642387017,-6.38055444390199,"Sspn"
0.124055162323754,7.73288975099005,1.89438561986018,0.0668129668052325,0.189824107942979,-4.97538749796862,"Ssr2"
0.196368018059012,9.99654781659953,1.80084070756354,0.0807153746617659,0.216055007653548,-5.13431780910604,"Ssr3"
0.230373146138822,9.26514514847623,1.91759324027469,0.0637010608378537,0.183804653761425,-4.93495397552552,"Ssr4"
0.0474654364850433,9.25837582472978,0.935352645580218,0.356284753012746,0.559036717312781,-6.26567335270725,"Ssrp1"
0.0681909991295371,8.68868338725286,0.757462466865218,0.454055616394755,0.643926454859041,-6.4151673025753,"Sssca1"
-0.0687453869816397,9.96253393430468,-0.876507739646913,0.386981540241884,0.584803903569974,-6.31845040818342,"Sst"
0.10634525999965,2.71574727960211,0.360380652323117,0.720819525063894,0.838932117446854,-6.63797959516036,"Sstr1"
-0.307677488583966,8.39692915169105,-2.78805922883334,0.00866530810165619,0.0448656558076511,-3.16248781044753,"Ssx2ip"
0.055355730768247,9.46560105460944,0.556304786525161,0.581690983647854,0.740443201877336,-6.54746866533742,"St13"
-0.112854576641552,6.0327629242234,-1.41506301177566,0.166257258284297,0.34460968085808,-5.717479047959,"St18"
-0.0832867050017141,7.43985066737948,-1.19364740392553,0.240980740428167,0.439994885582639,-5.99607037384917,"St3gal3"
0.543954544999985,6.40639745597862,5.48833369959112,4.13774128390229e-06,0.000107559944818141,4.13964415929256,"St5"
0.352237303634289,7.83893916927244,3.49561802100912,0.00135123079038909,0.0109378119998911,-1.43045867248285,"St6gal1"
0.201753060808392,4.29087049526218,0.929450752741619,0.359289228401114,0.561671183980682,-6.27111365916603,"St6galnac2"
-0.0808491820774096,8.81714969653167,-0.931260284212547,0.35836628649653,0.561080777026389,-6.26944912411412,"St6galnac5"
-0.0388075186093282,7.88152625179107,-0.665839667952463,0.510061978765478,0.68876876823402,-6.48032142497488,"St7l"
-0.00561477211199362,7.20545506044974,-0.0682102074020021,0.946022849376199,0.971252693282608,-6.70137579679418,"St8sia4"
0.290668430544538,3.72907063962792,1.20493486787503,0.236651830643002,0.434925357847178,-5.9829082008916,"Stac"
-0.0760120955873202,7.08940037620522,-0.74585912207068,0.460942141255421,0.649310396187454,-6.42386783944822,"Stac2"
0.0369120326256396,7.78671616160709,0.53019273446544,0.599467033137117,0.750902469605045,-6.56173382306548,"Stag1"
0.010410898001139,8.3001825502457,0.186096563148679,0.853488693632224,0.916856745509598,-6.6861763000392,"Stag2"
-0.123797957601763,8.18280645857078,-2.08335422272396,0.0449050653217683,0.145443959163569,-4.63491257257401,"Stam"
-0.0643987940686521,7.1741926846382,-0.911362306011282,0.36860082100935,0.570725802993599,-6.28758365755132,"Stam2"
-0.10626030256482,8.00306172791539,-1.30315983790175,0.201385379696448,0.392924679362756,-5.86361218570038,"Stambp"
-0.175818932647069,8.02080598408177,-2.07029599827533,0.0461850665274147,0.148025971253558,-4.65925013126929,"Stard10"
0.0877753267961819,4.93387868917058,0.588387941534376,0.560208942733934,0.724764930273788,-6.52902065367436,"Stard13"
0.123647807429775,6.94784288300095,2.21078305663279,0.0339673365328765,0.119370925529823,-4.39134249433021,"Stard3"
0.0943027120503312,7.96031705622731,0.839165442086844,0.407311017095746,0.603428160756125,-6.35024417029077,"Stard3nl"
-0.19179215965777,7.94352487145293,-2.22363267881505,0.0330085880153531,0.116612359803391,-4.36618191354937,"Stard4"
0.231925191762724,6.36884513513079,2.62336804487409,0.0129979361427771,0.0607440590214134,-3.53244075258269,"Stard5"
-0.00189822352781601,9.35569884695383,-0.0200236687719947,0.984143000035572,0.989835091579456,-6.7035325147341,"Stard7"
-0.333744345734738,7.00868030398325,-2.08625581475062,0.0446249246244244,0.144815633771539,-4.62948871365171,"Stard8"
0.919189529235135,7.80880535168185,4.89059536009613,2.447309487494e-05,0.000459296514780207,2.41457008629432,"Stat1"
0.837137569812835,8.28829931569388,7.54232055559597,1.0067418511513e-08,9.23090755519277e-07,10.0051016566243,"Stat3"
-0.0406987097087166,7.74640338981552,-0.703669585751305,0.486489521501879,0.668010490571058,-6.45440652012805,"Stau1"
-0.331797336163785,9.90858415787753,-5.85012384802819,1.40918667290451e-06,4.83437305541323e-05,5.18797187892082,"Stau2"
-0.190493030698604,6.73671215329172,-2.67405432139117,0.0114874071485361,0.0553833597036973,-3.42011464717031,"Steap2"
-0.00282094654889453,7.00445903314945,-0.038140973820017,0.969801135454082,0.983670388778931,-6.70299794310671,"Stim1"
-0.0361151058666384,8.54064687550328,-0.54859263391863,0.586914266798272,0.74348370948598,-6.55175193358497,"Stip1"
0.0347213374767035,7.14626835983219,0.440990933263332,0.662045867149133,0.793605255058968,-6.60536840470143,"Stk11"
0.15234918969129,7.04068232799381,1.61468708043901,0.115737202094081,0.275935823065121,-5.43064777291627,"Stk17b"
0.0814492476028395,6.5993875218187,1.00335651939305,0.322864610458813,0.528810078123999,-6.20064050744428,"Stk19"
-0.105208099735886,7.8889357214691,-1.62415519163164,0.113693990069962,0.272667137426483,-5.41623456909277,"Stk24"
0.14793531523948,8.96464780296012,0.856301045168707,0.397900783320248,0.59578790091568,-6.33581903875699,"Stk25"
-0.0403153901309533,7.16024857253696,-0.605919311236063,0.548642467561458,0.718144289058022,-6.51851215087891,"Stk3"
0.00888029466554221,5.08804367644845,0.0713668648604498,0.943529141875452,0.968919025877251,-6.70115231455406,"Stk32b"
0.427249364603371,6.53852062886561,1.6126349122598,0.116184013534689,0.276552565505964,-5.43376228393106,"Stk32c"
0.00311304164976741,4.05735794990416,0.0185907439096221,0.985277611798206,0.99058113961291,-6.70356058414989,"Stk36"
-0.130845054868737,7.31249005758203,-1.95755087925726,0.0586359449545398,0.174158695082009,-4.86441843846814,"Stk38l"
0.0371527072311377,8.41014432688934,0.52999054903486,0.599605671594069,0.750902469605045,-6.56184164909598,"Stk39"
-0.0369776892747489,8.45721602167166,-0.50918004064628,0.613955836306969,0.759053513727885,-6.57272354386097,"Stk4"
0.141322806803543,6.55444642378262,1.51042652833048,0.140288287403571,0.311799838420542,-5.58456020261135,"Stk40"
-0.192975928477269,10.9018038106645,-2.16405962610361,0.0376664791085517,0.128135378794804,-4.48191446611359,"Stmn1"
0.00675135852594177,11.1504161756566,0.0922180682076217,0.927072754154815,0.959367130929964,-6.69942229652216,"Stmn2"
0.0595183406819536,11.8017667047539,0.578394740547135,0.566856894587879,0.729808353180157,-6.53487549661968,"Stmn3"
-0.23141303882784,10.1896119490471,-2.82109145229143,0.00797749848714902,0.0422875905508835,-3.08659455541532,"Stmn4"
0.140861732380999,7.30764525643891,1.26023361718347,0.216272639163222,0.409669224419081,-5.91679145668957,"Stoml1"
-0.049159977653478,9.46888586414445,-0.99599281389299,0.326376946797984,0.532315311352599,-6.2078902696907,"Strap"
-0.334752232253789,9.32760140683058,-4.41207465279176,0.000100048304961234,0.00140933967016621,1.05477580015359,"Strbp"
-0.0884053207587716,9.20162016388913,-1.78164659001425,0.0838533638114561,0.22233044884394,-5.1661139224019,"Strn3"
-0.0694604854047046,8.571341159788,-0.684571006597792,0.49831266269865,0.678286772237738,-6.46766370422273,"Strn4"
-0.0619431710762543,9.65804740595281,-1.31492422637447,0.197444869552511,0.387410319599752,-5.84875706187451,"Stx12"
0.00584950848666918,8.62367031147098,0.111282713687798,0.91205466950081,0.951487732373311,-6.69745475822925,"Stx18"
-0.565820571627651,10.2013117560901,-5.48196566895042,4.21698953501185e-06,0.000108837011622158,4.12119576895963,"Stx1a"
0.212243039064065,7.13026109564497,2.97103862574722,0.00545064420516577,0.031889155970467,-2.7353792146133,"Stx4a"
-0.098208213600502,8.57606014005344,-2.05512505380917,0.0477123823776037,0.150289534247505,-4.68737723315305,"Stx5a"
-0.0666276070183305,9.38968568245575,-1.30977708910852,0.199161600555735,0.389864672330465,-5.85527125955961,"Stx6"
-0.0449176606201292,9.10476822174875,-0.629315804573771,0.533400707940802,0.707137077296823,-6.50401823245586,"Stx7"
-0.0507099058236315,8.72561037325972,-0.509644917129911,0.613633551467044,0.758841098589579,-6.57248514188586,"Stx8"
-0.264215334229056,10.9717477156781,-1.95454901870449,0.0590039488471904,0.174806334568016,-4.86975762393397,"Stxbp1"
0.0897187546966385,6.74614171308585,0.972434293392793,0.337787627804236,0.542504142362025,-6.23074603314593,"Stxbp2"
-0.238891911943943,7.37005018901093,-2.15794440509432,0.0381762474930551,0.129470622802607,-4.49366137012433,"Stxbp4"
-0.216346181268358,8.48818379046042,-1.58869674622507,0.121501314491359,0.284858730348638,-5.46984208961317,"Stxbp5l"
0.0997796850955544,8.02541399789848,1.68021438039226,0.102196867329295,0.253506543011134,-5.32943250026467,"Styx"
0.0787094646472551,10.4227258044102,1.10476124094236,0.277116321358814,0.479134967370734,-6.09572520883833,"Suclg1"
1.03504831439254,7.09262524451632,7.77208217551001,5.25202976919166e-09,5.88577469467412e-07,10.6388072650633,"Sulf1"
-0.365781443812095,6.03551745557509,-3.31089054357811,0.00223040484568817,0.0159771756204623,-1.90227201795341,"Sult1a1"
-0.138810450159676,5.79981353201803,-1.50854265500123,0.14076778596619,0.312727728910791,-5.58725936930347,"Sult2b1"
-0.194831626834258,10.1198086660754,-2.96707269626025,0.00550644843910193,0.0320658423538003,-2.74480558762563,"Sult4a1"
0.234106551674337,6.23012121757367,1.89962468325964,0.06609925159047,0.188539890141821,-4.96629424243477,"Sumf2"
-0.27255386700422,12.0008214433911,-3.17143330932214,0.0032336324652671,0.021344513772699,-2.24996388032162,"Sumo1"
0.0852812601240751,10.1496891249354,1.44019906126369,0.159070088195979,0.335083732152181,-5.68318428187761,"Sumo3"
-0.08342604741644,6.8574829957321,-1.55969305840594,0.128208507810226,0.295808580496669,-5.51293547933655,"Supv3l1"
-0.0586800990800095,8.86793620403904,-0.859779024651205,0.396007649858446,0.593658316954858,-6.33285713656134,"Surf1"
-0.141361485581394,6.64041584196777,-2.23847810645085,0.0319311183455085,0.114312494907049,-4.33697936511318,"Surf2"
0.267591893010861,8.79878812396136,4.08168466886869,0.000260405407590309,0.0030540103964603,0.136149679838902,"Surf4"
-0.139822585681447,7.33257438368505,-1.5461607681703,0.13143926375426,0.299987413522528,-5.53280729369655,"Suv420h1"
0.147683490062846,5.63564591238833,1.47699684634932,0.148994286759046,0.322344233768946,-5.63202026511025,"Suv420h2"
0.0359754350118537,8.39103001722165,0.500950123395056,0.619674250081972,0.763876128859297,-6.57690861393177,"Suz12"
-0.0527441927975309,9.99524614579391,-0.457214494282187,0.65046121103256,0.786071384432591,-6.59802077497084,"Sv2a"
-0.0491892936977825,10.5463501131111,-1.03253172418968,0.309202591092294,0.514831593031007,-6.17142359239,"Sv2b"
0.22120949667653,6.35059944627989,2.67929863510898,0.0113407772285231,0.0549390389658427,-3.40841353954115,"Swap70"
-0.0257682473040208,8.56667858477831,-0.308465082672665,0.759634006701139,0.861192843236533,-6.6555351634568,"Syap1"
-0.13706386706316,8.35530508164377,-1.82644262398568,0.0766853762028036,0.207916318382118,-5.09147213990243,"Syf2"
-0.091273599603529,10.5039885581285,-0.478890273550402,0.635120457553656,0.774819326175308,-6.58779497664734,"Syn1"
0.163287473701117,11.0533818030719,2.174384433243,0.0368195203756868,0.126056239819816,-4.46202463247844,"Syn2"
-0.0480503724620328,8.66351092236951,-0.841592983839906,0.405969527477137,0.603212824710431,-6.34821759067579,"Syncrip"
-0.290611657254886,9.17802665658125,-2.58967211342884,0.0141015590276091,0.0637795176468454,-3.60633623240945,"Syne1"
0.04164989986897,9.51193695863296,0.466408461059744,0.643934870853164,0.782308733729825,-6.59374049064259,"Syngr1"
-0.0421583772047407,9.03753178993513,-0.6707579001869,0.506962395862594,0.685877410666901,-6.4770310018171,"Syngr3"
-0.14792104144532,9.86519382035339,-1.75625129105142,0.0881632388783959,0.229771169852067,-5.20775023354999,"Synj2bp"
-0.175529354037589,10.1021435345023,-1.61577285286175,0.115501372220843,0.27569666314104,-5.4289985626346,"Syp"
-0.0201620070642061,9.82953375468583,-0.288047141780465,0.775081092328591,0.86957373717755,-6.66169727318361,"Sypl"
-0.26667341469452,11.4529377156375,-2.46266054236008,0.0190825731083799,0.0792044577658927,-3.87910178117325,"Syt1"
-0.078449118650484,12.5927778490602,-0.967963985120096,0.339982737215956,0.543069700268584,-6.23502469574301,"Syt11"
-0.0928271020775564,5.89432955309256,-0.968254445305142,0.33983981935661,0.543033019333138,-6.23474725359072,"Syt12"
-0.215049137062073,8.67106857457423,-3.43446133894392,0.00159684340389592,0.0124084008532689,-1.58800322082888,"Syt13"
-0.192153737583133,9.9827825668102,-2.51129150303236,0.0170107708942964,0.0727610836471048,-3.77575989087321,"Syt4"
-0.0201901733790321,7.76465362446614,-0.317515163347118,0.75281871575137,0.858209260285157,-6.65266970287879,"Syt5"
-0.186880284592883,5.75372384965341,-1.96457801326155,0.0577822553309305,0.172016477942079,-4.85189444533977,"Syt9"
-0.549758270516433,7.94330918412935,-4.15786041908083,0.000209171801307118,0.00256844443987499,0.34608853127328,"Sytl2"
0.101776104242543,8.35109365804101,1.79088475485109,0.0823303835612562,0.219562202167856,-5.15084538605338,"Syvn1"
0.0856220304145937,8.91661106550903,0.65903473289422,0.514367636769355,0.692275418262038,-6.48483521895447,"Tac1"
0.055728222429053,9.02744496132426,0.590840022752893,0.558583754977479,0.723737967337955,-6.52756901430194,"Tacc1"
0.338542122802093,9.13709680170854,3.32871399450933,0.00212605609571286,0.0154316182049918,-1.85729006229769,"Taf10"
-0.146870617088549,6.75090326411053,-3.10696333853997,0.00383102695027451,0.0244246130344303,-2.40802862103252,"Taf11"
0.331450889124728,6.81964207000208,3.24649513415378,0.00264976136295149,0.0181312707644021,-2.06377641818977,"Taf12"
0.0823551924151724,8.3166878799612,1.10168762750299,0.278431580902131,0.481031333501009,-6.099043497393,"Taf13"
0.116825915529829,5.00953728744411,0.752321997173584,0.45709895288792,0.646062225172024,-6.41903779491508,"Taf15"
0.0271397296293302,6.44515850908353,0.397256716325131,0.693692042032316,0.819463332857571,-6.62386762661283,"Taf6"
-0.0047099746062733,8.03877416796383,-0.0768897909954187,0.939167527474523,0.965984466868044,-6.70073700048256,"Taf9b"
0.0694130476253445,9.58483250206696,0.761784119863376,0.451506311549362,0.641891615505088,-6.41189363810472,"Tagln3"
0.283272978312915,9.35626142369056,4.16650575223899,0.000204022738022907,0.00252178104865079,0.369990802423386,"Taldo1"
-0.0952171611554034,6.89253753411169,-0.877650144339211,0.386369966024417,0.584501092296721,-6.31745690177818,"Tank"
0.541563291645168,5.6737543333523,4.44922885475442,8.97602252897427e-05,0.00130449802921087,1.15927798760284,"Tap2"
-0.0853035686206355,9.27590639366095,-1.26545040396756,0.214420356586103,0.40804598425046,-5.91041480086404,"Tardbp"
0.123856257162417,5.94094320108774,0.839513265407913,0.40711863622974,0.603428160756125,-6.34995414196223,"Tatdn2"
-0.0582236035195631,9.14141409851002,-0.736147472346061,0.466752586469776,0.65348154844959,-6.43105007507156,"Tax1bp1"
0.769290313269165,6.60073657482978,6.20798606058967,4.87403785400881e-07,1.93541518880051e-05,6.22250300677823,"Tax1bp3"
-0.150373887889298,7.58209119358875,-2.40676019416543,0.0217471596355136,0.0865595312090728,-3.99616471918355,"Taz"
0.156842011099222,6.4855988670351,1.88595686821714,0.0679751254979793,0.191721788527019,-4.98997459542785,"Tbc1d10a"
0.244033804660597,6.00079364408722,1.38041477552063,0.176579579233721,0.358490667502277,-5.76387365159539,"Tbc1d13"
0.0133790773997666,8.66529740288613,0.135179523191385,0.893276999293736,0.940458435790879,-6.69446831265348,"Tbc1d15"
-0.151725053176351,6.22140404012215,-2.22347080887291,0.0330205135433754,0.116612359803391,-4.36649953854722,"Tbc1d17"
-0.176889499216484,6.76993626822039,-2.06672723535552,0.0465404259809361,0.148546435583456,-4.6658810043798,"Tbc1d23"
0.106894468951745,5.67422591373733,1.01366435787493,0.317991398923251,0.524062295676456,-6.19040780525605,"Tbc1d2b"
-0.0512717649659674,7.00717479659987,-0.533622239250834,0.597117738487409,0.750190521971102,-6.5598987000504,"Tbc1d5"
-0.0551848104105593,7.25868570743327,-0.744384198355322,0.461821852590463,0.650004912814319,-6.42496448048759,"Tbc1d7"
-0.297629014799362,7.10934656091077,-2.80915407741387,0.0082199489465351,0.04309064712825,-3.11408453403378,"Tbc1d9"
0.0923699976903101,10.9823289429853,1.12264243229998,0.269552353315585,0.470852967707134,-6.07625048739197,"Tbca"
0.0182068867033007,7.99655064165715,0.370730715082176,0.713166623742815,0.832715740573053,-6.63415626957634,"Tbcd"
-0.0113164875766378,9.03398697466254,-0.181794535092519,0.856836942914987,0.919218574002283,-6.6869783733096,"Tbk1"
-0.117793488124675,8.49729128428937,-1.1395660537515,0.262530900766609,0.463890445888581,-6.05755195595387,"Tbl1x"
-0.037388650751438,6.80563558072355,-0.454324308982062,0.652518643371455,0.787237205388098,-6.59934892879867,"Tbl2"
-0.166222482043106,6.68567081947906,-2.71312399089866,0.0104359778152775,0.0511782200526334,-3.33259085238492,"Tbp"
-0.420439435126397,7.59224904092147,-4.09270197735058,0.000252298756470629,0.0029797251261859,0.166437228305312,"Tbr1"
-0.0132120801407615,8.0829451514303,-0.166891344460218,0.868456477838398,0.92710118919116,-6.68961215385868,"Tbrg1"
-0.0614527902631497,7.21872257623998,-0.768379633535403,0.447632032284228,0.6389613099715,-6.40686286111297,"Tbrg4"
-0.0997264588782983,7.7526439338232,-1.45807404238058,0.154110226420552,0.328429183291251,-5.6584724368716,"Tcea2"
-0.339095404112917,8.46165179414062,-2.96502393478793,0.00553548695771019,0.0321606690411665,-2.74967231709898,"Tceal1"
-0.0918152195434798,8.46179688152425,-1.05840644278503,0.297424713236891,0.503879415944751,-6.14485545507223,"Tceal8"
-0.183459806567349,10.5165563991883,-2.7373492150182,0.00982971430887583,0.0490318983775082,-3.27791741350587,"Tceb1"
0.314806744649999,12.798316912717,2.45930836567302,0.0192335508511916,0.0794250336854314,-3.88617413853805,"Tceb2"
0.0427769691543993,7.10338241048971,0.783053240924774,0.439083773645307,0.632022749837924,-6.39552042049582,"Tceb3"
-0.215009893653661,10.8432998109682,-2.55150616567132,0.0154555597103769,0.0683705154556408,-3.68926940475777,"Tcf25"
0.213790656814204,6.06536425504575,2.67666829805696,0.0114141025471489,0.0551353631659692,-3.41428418488926,"Tcf3"
-0.0600288434602214,11.356661237545,-0.951962579075934,0.347918257659141,0.550188702845735,-6.25018731080528,"Tcf4"
0.103783184550724,5.51639953191473,0.720855637740194,0.47598718338096,0.660904010404786,-6.44217439505205,"Tcf7l2"
0.548385476369673,8.70478610734453,6.89640525079582,6.4597500934209e-08,3.74442755415191e-06,8.19314722068799,"Tcn2"
0.00233119267349035,6.7875901638141,0.0401142436389884,0.968239601901726,0.983009581839628,-6.70291961004667,"Tcof1"
-0.0755132029112369,9.97601739614995,-1.22681415932577,0.228424942900974,0.424289866316615,-5.95707230670268,"Tcp1"
-0.274883617960853,7.26091606577923,-3.41959799262773,0.00166272763845021,0.0128213080744716,-1.62609610438155,"Tdrd3"
0.136929149181463,7.55593391873975,1.66747630748477,0.104720768409277,0.258116732692074,-5.34937489418109,"Tdrd7"
-0.0912604668734339,6.64832012693119,-0.903197765090615,0.372854742429685,0.574665790364579,-6.29491686284962,"Tdrkh"
0.0485364390949701,9.15957332160031,0.609396703347041,0.546362952595366,0.716421477492316,-6.51639189431878,"Tef"
0.114006957649347,6.13666723775968,1.11351654106776,0.27339402873611,0.475307955790071,-6.08622589956633,"Tek"
0.147321865519729,4.84064257927801,1.31242448225599,0.198277193588906,0.388617134577868,-5.8519236035131,"Tekt1"
-0.115917225082109,8.53209798813171,-1.71561276320562,0.0954475942073534,0.242979413219426,-5.27334434126198,"Terf2"
-0.15165224242287,7.63149657021111,-1.75460989926984,0.0884481126050086,0.230275597246803,-5.2104243132093,"Terf2ip"
0.769467466554392,5.91768677263658,5.42931176412374,4.93318055139718e-06,0.000124548268185649,3.96868235943323,"Tes"
0.256970859957897,9.18351290400887,2.51143738151121,0.017004878818271,0.0727610836471048,-3.77544782545795,"Tesc"
-0.0225344406453806,7.24607083027878,-0.277834284473213,0.782843072930405,0.874391498734891,-6.66462202075131,"Tesk1"
0.079066011722881,8.10619456810404,0.836842698162999,0.408597177234154,0.604156582525368,-6.35217800958005,"Tex10"
-0.188273006723258,8.07605096517351,-2.24970459610865,0.0311373418794037,0.112452452529833,-4.31480073409001,"Tex2"
0.0600039351392922,8.252779376811,0.905036242099915,0.371894089114852,0.574163237512987,-6.29327106238404,"Tex261"
0.273012422413297,7.98447658132221,3.26925586606426,0.0024935919263616,0.0173690387909414,-2.00687586113905,"Tex264"
0.016720558850454,5.49302776587613,0.159313389421695,0.874376344686827,0.930216957717261,-6.6908651753768,"Tex9"
-0.0286121434890427,8.03508323022925,-0.462595119847693,0.646638329415138,0.783516841720457,-6.5955260148864,"Tfam"
-0.0991206569205717,7.61575568022572,-1.48691133368605,0.14636841525287,0.320053805280169,-5.61804151514988,"Tfb2m"
0.092196094627082,7.63257004248559,1.69258632236302,0.0997941425598383,0.250753293935857,-5.30994099082946,"Tfdp1"
-0.016289914631932,8.87190745252285,-0.231223205732201,0.81854453603316,0.896204970737131,-6.67663539196832,"Tfg"
-0.057032010756279,7.29863548857638,-0.983872498475669,0.332214405567897,0.538660954659054,-6.21971347283645,"Tfip11"
0.00661258090137589,8.02125778222825,0.108499561367009,0.914245174264843,0.952486523031785,-6.69776495450583,"Tfpt"
-0.393325844913698,9.18354050798003,-5.54709788804935,3.473231081396e-06,9.26746261559789e-05,4.30991095300639,"Tfrc"
-0.0180301616960664,6.12331910090546,-0.169186739974106,0.866664828001275,0.925972611781871,-6.68922113950366,"Tgfb1i1"
0.173541757928567,7.22329682885332,2.23093381065891,0.0324746777242802,0.115168635558049,-4.35183771166395,"Tgfb2"
1.80154822298304,7.64652424370547,8.28767142763127,1.24696522514048e-09,2.53003862831052e-07,12.0375690351409,"Tgfbi"
0.209910025464543,7.68397274086774,2.57222280957785,0.0147064365163484,0.0654585695957151,-3.64435454956048,"Tgfbr1"
0.590296682390741,7.52026014871962,5.91992833999303,1.14513495886522e-06,4.154615537811e-05,5.39007938152885,"Tgfbr2"
0.22079434609816,6.47359870348182,2.19979772635421,0.0348066270443155,0.121558047219171,-4.41276685781133,"Tgfbr3"
1.17717380058816,8.49732795408451,8.09122907604927,2.14861554279538e-09,3.09584805209061e-07,11.5085639432535,"Tgm2"
-0.00223642346103012,7.75695099140941,-0.0378689270898121,0.970016427403851,0.983670388778931,-6.70300843273604,"Thap11"
-0.0404262749554063,7.7457352529394,-0.520110516550368,0.606398812271908,0.754519913715083,-6.56706141716424,"Thap4"
0.142100529624425,7.80381920330609,1.90410332703369,0.0654943420260716,0.187344280679228,-4.95850483975796,"Thap7"
-0.14093885847799,5.646321861528,-1.26169681881505,0.215751901167628,0.409498245234605,-5.91500534910149,"Thg1l"
0.00714385243524015,8.05061784204941,0.105396737673771,0.916688081304831,0.953915122929281,-6.69810152471708,"Thoc1"
0.0382032751050245,7.20865659666899,0.604295844476736,0.549708367534511,0.718739771189146,-6.5194979574486,"Thoc3"
0.364326729394832,5.61602768897867,2.7578504735725,0.00934243017878702,0.0473660848989639,-3.23141010612601,"Thoc6"
0.149164298172801,6.39843184994158,2.08967908716567,0.044296398974337,0.143934755172411,-4.62308225281481,"Thop1"
-0.0297093631530917,9.55212838311786,-0.40930089602745,0.684917935775055,0.81214228782356,-6.61896365120383,"Thra"
0.0619896857607953,8.00924326711441,0.945864408832839,0.350974648778228,0.553287012750423,-6.25590285768628,"Thrsp"
0.104770004481208,4.89140738485367,1.05316109429731,0.299786668611817,0.505664284552619,-6.1502910870212,"Thsd4"
-0.234998400747766,5.02903270000285,-1.96579902852702,0.0576350265801837,0.17167952690128,-4.84971469268019,"Thsd7b"
-0.140800480027234,7.60921684595263,-2.54684378210642,0.015628920836327,0.0688355002424429,-3.69934423012758,"Thtpa"
-0.120492244370065,7.39930126576115,-1.38781629227557,0.174333580977939,0.355510618105176,-5.75404877035633,"Thumpd1"
0.12704065767415,7.42478298389278,1.45288687675673,0.155536724715884,0.33040088573808,-5.66567123272046,"Thumpd3"
-0.0746677426212961,10.8060367441029,-1.42357903208242,0.163794192226549,0.342318322170944,-5.7059198731401,"Thy1"
0.0198522642557443,8.64120776715621,0.261584664649039,0.795239517705514,0.881765156853752,-6.66905892765155,"Thyn1"
0.0303592427308109,8.60896587617133,0.432527759386703,0.668123072142144,0.798612148095007,-6.60909724829842,"Tia1"
0.0286350399879438,8.38448231969959,0.52270733276115,0.604609855347635,0.753709005841871,-6.56569883936023,"Tial1"
0.00012410460420557,8.45322422685733,0.00115971199894525,0.999081546215956,0.999368991016916,-6.7037352320495,"Tiam1"
0.0708335385011815,7.62286758670369,1.21903066577811,0.231326908592252,0.427789365614494,-5.96631205319651,"Tiam2"
-0.0444546146239884,7.34198433038627,-0.602865802115496,0.550648156128624,0.719408977035401,-6.52036416908656,"Tigd2"
0.00375237285977123,8.66085487838454,0.0455762649486167,0.963917951691483,0.980839029535946,-6.70268218455689,"Timm10"
-0.0177956402767138,9.41070692322501,-0.32975230901971,0.743635382768125,0.852113891229188,-6.64866420608787,"Timm17a"
0.0800154349125334,9.10970880622799,1.11048012014038,0.27468088841506,0.477002658497641,-6.0895282330607,"Timm44"
0.090886273634795,7.30843758044866,1.27971152054746,0.209417817733623,0.403860059208666,-5.89286105381414,"Timm50"
0.0988695000959086,8.20094978181252,1.05264807041275,0.300018380845886,0.505664284552619,-6.15082136618146,"Timm8a1"
0.0611083304314685,10.3910213293605,0.464302377705647,0.645427367590322,0.783212711548073,-6.59472841275191,"Timm8b"
0.574562977317543,10.786363826123,6.94850329112949,5.55205266992942e-08,3.37337368848844e-06,8.34080526766163,"Timp2"
0.0988770316261757,8.47938795260253,1.26214266666873,0.215593416368374,0.409498245234605,-5.9144607354068,"Timp3"
0.206505627674558,8.50254970284516,1.96937031034474,0.057206274202487,0.170503097401384,-4.84333311082882,"Timp4"
-0.122570910930424,7.42833763858696,-1.05363875528623,0.299571040536235,0.505664284552619,-6.14979714297518,"Tipin"
0.078704659773355,5.8697772587458,0.736145080184089,0.466754022906092,0.65348154844959,-6.43105183297158,"Tjap1"
0.228779459337265,8.24256309225438,3.63455196390853,0.000921139108327884,0.00819277693703266,-1.06794580522079,"Tjp1"
0.239135854199762,8.39170515235964,3.57664146171992,0.0010813133043818,0.00907723778158718,-1.219801790942,"Tjp2"
-0.0558458473457454,7.2096995171549,-0.745010581959525,0.461448129381533,0.649660222353733,-6.42449900573617,"Tk2"
0.0773849394512326,10.5204638671987,1.26629762156645,0.214120673481461,0.40804598425046,-5.90937696114812,"Tkt"
-0.165020338006953,7.85646301920307,-3.04874790986756,0.00445919294426556,0.0273529461751106,-2.54923321989816,"Tlcd1"
0.0140973499624977,8.09775657508843,0.234930553796685,0.815689363139849,0.895216857086889,-6.67576011489921,"Tle1"
-0.238834328912435,8.57009481526372,-2.38578292597622,0.022831460528454,0.0891829506160392,-4.0396087364249,"Tle4"
-0.24125892214255,5.32326976487426,-2.44515389832876,0.0198831494399507,0.0812210229347026,-3.9159635960665,"Tle6"
-0.192080890781085,8.9859802522967,-3.0345190355371,0.00462693430380116,0.0281467185694442,-2.58352022396156,"Tlk1"
-0.176345348711823,8.06731170496521,-2.27682296814961,0.0292924511787189,0.107632133715333,-4.26089185000347,"Tlk2"
1.51693106892259,5.56849672025146,8.05807688735749,2.35633921232995e-09,3.21162666156214e-07,11.4188027364659,"Tlr2"
0.0968891814177029,7.38389721962881,1.33396857409589,0.191191320865035,0.378257289573312,-5.82445480892207,"Tm6sf1"
-0.0976016885412683,9.86861242192509,-1.29101835635221,0.20551476414995,0.398619598310846,-5.87881710832883,"Tm9sf2"
-0.106074237796808,7.61705549025544,-1.30959382354507,0.199222934879161,0.389864672330465,-5.85550277531374,"Tm9sf4"
0.491088842347228,7.16503049330798,4.78215146672305,3.3730011498056e-05,0.000598945239382734,2.10411091518075,"Tmbim1"
-0.0829601434677766,7.23621985109712,-0.869292000213276,0.390858655890072,0.588563810586334,-6.32469711309511,"Tmc7"
-0.0830721844861638,9.26004120028065,-1.65103572981882,0.108054510473719,0.263342485128251,-5.37492416635516,"Tmed10"
0.338973554098265,7.94171396821868,3.10309845508478,0.00386998339956514,0.0246107519344351,-2.41744854623767,"Tmed3"
-0.150467519149389,7.76187919677,-1.73163631106823,0.0925173363170837,0.237316849973069,-5.24763369686289,"Tmed8"
0.149686378188357,8.39027621448688,2.43152218328283,0.0205276121898412,0.0831491954002965,-3.9445402216279,"Tmeff2"
-0.153278537427997,7.11983255359347,-1.47243980144535,0.150213771691033,0.323729936170035,-5.63841790489904,"Tmem108"
0.731758546928713,6.74211718000135,6.55529385457752,1.75080738816983e-07,8.82932165854043e-06,7.22079924630511,"Tmem119"
0.126260852521931,9.01606372895994,1.50496141035628,0.141682943663185,0.31338030039186,-5.5923823943252,"Tmem126a"
-0.00970386066125257,7.17543098185809,-0.114338596143949,0.909650314969779,0.950158769343951,-6.69710512301544,"Tmem134"
-0.0129034898791542,6.51152479435691,-0.173368679516846,0.863402500107642,0.92444560680315,-6.68849505173184,"Tmem136"
-0.0525325181476903,7.7806707855957,-0.563531271494378,0.576817335254445,0.736800866688999,-6.54340188032175,"Tmem141"
0.0878885122629637,5.40754052553191,0.727894738078623,0.471723383589777,0.656767191226882,-6.43708176439252,"Tmem143"
0.308520337637553,8.74651476416293,1.50445692236089,0.141812244448357,0.313528780689638,-5.59310321933012,"Tmem14c"
0.319422037572439,8.59388925557193,2.53409984718344,0.016111937131599,0.0703484839434233,-3.7268191343136,"Tmem160"
0.232426945492811,6.06630319629452,1.75550615973972,0.08829246508641,0.229989101978701,-5.20896442401914,"Tmem17"
5.13417188925262e-05,8.50494848071739,0.0011691869279407,0.999074042387135,0.999368991016916,-6.70373522085532,"Tmem183a"
0.0981987948177262,7.8170060125277,1.55923992193609,0.12831563803975,0.2958828361383,-5.51360331770983,"Tmem19"
0.0591146906094749,6.35460914776745,0.575936062759859,0.568498563780289,0.7308025126546,-6.53630092944197,"Tmem2"
-0.256478439583754,8.53559676962381,-3.37576177635314,0.00187259883048652,0.0139982150841464,-1.73798414924509,"Tmem25"
-0.0785610396151681,7.66133086318031,-0.908927202895699,0.369866253277504,0.572333696004434,-6.28977738173494,"Tmem35"
0.179914276582778,7.7341357090939,3.37033268932313,0.00190029578826163,0.0141345009737513,-1.75179308554017,"Tmem38b"
-0.00943088334649662,6.89377934855251,-0.0946810515261177,0.925130902315977,0.958782396296644,-6.69918883273057,"Tmem43"
-0.00904619412186667,9.3835859607974,-0.123986437125004,0.902065218508728,0.946155344621364,-6.69593917657747,"Tmem47"
0.0112261436013833,7.72670835798105,0.185051700742392,0.854301654290957,0.917428288455983,-6.68637282613652,"Tmem5"
0.0501509469680034,9.52625902713886,0.549307479988127,0.586429162433761,0.743192323967004,-6.55135738237677,"Tmem50a"
0.163175047364735,5.44718954207079,1.25997345990811,0.216365325317475,0.409669224419081,-5.91710882954848,"Tmem53"
-0.285769917827322,8.19699403166479,-2.89938295491036,0.0065459629013483,0.03651691472511,-2.90456006992504,"Tmem56"
-0.0245446124232087,8.3610960243423,-0.294329065108079,0.770318287430546,0.868092765030669,-6.65984608674685,"Tmem60"
0.0971204585980568,6.34413101393092,0.957374493085721,0.345220674112649,0.547984847198643,-6.24508584364728,"Tmem63a"
-0.174112085136474,8.61356999798635,-3.00617192048477,0.00497905878528655,0.0297708646168135,-2.65155821048635,"Tmem65"
0.0277819837010144,11.6997033547813,0.447614814751573,0.657305566120111,0.790553772941502,-6.60240013244934,"Tmem66"
-0.0939539197504136,6.09010691763736,-0.899928954601058,0.374566746799863,0.576225839734967,-6.29783522655183,"Tmem8"
0.194991588220811,3.75996782424999,0.568534617006336,0.573454831992957,0.734552379410841,-6.54055602757555,"Tmem87a"
0.0521044589305357,7.57248821063843,0.638767602520261,0.527307305575128,0.70275125317531,-6.49801088983805,"Tmem9"
0.182514342681609,6.88975897466505,1.43603017682723,0.160244817934922,0.336995253063307,-5.68890905221609,"Tmem98"
-0.0760569606656085,11.0154009257206,-1.32109608916261,0.195401310608451,0.383954722661105,-5.84091564861663,"Tmem9b"
0.209594223382811,5.46529476395673,1.36883678352761,0.180138050623117,0.364102681079111,-5.77914850872676,"Tmie"
-0.141136120519211,7.67839667059771,-2.16482680030595,0.0376029560863732,0.128043016572303,-4.48043901588356,"Tmod1"
0.0342530709153517,9.73153211449621,0.522140971595474,0.604999812740015,0.753709005841871,-6.56599658442593,"Tmod2"
0.139064932475855,7.50060395942983,2.23763189262087,0.0319916788666399,0.114340210151995,-4.33864780640368,"Tmod3"
-0.202617829829952,2.22569459669133,-0.537020504611035,0.59479416985364,0.749042798449699,-6.55806882212405,"Tmprss11a"
0.280622091885884,12.4734067523112,1.95186335947038,0.0593348853635545,0.175396147062371,-4.87452890237539,"Tmsb10"
0.0839104246341223,12.111155263542,0.750001281640575,0.458476811751247,0.64728403182014,-6.42077682204788,"Tmsb4x"
-0.100660915878908,7.5173520505909,-1.86005931953483,0.0716551517760637,0.19843873168956,-5.03446528889517,"Tmtc4"
-0.106154180458471,5.99300739402395,-1.41091929039195,0.167466218255127,0.346261639467243,-5.72308129002036,"Tmub1"
0.0469141164944294,9.05004346838765,0.651101367927995,0.519412113811216,0.695907356522307,-6.49004048160964,"Tnfaip1"
0.637064699738599,6.7148636459293,6.51171257184424,1.98996131299548e-07,9.74308242857882e-06,7.09593878764559,"Tnfaip8"
-0.0880650373654392,3.67772173806026,-0.349293379234505,0.729050051707886,0.844031086033717,-6.6419560799235,"Tnfrsf10b"
1.43965552757648,6.74677248243762,6.6931865706365,1.16869807813004e-07,6.20394148211556e-06,7.61496689896166,"Tnfrsf12a"
0.0264705236666739,8.12057558391058,0.289880976704439,0.773689798647544,0.868724927357522,-6.661160976664,"Tnfrsf19"
0.0203174310472676,8.45016343719476,0.271647324494443,0.787556360326081,0.877130460495677,-6.66634272505832,"Tnfrsf21"
0.534505935885739,3.85740287048408,1.57392701745137,0.124880161793326,0.290618669092635,-5.49187216790482,"Tnfrsf25"
0.0595719760262487,7.17374377190336,0.691530545165796,0.493985884085472,0.674565614254815,-6.46287380916642,"Tnip1"
-0.124831134563487,6.61253343152796,-0.947654193227249,0.350075773379405,0.552511609544545,-6.25422897798475,"Tnnc1"
-0.407135932605443,5.34191431362827,-2.82700826994564,0.0078598217631997,0.0418554183229314,-3.07294265885008,"Tnnt1"
-0.158081854487146,7.19878868108657,-1.70099825244894,0.0981875166777314,0.2475798233029,-5.29661971615487,"Tnpo2"
0.0563144637217481,8.0635237054522,0.55457570265337,0.582860079997972,0.741140540451279,-6.54843408951807,"Tnrc6c"
0.0295023420115407,8.13138398439592,0.346586200819991,0.731064710683239,0.845199297564322,-6.64290828478691,"Tob1"
-0.00655838288890506,7.95742869118658,-0.120782932336527,0.904582802124771,0.947416629515103,-6.69633678109405,"Tob2"
-0.0995269591476482,6.58103826283726,-1.89585239403549,0.0666124835066171,0.189361191839836,-4.97284370385093,"Toe1"
-0.102937991328159,8.89327604769693,-1.91996084637142,0.0633907338424958,0.183092480393875,-4.93080686052779,"Tollip"
0.0427676744741766,8.03279170885919,0.613789221924061,0.543490577025734,0.713941906731122,-6.51369670482562,"Tom1"
-0.0527077075735964,8.42112857277616,-0.648540463774945,0.521046160643225,0.69717460649944,-6.4917076318337,"Tomm22"
-0.0626684657311141,8.55949211817782,-0.933966905731815,0.356988700368643,0.559553035532641,-6.26695364873816,"Tomm34"
0.149287435027964,10.0232471396227,1.17979157522531,0.246373982820158,0.44612710784993,-6.01207202740594,"Tomm7"
-0.0414722924037578,9.76792519912637,-0.627158006733467,0.534797000218881,0.708240880279364,-6.50537742088414,"Tomm70a"
-0.0631284365995065,8.5099473698039,-0.872268640414457,0.389256286844378,0.587079380202272,-6.32212619496184,"Top1"
0.190985689897174,6.08388571906932,2.39206557820972,0.0225016738950594,0.0883081256441902,-4.02662539478141,"Top1mt"
-0.00664908171095961,7.09694381666221,-0.088204024368871,0.930238452397649,0.96072638248699,-6.69978960453776,"Top3b"
0.0919311995105206,7.61530347951882,0.927936596227492,0.360062714492607,0.562362063493553,-6.27250412611032,"Topors"
0.0661457385762464,7.39482450042133,1.03694502911647,0.307171219950706,0.51310515475701,-6.16693557340109,"Tor1b"
0.121291243729183,6.73903671472207,0.703623019843454,0.486518154601679,0.668010490571058,-6.45443927431716,"Tpbg"
0.161831803029117,6.60306396716136,1.43257960808849,0.161222311938638,0.338768382961063,-5.6936363429479,"Tpcn1"
-0.00414667977631306,9.48355124754626,-0.0937703037267555,0.925848895439333,0.958851607666679,-6.69927587822766,"Tpd52"
-0.100928521511142,7.79954011233752,-1.00914527099307,0.320121643366315,0.525854543158413,-6.19490605750074,"Tpd52l1"
0.0809898506971112,8.36050607220601,0.964808570362281,0.341537920034189,0.544360503415497,-6.23803361982766,"Tpd52l2"
0.108659770080341,13.4354314784061,1.10109292590421,0.278686577218515,0.481306989353756,-6.0996845484829,"Tpi1"
0.273061993209012,8.74763574212563,3.79460730205307,0.000588912492800474,0.00580800309070371,-0.643013909790028,"Tpm1"
0.0683669602156543,9.39261264981085,1.05336079549789,0.299696505356129,0.505664284552619,-6.15008460365257,"Tpm3"
0.832065855944032,8.14532204323148,6.60170270102717,1.52788431104347e-07,7.94342327896106e-06,7.35361489580452,"Tpm4"
-0.0435081887576329,7.94962436115125,-0.541989625306273,0.591404318634624,0.746733094360142,-6.55537253114443,"Tpp2"
0.0240775392429285,8.5169364424466,0.304836629449671,0.762371988052595,0.862994822839335,-6.65666087908341,"Tpr"
-0.230036085420643,8.76899252626861,-3.27614042805467,0.00244811355154251,0.0172141982670846,-1.98962501948609,"Tprkb"
0.218545615884971,8.01547078625359,4.06551687207729,0.000272765415395095,0.00314053878958325,0.0917507357121403,"Tpst1"
-0.112497896239846,7.00811738235033,-1.98102378749931,0.0558264353318143,0.167379734469881,-4.82244578623197,"Tpst2"
0.168913600491865,8.42119647666611,1.95508446418862,0.0589381611055917,0.174735535835096,-4.86880574262003,"Tra2a"
0.100932221549135,5.98816440509576,1.1750483137962,0.248240417948948,0.448540461381779,-6.01751041814711,"Trabd"
0.0885140152716841,8.0077554540285,0.681219735028216,0.500403656902589,0.680565167680625,-6.4699534141485,"Traf3"
-0.0480634564586201,6.25313857392176,-0.607735852476441,0.547451068601412,0.71746251012394,-6.51740603857684,"Traf6"
0.154528981255091,7.25337599938769,1.81036191456514,0.0791961162750828,0.212778910162623,-5.11844160111633,"Trafd1"
-0.093738349854557,8.50032818022031,-1.11703851458417,0.271906791367729,0.473816844805617,-6.08238501407608,"Trak1"
0.145854532837841,9.00834341115872,1.69608777726613,0.0991227434968678,0.249190426448008,-5.30440276417984,"Trak2"
0.121879801938471,8.11996082195697,1.50698791036031,0.141164503173359,0.3131732727703,-5.5894847584005,"Tram1"
0.034514043419033,7.89458925864336,0.668403215757648,0.508445080172897,0.687423200887915,-6.47860928686719,"Trap1"
0.0801310312127313,8.35141269963267,1.32189443855838,0.195138157928688,0.383920518052984,-5.83989892435454,"Trappc1"
-0.0669860146743086,9.08950042050223,-0.774674428270665,0.443952881709396,0.636218920846969,-6.40202243608363,"Trappc2"
-0.260432257471381,9.58336577214476,-3.738483169294,0.000689396722096189,0.00657913604339035,-0.792858764959933,"Trappc3"
0.0157022961740866,9.13745016729902,0.203462159012403,0.840001777070186,0.909235664684471,-6.68274838987932,"Trappc4"
0.71161175183544,6.54130221224516,4.85087925785184,2.75267789316136e-05,0.000504791076916827,2.30074145727282,"Trem2"
1.17987892455375,3.77945832344532,2.85051356359873,0.00740819754543317,0.0399567275097535,-3.01853746787875,"Trh"
-0.611386542716658,6.27641377909887,-5.14014050684463,1.16679548203773e-05,0.000253772425483209,3.13256241831812,"Trhde"
0.281433553279481,5.93680803909586,1.40472941992321,0.169284998075294,0.348542226209675,-5.7314227598727,"Trhr"
0.181210862697983,7.93267872156527,2.18679247465587,0.0358241251414717,0.124014720028395,-4.43802789856463,"Trib2"
-0.0358227178032069,6.07531768423505,-0.618770868638596,0.540242488626244,0.711528563630751,-6.51061713873256,"Trim11"
0.110973286811006,11.0624360778496,1.09002001192606,0.283464772030592,0.487389309700059,-6.11156166653491,"Trim2"
-0.266668545037037,8.48297260728251,-2.01933668643281,0.0514922104161595,0.158822762769843,-4.75309370693768,"Trim23"
-0.148716438252615,6.33942914151625,-1.85128455161703,0.0729401483434735,0.200784480401821,-5.04942692679564,"Trim26"
0.103347120528185,9.18925629767269,1.24889538641673,0.220339883628516,0.413845077519034,-5.93056799748276,"Trim28"
-0.00490675924669338,7.97503549499976,-0.0535217518538354,0.957633351918787,0.978194246248013,-6.70228277497996,"Trim3"
-0.221069262918419,9.31238461076031,-2.28410156886151,0.0288142988192491,0.106143541961631,-4.24634251755925,"Trim32"
-0.221570919286744,8.05665917340686,-2.58316051775214,0.0143245487372646,0.0642693054110547,-3.62054354021088,"Trim33"
-0.0442832227493596,8.94246452925669,-0.70119827164648,0.488010432679762,0.669442453046045,-6.45614192106971,"Trim35"
-0.0414722883633333,5.73271987005921,-0.35439910410036,0.725255742640378,0.841957806200605,-6.64014021334441,"Trim36"
-0.339163543164334,9.60461155218823,-2.79582549661652,0.00849878653627433,0.0441849283530221,-3.14469379206248,"Trim37"
-0.141105115779614,6.15908770154361,-1.33294170449434,0.191524581299242,0.378619546645267,-5.82577319329158,"Trim39"
-0.190230039664559,7.80430254105112,-1.99343192344616,0.0543891729567649,0.164310502340075,-4.80009926420797,"Trim41"
-0.0630065117103952,6.49524022139543,-0.588141581592352,0.560372357234436,0.724790407164211,-6.52916617267606,"Trim46"
-0.0305304745208488,7.81521427829227,-0.342566640828773,0.734059608584858,0.845367117171372,-6.64430852943647,"Trim8"
0.00661932190877959,8.89627035792421,0.0511241527982364,0.959529496934999,0.979325008792297,-6.70241004563229,"Trim9"
0.365471276853285,6.16432570055047,2.70087855438645,0.0107554928191808,0.0524057490696898,-3.36011014044909,"Triobp"
-0.0487229483971641,8.79010298883524,-0.453422149995408,0.653161429355136,0.787447546793677,-6.59976180295266,"Trip12"
-0.0231855089571724,6.41802969869106,-0.366737420975425,0.716115768427669,0.834999264781673,-6.63564411943864,"Trit1"
0.133853415620465,9.10309044105947,1.20151400049411,0.237957674698915,0.436371110366048,-5.98690922195702,"Tro"
-0.0202052470055876,8.61765081594323,-0.338853084649507,0.736830273386817,0.847132396361864,-6.64558776115044,"Trove2"
0.232848323879016,5.73885354216325,2.4637901875266,0.0190319396996636,0.079124544027538,-3.87671698285725,"Trp53"
-0.0980784866196411,9.15164763237348,-1.36919025843264,0.180028592735635,0.364027342889257,-5.77868386760051,"Trp53bp1"
-0.0638221945522126,6.91719836163986,-0.77662613939939,0.442815829984827,0.635431912260897,-6.40051391943044,"Trp53bp2"
0.0723587820392043,6.77132560236979,0.732778748383727,0.468777963444064,0.654860739514796,-6.43352013121386,"Trp53inp1"
0.0728441144203991,8.62530283512592,0.794455488519067,0.432509431351866,0.625963899385277,-6.3865639650806,"Trp53inp2"
-0.270566214834381,5.65893318633336,-3.73457193011254,0.000696988556890561,0.00660697987293064,-0.803268297072355,"Trpc3"
0.0538745297069305,8.16869757916851,0.605857070321761,0.548683312659242,0.718144289058022,-6.51854999268897,"Trpc4ap"
-0.346266170548947,4.75014236324221,-3.04893566504853,0.0044570184991635,0.0273529461751106,-2.54878019084927,"Trpc6"
0.0025029744391659,5.5678974357369,0.0235570820081917,0.981345337798115,0.988598589395904,-6.70345439724283,"Trpc7"
-0.0892462017245129,6.74461769669364,-0.59869603859428,0.55339313187435,0.72127698574352,-6.52287843365765,"Trpm3"
-0.0251014147492924,7.43398514200472,-0.215611496988804,0.83059489387272,0.902749479137569,-6.68016891040714,"Trps1"
-0.295473883635127,6.24217841914169,-3.33920646337204,0.00206683089099385,0.0150621794556098,-1.83075387173406,"Trpt1"
-0.0161609898610847,6.22563772890271,-0.265503963446072,0.792244494612046,0.879170213573556,-6.66801313207411,"Trpv2"
-0.0137507685183123,8.13555458665634,-0.152795666437163,0.879473861757202,0.933134164704728,-6.69189638762064,"Trub2"
0.246090471884804,7.80725551229229,1.87408970297282,0.069640794600932,0.195218747733463,-5.01042346285402,"Tsc2"
-0.290856828127498,8.67603522063645,-4.03277591823161,0.000299579142262665,0.00341553099385843,0.00201664261991308,"Tsc22d3"
-0.0724645897613606,8.05662930883859,-1.27494422721794,0.211080177175211,0.404728526616818,-5.89874886746871,"Tsg101"
0.0024865759052385,9.22978363577519,0.0440694020196432,0.965110103928191,0.98100988370632,-6.70275070846101,"Tsn"
-0.147048104320597,9.43731706606394,-2.1257428929675,0.0409629668516914,0.135867630549908,-4.55510408099553,"Tsnax"
0.0529320547926129,8.42990301497384,0.674123068517978,0.504847564089926,0.684394157447715,-6.47476604039188,"Tspan17"
0.337545688674075,8.9875873811688,4.48444009887604,8.09761869755136e-05,0.00120461035668884,1.25850975687545,"Tspan31"
-0.253690332456922,11.5243312209204,-3.33270858537017,0.00210331930387068,0.0153059729428858,-1.84719231542824,"Tspan7"
1.75744386566524,7.82283726178742,9.8579439323832,1.92009593256472e-11,1.93660875758478e-08,16.0785261627446,"Tspo"
-0.132011627995826,9.43211473955511,-1.88406903714146,0.0682377887229415,0.192033018152787,-4.99323456479967,"Tspyl1"
-0.0860192547647241,8.79258968728842,-1.47397859451287,0.149801097491891,0.323254999850922,-5.63625952950101,"Tspyl3"
-0.222805241769084,8.94586170008099,-4.3655172502902,0.000114592951451291,0.00155766106244976,0.924135779595816,"Tsr2"
-0.227399150347662,8.69334687771101,-4.58565644314624,6.01809611289059e-05,0.000958119154660131,1.54474538554053,"Tssc1"
0.219281774905763,6.92488042753614,2.49500485285405,0.0176804842088193,0.0748637127330609,-3.81052303757069,"Tssc4"
0.247653716980655,7.64301973394894,3.4224411471897,0.00164992610057471,0.0127420785990785,-1.61881548869188,"Tst"
0.177232954892587,7.36587399167278,2.4449954301749,0.0198905340718536,0.0812210229347026,-3.91629643451988,"Tsta3"
-0.113950312996685,8.48193029141847,-1.68665822624426,0.100939485569672,0.252458222430626,-5.31929548593622,"Ttc1"
0.0748908349145701,8.60068374735182,1.69694733556274,0.0989585015156365,0.248901607552795,-5.30304173757703,"Ttc13"
-0.197939981434913,8.51408455876094,-1.707534026367,0.0969541793574201,0.245451648765038,-5.28623132152294,"Ttc14"
-0.164329086098411,6.8944543806138,-2.24120234261901,0.0317368512447291,0.113994972099123,-4.33160496056085,"Ttc17"
-0.173068939805601,8.78877739513048,-3.38134941466946,0.00184449764278555,0.0138213991271434,-1.72376072429801,"Ttc19"
-0.232203630983981,15.5128915504092,-2.98906067164935,0.00520371002312467,0.0308733054666091,-2.69245262335207,"Ttc3"
-0.109747086694405,7.5779183823799,-1.9007071976137,0.0659526022269564,0.188263537161697,-4.96441284723719,"Ttc4"
-0.0566652425268983,6.92182275513294,-0.461325031199369,0.647539841370979,0.784107293121671,-6.59611749741708,"Ttc5"
-0.0458791486387003,6.75007135487396,-0.874099582298504,0.388272742100602,0.586132016135763,-6.32054064517038,"Ttc8"
-0.291812438396296,8.16854801073092,-2.64671249279788,0.0122807550531006,0.0582066238090096,-3.48088015025599,"Ttl"
-0.154927278273205,8.67420913621788,-2.15671808228536,0.0382792092704452,0.129567764420714,-4.49601403923548,"Ttll1"
-0.143161660688189,7.43673291716191,-1.62409947156128,0.113705927029128,0.272667137426483,-5.41631960128295,"Ttll11"
0.31141609059576,11.9944469172554,0.559200202144198,0.579735857536824,0.739519728575195,-6.54584542169848,"Ttr"
-0.0870876194273297,10.2545242626459,-1.27293912901497,0.211782328970169,0.404859092113936,-5.90121930145424,"Ttyh1"
0.184851488633363,6.85270072921458,1.89655269083667,0.0665169474733835,0.189303028277806,-4.97162863660968,"Ttyh2"
0.0902777255005186,6.87750490989916,0.945204760425317,0.35130632632449,0.553636813642,-6.25651903191067,"Ttyh3"
0.0258141851374079,11.7400704814374,0.258163263565582,0.797856643322672,0.88295133147084,-6.66995920580074,"Tuba1a"
-0.0870747893874737,6.71728459291182,-1.50071197846767,0.142775041238758,0.314966987299674,-5.59844749989026,"Tuba8"
0.771312001211886,11.8102855550502,6.01749100110562,8.57111057350272e-07,3.17824342810104e-05,5.67234388116394,"Tubb2b"
0.187234112081361,11.1816862945552,2.85674673726211,0.00729257955582603,0.0395149896795794,-3.00406456113804,"Tubb5"
0.0216816770773996,7.54020408868737,0.314823007541719,0.754844006835567,0.859346745616,-6.65353070658118,"Tubg1"
-0.205074446040179,7.29224034457435,-2.92106799666133,0.00619437169333165,0.0351386011805079,-2.85361634475259,"Tubg2"
-0.209478492255735,7.26482779199717,-2.10084123621626,0.0432399557459565,0.141688821849811,-4.6021370963833,"Tubgcp2"
0.0554444669568357,7.86319862346597,0.599257303747809,0.553023240440575,0.72127698574352,-6.52254099908906,"Tufm"
-0.056071823746292,4.91111454217695,-0.540222144608781,0.592609001011951,0.747505550801218,-6.55633437856318,"Tuft1"
-0.0547960470505746,8.11047249095331,-0.572529278634078,0.570777206761803,0.732298791056077,-6.53826619494693,"Tug1"
-0.0564866555066037,8.33361944225788,-0.672362416266509,0.505953435164459,0.685524764517563,-6.47595244131221,"Tusc2"
0.153152146854209,7.60822005063878,1.26106286157736,0.215977403870028,0.409669224419081,-5.91577944198242,"Twistnb"
0.144601667254369,7.51152456443324,1.78661153167352,0.0830319188833541,0.220616420931904,-5.15791611355929,"Twsg1"
0.266357929320033,9.35700937332092,2.27191848541474,0.0296186512674901,0.108158478162167,-4.27067644658596,"Txn1"
0.0162020945599417,8.93282546375996,0.278251456603949,0.782525564463447,0.874230487724671,-6.66450460968091,"Txn2"
0.179494672323323,7.91756076466396,2.31170597410836,0.0270640642006563,0.101399759111374,-4.19085793363221,"Txndc5"
0.0292704274680067,6.88954692012406,0.350989855081148,0.727788543870687,0.843345042908979,-6.64135562453271,"Txnip"
0.052047294984976,6.73214783607179,0.575472666193172,0.568808241437447,0.730828015686381,-6.53656891975262,"Txnl4b"
-0.125954247814595,7.4759945925081,-1.92696189476866,0.0624807179527762,0.181399113779995,-4.91851987342135,"Txnrd2"
-0.143889665795128,8.1093553121087,-1.54949951144039,0.130636090149381,0.299045756978361,-5.5279183419037,"Tyro3"
1.2992263532864,8.35740664528002,6.74103296105941,1.01611967638484e-07,5.45137396596676e-06,7.75139938590431,"Tyrobp"
-0.0751973149817736,7.68779481098977,-1.3040191233792,0.201095545175524,0.39282764426498,-5.86253122453502,"U2af1l4"
0.06892349201447,7.31583414042331,0.840006730864516,0.406845797988197,0.603428160756125,-6.34954247407159,"U2af2"
0.379639583272754,5.22078160587206,3.16634011644701,0.00327740008363048,0.0215487987245743,-2.2625143183302,"Uaca"
-0.246915458583036,8.24540513187214,-4.29972728677213,0.00013875464064627,0.00182699648245206,0.740148396554615,"Uap1"
0.366123470157955,6.85513098854431,4.29677504519954,0.000139949082381277,0.00183792505846036,0.731909860096854,"Uap1l1"
-0.0924706096871262,7.90922956318448,-1.72840129340422,0.0931027731902227,0.238454690298778,-5.25284052490106,"Ubap1"
0.104595965302184,6.78293303552167,1.24114615973834,0.223152495667224,0.417727555920494,-5.93991853151886,"Ubap2"
0.00687561873309894,8.00221650389296,0.0627254950380266,0.950356982032781,0.974308913118247,-6.70174006478955,"Ubap2l"
-0.0585229908096567,13.323439708516,-0.776843296361934,0.442689423703318,0.635431912260897,-6.40034584819488,"Ubc"
-0.0524949595807895,9.43948182715505,-0.520400233596628,0.60619910248453,0.754457570046763,-6.56690973031612,"Ube2a"
-0.081791739485798,10.3677055046704,-1.47660700054852,0.149098301317205,0.322428273388794,-5.63256824762981,"Ube2b"
-0.0666211286195131,10.9326307870265,-0.892444243109669,0.378505880753111,0.5798577340906,-6.30447954906829,"Ube2d3"
-0.0260086446952457,9.61185882713205,-0.409048519024551,0.685101341020299,0.812168797076955,-6.6190678978583,"Ube2e1"
-0.112676583238727,9.20494464529346,-1.36491101451056,0.181357189998103,0.366167933014565,-5.78430171230012,"Ube2e2"
0.0851570887870381,10.0771532025882,1.60512527118024,0.11783115111577,0.279410139055142,-5.44513057604954,"Ube2e3"
0.0211405072429326,9.25988034826877,0.424973885927365,0.673566618259748,0.802266522409993,-6.61236511162789,"Ube2f"
-0.320578023203124,9.54469419906029,-4.69328386426305,4.38443415086168e-05,0.000739488341899513,1.85057804566191,"Ube2g1"
-0.0338914886443357,7.94387520450166,-0.454477952900989,0.652409199324891,0.787237205388098,-6.59927853270235,"Ube2j1"
0.171689335089213,8.17916454974669,2.06251719097905,0.046962730959943,0.149002691655372,-4.67369206157919,"Ube2m"
-0.223244797827218,7.56360223893276,-1.52184126718623,0.137410936138262,0.307847741653364,-5.56814277597574,"Ube2q2"
-0.111590428648808,9.04451232979695,-1.04254937996186,0.304604967883798,0.510257566523383,-6.16121050022784,"Ube3a"
-0.107971460114287,7.71665244053082,-0.840123528574016,0.406781236942918,0.603428160756125,-6.34944500299827,"Ube3b"
0.0197999643432736,8.26725486632581,0.34290639151935,0.733806302336271,0.845367117171372,-6.64419080214062,"Ube3c"
0.121325843424026,8.11146755035247,1.47757166693651,0.148841024788125,0.322286512669177,-5.63121204360311,"Ube4b"
-0.132059101389024,9.58802685897189,-2.09885337534045,0.0434264533596581,0.142023089684018,-4.60587345130738,"Ubl3"
-0.133109079644178,7.98656158162605,-1.06565809474975,0.294180787654885,0.500271919285739,-6.13729919031819,"Ubl5"
-0.0970626127685625,7.6135539070199,-1.09404043062331,0.281723212540162,0.484890839877145,-6.10726216165632,"Ubl7"
-0.198163419387891,9.56541927650415,-3.35011082885298,0.00200695720744358,0.014732292863374,-1.80313249067383,"Ublcp1"
-0.0965141535192838,8.27434565949354,-1.09112683056081,0.282984563271128,0.486729588191097,-6.11037948481071,"Ubp1"
-0.183935689588599,10.3326507277489,-2.64013467078625,0.012479040735488,0.0588147686252954,-3.49543858409327,"Ubqln1"
-0.128274375900368,7.94783191622953,-1.72810450208642,0.0931566383817874,0.238471536730637,-5.25331781008875,"Ubr1"
0.081443595235546,6.16727914459642,0.771001606503682,0.446097357650302,0.638317003723963,-6.40485130665873,"Ubtd1"
-0.322268695020675,7.41001680743581,-5.09051109656405,1.35228475599001e-05,0.000284148834352401,2.98943785726392,"Ubtd2"
0.0106579137198182,7.63283862285999,0.127786637559669,0.899080037772587,0.943613034440615,-6.69545402971066,"Ubtf"
0.256862410909277,10.4797206878782,3.07182390938056,0.00419933447058999,0.0261289918024378,-2.49343762433019,"Uchl1"
-0.340954039413723,8.9762531396982,-3.44697111612735,0.001543343773231,0.0121991891040814,-1.55588212357329,"Uchl5"
0.08593369237172,7.0695814750894,1.18822892440841,0.243079395757405,0.442544907149673,-6.00234842744084,"Uck1"
0.105308784451361,7.73774129187183,1.86011564595379,0.0716469662148445,0.19843873168956,-5.03436906288604,"Uck2"
-0.14829547598437,8.00951647632111,-2.27080520730251,0.0296931491303718,0.108285896945849,-4.27289532966395,"Ugcg"
-0.0551652929859884,10.2238233288997,-0.943328410905516,0.352250907423228,0.554778677743703,-6.2582694935105,"Ugp2"
0.174952426882127,7.20031059833337,1.57122703847782,0.125506034981742,0.291193490201001,-5.49588024301818,"Uhrf2"
0.0678346198809175,7.54959383417328,0.840665636504063,0.406481665276248,0.603428160756125,-6.34899242821745,"Ulk1"
-0.168503266507953,9.13952220632765,-1.4553188145805,0.154866629767582,0.329254811938414,-5.66229897665766,"Ulk2"
0.0705377328859097,6.91204843463745,0.901803283756574,0.373584466601058,0.575438749257525,-6.29616307489076,"Unc119"
0.0319087192383409,6.92135413031355,0.244490783021744,0.808338542410426,0.890054862309122,-6.67343899639074,"Unc13b"
-0.11841595846114,7.84648541152259,-0.947498121864995,0.350154095598724,0.552511609544545,-6.25437506160204,"Unc13c"
0.146852651719918,6.42179445215904,1.26003294329711,0.216344130553698,0.409669224419081,-5.91703626941033,"Unc5a"
-0.155779330916158,6.4212244818254,-1.83181903980665,0.0758612028831271,0.206236143471488,-5.0824117396843,"Unc5b"
-0.00673152987290501,7.03775900322852,-0.0895500922592341,0.929176737181921,0.960409568683835,-6.69966825213145,"Unc5c"
0.198482558400389,5.65511888245032,1.75318604406218,0.0886958591679256,0.230502007245814,-5.21274231261606,"Upf1"
-0.113693672706933,8.2315497321879,-0.992934774572724,0.327843168032917,0.534361052485456,-6.21088621134923,"Upf2"
0.154661089166225,7.31254141897413,1.36084650211416,0.18262614896864,0.367364846130376,-5.78962310717109,"Upf3a"
0.895129561968534,5.40461344584895,7.55988016678158,9.5770413972417e-09,9.11264523892262e-07,10.0537470524248,"Upp1"
0.00252829415637095,11.6131078883207,0.0238398699992016,0.981121443705957,0.988570517604224,-6.70344759786105,"Uqcrb"
0.10217986141737,10.1424557830284,1.12085152310532,0.270303193917289,0.471511244180177,-6.07821406294977,"Uqcrc1"
-0.0962847797458529,11.2301617899055,-1.30308708456942,0.201409933799866,0.392924679362756,-5.86370367818347,"Uqcrc2"
-0.00522512879206645,11.6369757097322,-0.0467455451881048,0.962992935414986,0.980293373697572,-6.70262742494343,"Uqcrh"
0.0438025589994783,9.0921451061928,0.861993180618985,0.39480540745337,0.592560616008138,-6.33096554558389,"Urod"
-0.179717762792181,7.4963138989413,-2.75650713816698,0.00937365709481777,0.0473660848989639,-3.23446411982503,"Uros"
0.123022814844051,6.78146898196138,0.776168227724879,0.443082449399499,0.635446669697802,-6.40086817716755,"Usf1"
0.0242172620874083,7.55062864225084,0.395345066865933,0.695088660564843,0.820152577264507,-6.62463264576088,"Usf2"
-0.143220195338884,4.65888697643731,-0.713269010277989,0.480607263906431,0.664210038881921,-6.44760944271318,"Ush2a"
-0.0981907562761214,8.32120225372054,-1.32265265843635,0.194888484336122,0.383615388956698,-5.8389327948066,"Usp1"
-0.162845071027845,7.73665107239717,-1.54313421201465,0.132170789594121,0.301155266204878,-5.53723122383565,"Usp11"
-0.0431919773576535,6.8748274284097,-0.559827954354152,0.579312393867637,0.739426069925207,-6.54549239709415,"Usp12"
-0.171356889944358,9.1817358111044,-2.19941648344056,0.0348360838250842,0.121576727148719,-4.41350896027317,"Usp14"
-0.0541966591063592,6.91332983670292,-0.764302953880332,0.450024384860447,0.641275211317105,-6.40997731956402,"Usp16"
0.0121894789314883,7.29013050665585,0.161491660044738,0.872673920204585,0.929915098041618,-6.69051094899602,"Usp19"
-0.510192137208606,8.74288582218672,-5.02190264134693,1.65796360355198e-05,0.000331790097329867,2.79182786145657,"Usp2"
0.0894010906219706,7.65101822383667,1.38203441546961,0.176086180939925,0.357777038871894,-5.76172771680728,"Usp20"
-0.0655699001413393,6.61477751642475,-0.93226497783403,0.35785452135335,0.560627633173328,-6.2685236095162,"Usp21"
-0.132784123906478,9.50230975899295,-1.41285795909124,0.166899741471643,0.345515351494867,-5.7204620543776,"Usp22"
-0.152727460004433,5.63931620425988,-1.82340410912662,0.0771545279655725,0.208851467810189,-5.09658306592897,"Usp28"
-0.234394309825362,6.5322070486501,-2.33422697813673,0.0257077973985404,0.0979927606053206,-4.14523544094616,"Usp29"
-0.156659684152366,7.40024084792402,-2.23940241211388,0.0318650864242513,0.114211535776474,-4.33515642325027,"Usp3"
-0.0238356304936707,6.93303458908874,-0.329165403367585,0.744074967847692,0.852319654300995,-6.64885974926386,"Usp30"
-0.23645820011403,8.81370724496244,-2.33935473043506,0.0254077065075005,0.0972162852180007,-4.13480345794757,"Usp33"
-0.107579723263949,9.27686537736147,-2.06337977503001,0.046875932701389,0.149002691655372,-4.67209267663786,"Usp39"
0.0521298432507478,7.25443212410513,0.699412829720374,0.489110906286874,0.669903938187047,-6.45739200257847,"Usp4"
0.0162983833401009,8.73028412567012,0.151572767839069,0.880430880754459,0.933560330455159,-6.69208507881343,"Usp47"
-0.108913046801687,7.75847441022114,-1.9726920521634,0.05680997149229,0.169723155352854,-4.83738922858354,"Usp5"
-0.152903569872187,7.13278300106593,-1.54650561419959,0.13135612219221,0.299987413522528,-5.53230275489802,"Usp54"
-0.105502167749256,6.99760327730892,-1.52059538305342,0.137722660088193,0.307997948924505,-5.56993991335793,"Usp6nl"
-0.00825157503483976,9.42677492249335,-0.099736764418243,0.921146378457389,0.956078661145927,-6.69869033888236,"Usp7"
-0.044132039692862,7.22914471770882,-0.473816212049239,0.6386972401663,0.778007290376485,-6.59023061114655,"Usp8"
0.292495194946213,6.8706779212381,2.4036387250829,0.0219054843685577,0.0869837461973517,-4.00264620809443,"Uxt"
-0.44013023730255,7.94601423460627,-2.49168837075604,0.0178197840413512,0.0753270502267677,-3.81758304313789,"Vamp1"
-0.0918534642752588,10.2749026462571,-1.23317970362723,0.226071850338677,0.421107711077572,-5.94947590190383,"Vamp2"
0.289260380219773,9.71334447412934,3.99378406645305,0.000334887267392685,0.00371448897237013,-0.104532598974103,"Vamp3"
-0.00908809158763966,10.021262520275,-0.207907099923448,0.836557337180497,0.906472596047887,-6.6818219690496,"Vamp4"
0.613820455347284,7.06024568526504,5.1294529765179,1.20446987490789e-05,0.000260692771637788,3.10172924209004,"Vamp8"
0.0218661269285923,10.5641837764277,0.268657610684287,0.789836883915186,0.87839919161871,-6.66716039336691,"Vapa"
0.0830279376123114,8.94202982405805,0.836959467273145,0.408532459044437,0.604156582525368,-6.3520809141495,"Vapb"
0.143393130399798,5.90606000659477,1.15034364905588,0.25812872919516,0.459001092858556,-6.04550925970902,"Vars"
0.392104917628571,5.3828119984728,3.63964203881945,0.000908213251588339,0.00810640606683185,-1.05454853644186,"Vav1"
0.298429180095037,6.22027319848219,3.40335405403024,0.00173771760815509,0.0132376282446014,-1.66763773252268,"Vav3"
0.00206903136170535,9.20598443609096,0.0163603920670787,0.987043699448798,0.991368527448773,-6.70360012955886,"Vbp1"
0.414793612285349,8.10517216195341,5.65716954648192,2.50236183892276e-06,7.21109185924999e-05,4.62890595489272,"Vcam1"
0.166852811038312,7.58280933451833,1.86457085052797,0.0710020508841987,0.197388832750283,-5.02675047907776,"Vcl"
0.128477963233511,9.99318102760137,1.61448871640602,0.115780329487566,0.275935823065121,-5.43094897139317,"Vcp"
-0.0126191882001734,11.5625100467977,-0.213411434559718,0.832296502163994,0.903610605040479,-6.68064707501869,"Vdac1"
-0.0206623224079858,9.99695750937514,-0.344489160499735,0.732626644620515,0.84526107728695,-6.64364082826928,"Vdac2"
-0.0197852365629485,10.1555906330166,-0.403909632178265,0.688840034532652,0.814876916290913,-6.62117671753846,"Vdac3"
-0.253569096022672,7.21715740611442,-2.53250412743043,0.0161733739837623,0.0704946629214462,-3.73025284674438,"Vegfa"
-0.147583482221168,7.77393493875925,-1.84914172175016,0.0732569264055032,0.201436575715896,-5.0530718900601,"Vegfb"
-0.146532478330274,6.53433295926633,-2.12964503961685,0.0406159436984425,0.135352822887175,-4.54769573905702,"Vegfc"
0.00295051940396965,8.1958358849292,0.0507419855638691,0.959831756903464,0.979325008792297,-6.70242979324806,"Vezf1"
0.14545856694349,8.70048796960287,1.59641214001102,0.119766202408805,0.282234092872712,-5.45826384481471,"Vgf"
-0.0367444062177727,5.81402313761748,-0.292091385289707,0.77201381598037,0.868724927357522,-6.66051005237774,"Vgll4"
2.43131300626246,10.4521553295815,10.8594544802307,1.58509634298455e-12,3.99682042883555e-09,18.474637455328,"Vim"
-0.460872860627476,8.80270681589579,-5.7056772310802,2.16583150270626e-06,6.50136206437361e-05,4.76948487891768,"Vip"
0.167397773821671,4.12248150477845,0.976925699287044,0.335591762742873,0.541166403722356,-6.22642842964315,"Vit"
0.516683174850284,8.81130441542835,5.79054497374337,1.68240364288987e-06,5.36984909562888e-05,5.01539531471176,"Vkorc1"
-0.127815271503221,8.35113991283942,-2.10408139160719,0.0429374855867553,0.140972486858078,-4.59604115745394,"Vkorc1l1"
-0.225012798837763,10.2882645650388,-2.58392873895372,0.0142980729254989,0.0642372226444457,-3.61886863110162,"Vldlr"
-0.112328662733977,7.78707527682874,-1.56267941134944,0.127504292557231,0.294820792006472,-5.50852996732244,"Vps11"
-0.0795736368197283,7.5062809388643,-0.982167450860001,0.333041224017836,0.539000928344655,-6.22136577279844,"Vps16"
-0.109273495105685,7.09968571238573,-1.14413953390485,0.260656259905597,0.461926657502931,-6.05245441926057,"Vps18"
0.400198215853693,5.6082366359444,3.24880990548144,0.00263346202695806,0.0181153947379065,-2.05799890424757,"Vps25"
0.143550236299844,10.1322792201316,1.42094171582715,0.164553885964154,0.342769618718392,-5.70950618068531,"Vps28"
-0.0836408719925644,11.7742161135919,-0.75425665591246,0.455952164516968,0.645345710260755,-6.41758409115626,"Vps29"
-0.212509340381026,7.92017724555206,-2.03159606665137,0.0501689052013349,0.155406504256961,-4.73068338558372,"Vps33a"
-0.126616309361027,5.58640122480832,-1.54991643310635,0.13053607480755,0.298952509198217,-5.52730719942294,"Vps33b"
-0.0837673501558499,9.95075670587797,-1.40005848742096,0.170667688128445,0.350153438255389,-5.73769576341867,"Vps35"
0.0459447932246516,7.33970015791353,0.779250918924679,0.441289401085007,0.634384962848259,-6.39847940453889,"Vps39"
-0.321373332490588,9.62080883669239,-2.90106603602151,0.00651801670711619,0.0364151117256489,-2.90061410714963,"Vps41"
-0.159980581922727,7.76443768688459,-2.32793352932713,0.0260804842747145,0.0988901369905151,-4.15801652195951,"Vps45"
-0.0670433152510579,8.46709257105859,-1.33922045560183,0.189493844050629,0.375209668955074,-5.8176977405609,"Vps4a"
0.0669160098375948,9.72480598264261,1.00299196049807,0.32303788926383,0.528922102453732,-6.2010006077967,"Vps53"
-0.00412851474539109,7.63019296660165,-0.0631373818651508,0.950031445587638,0.974178239141614,-6.70171376883107,"Vps54"
0.060238390787963,6.60175709907853,0.74763503479231,0.459884206620687,0.648714501639119,-6.42254462089344,"Vrk1"
0.136805057606283,7.46031599297818,1.93352355906464,0.061638086491505,0.179676803570324,-4.90697164165646,"Vrk3"
-0.496932117327689,11.5252708471624,-6.43867375054504,2.46698303974216e-07,1.16270985695511e-05,6.88639877489782,"Vsnl1"
-0.0448837661521397,7.48126626065848,-0.531405388184651,0.598635835658793,0.750902469605045,-6.56108626311725,"Vti1a"
-0.0449945249131755,11.3279519363019,-0.48861045126004,0.628293412056568,0.769049436165357,-6.58305768664347,"Vti1b"
-0.0863116632410336,8.88439353592187,-1.26177885931026,0.215722731786803,0.409498245234605,-5.91490514781449,"Vtn"
1.34361205775343,6.14323587915631,7.1663942731986,2.95523235687449e-08,2.04153928434494e-06,8.95563727758824,"Vwf"
-0.129502496073861,8.97167480111389,-1.0254158878411,0.312497396755701,0.518055349059501,-6.17862208836008,"Wars"
-0.0665625494480096,5.74506278193522,-0.836527357242062,0.408771983874295,0.604172659636011,-6.35244015584251,"Wars2"
-0.173485669203227,10.6070098060666,-3.20387372837276,0.00296765014566257,0.0199544795794351,-2.16977592431694,"Wasf1"
-0.00200905605560672,10.2886090320392,-0.0363084784837919,0.97125137659822,0.984448311686768,-6.70306715035946,"Wasl"
0.133068403327077,7.00407607029756,2.11923074117099,0.0415479496262181,0.137394301616405,-4.56744462282098,"Wbp1"
-0.149333060188349,8.63144367453938,-2.29476234329003,0.028126631539916,0.104372776199997,-4.22497165571111,"Wbp11"
-0.0846025807693612,9.48561799010517,-0.889352444629732,0.380140818352583,0.580572424879489,-6.30720876474903,"Wbp2"
-0.0624091687611152,8.54431454316413,-1.10800584587617,0.275732698012724,0.478006186345194,-6.09221300173325,"Wbp4"
0.0288401511650383,10.2127635796117,0.299305456389599,0.766551711950346,0.866170800664485,-6.65835142027589,"Wbp5"
0.13801482060938,7.50087459238287,1.6489150306426,0.108490861247596,0.263978885451937,-5.37820420091399,"Wbscr22"
0.257944640688044,9.53172748443642,3.38373057351075,0.00183264575724513,0.0137940784384884,-1.71769599908667,"Wdr1"
-0.145002760752063,7.45338749772464,-2.62302237796491,0.0130088407184466,0.0607440590214134,-3.53320198370859,"Wdr11"
-0.220558207241172,8.67903211126324,-3.76230796444876,0.000644856610227667,0.00624186542299064,-0.729356823635887,"Wdr13"
-0.298735427032986,7.30952412864258,-3.2429915522202,0.00267461497729154,0.0182518042361045,-2.07251710341687,"Wdr17"
-0.058317739426178,7.34446722178054,-1.0672935404267,0.293452632505563,0.499285298827784,-6.13558838869238,"Wdr18"
-0.0164746815851129,6.67261730430619,-0.182459754590753,0.856319027849143,0.919007630866829,-6.6868555728598,"Wdr34"
-0.348815693729279,8.76735017569728,-4.15616174272583,0.000210198390584112,0.00257288952358174,0.341393877691904,"Wdr37"
-0.0856175079275943,8.19072708804605,-2.03336360310255,0.0499805908137685,0.154918327888036,-4.72744360032033,"Wdr45"
-0.228410107662904,8.74558218753348,-3.69234950245821,0.000784284168441184,0.00716511786494364,-0.915359979752643,"Wdr47"
-0.0217455053554669,6.87787677286909,-0.356249092174382,0.723882660038125,0.840944541481746,-6.63947580494084,"Wdr5"
-0.0537468762653088,9.51841977834788,-0.5837928403379,0.563260914589277,0.726662776227609,-6.53172504521595,"Wdr6"
0.0204797592376298,5.13355836055597,0.208049154922116,0.836447310601807,0.906472596047887,-6.68179203246206,"Wdr60"
0.00188209609216171,7.52722248523391,0.0316383642646507,0.974947753645729,0.986093365751186,-6.70322812111624,"Wdr75"
0.0108713438714099,8.37841437203333,0.220092424590178,0.82713175642534,0.900896503985364,-6.67917989663802,"Wdr77"
0.0944138526811922,5.714392144908,1.07883011118388,0.288352071602545,0.493102576158574,-6.12345073665357,"Wfdc1"
0.844147619656789,8.59450854838928,7.50676154688531,1.11398503453619e-08,1.00318330877964e-06,9.9064863935208,"Wfs1"
-0.344090554620114,5.67958535327604,-2.66680317507883,0.0116930444688794,0.0561600221491035,-3.43626911364956,"Whrn"
0.12065914216986,7.73689727184504,1.50309893476628,0.142160768773747,0.314161593744963,-5.59504249891143,"Wipi1"
0.0275726213676096,7.65793508436616,0.510295916143545,0.61318236462799,0.758655217080215,-6.57215093099518,"Wipi2"
-0.141096429085623,5.76500973369248,-1.2394198325658,0.223782714246395,0.418596523718313,-5.9419943690068,"Wiz"
-0.109061554190903,6.06774494304028,-1.08551497303499,0.285425297073359,0.48925893036742,-6.11636192862614,"Wnt10a"
0.0946654108590915,5.34741459802689,0.925418495958717,0.361351469350614,0.563654642726615,-6.27481176017489,"Wnt2"
0.0949717608894955,6.77065370364527,1.17178771411745,0.249529420630386,0.449259860135321,-6.02123717349423,"Wnt4"
0.0884079359764467,6.02191307687385,1.19056223317927,0.242174031101636,0.441215187444202,-5.99964818200439,"Wnt5a"
-0.0342128214353788,6.2445687846988,-0.390639055012646,0.698531395409738,0.822747920017093,-6.62650035750655,"Wnt7a"
0.398878342246493,7.17057848080972,4.79982897586364,3.20131666680273e-05,0.000572490778393126,2.15464239571063,"Wnt7b"
-0.00500289159604727,8.37889133208669,-0.0790521112314185,0.937460392525806,0.964622068865056,-6.70056597199026,"Wrb"
-0.0464520836688479,5.66086438169361,-0.490456423478076,0.62700060057744,0.76821283496405,-6.58214741938576,"Wrn"
-0.0144583500553623,7.45291637770145,-0.174160003544526,0.862785460805641,0.923981116764249,-6.6883556672765,"Wsb1"
-0.050106042146064,10.3305344778077,-1.08862990228368,0.284068707380107,0.488094886309329,-6.1130448466374,"Wsb2"
0.178257053188142,5.52016669011839,1.714407527063,0.0956711050485759,0.2431801324395,-5.27527013107086,"Wtip"
-0.0482342255193988,8.13240294664103,-0.570332744697154,0.572248775213731,0.733566490443021,-6.53952724459733,"Wwc1"
-0.110555134104653,8.08092196887079,-1.32361962232019,0.194570428985882,0.383402877402514,-5.83769995914762,"Wwp1"
-0.0802008435818836,6.67555490928509,-1.0427766529201,0.304501213517714,0.510257566523383,-6.16097772188879,"Wwp2"
0.260194813432537,10.7736410605531,4.56240646319515,6.44330980095514e-05,0.000999803425422054,1.4788709736058,"Xbp1"
0.0379941087222014,6.31140766641368,0.426146255456493,0.672720592077972,0.801826978456444,-6.61186166855265,"Xpa"
0.033607741289933,5.7685209411018,0.395626937172535,0.694882662787341,0.820152577264507,-6.62452007440871,"Xpc"
0.142782172487336,8.37221212626584,1.98697530548179,0.0551329820530128,0.165500725008665,-4.81174104499379,"Xpnpep1"
-0.0570084644476751,6.79627652399241,-0.603409791241063,0.550290562502782,0.71931449110978,-6.5200348981571,"Xpo5"
0.0123343441547016,7.24355998286014,0.138813343679668,0.890426802355745,0.938633437349503,-6.69396350972683,"Xpo6"
-0.0710389471502195,9.0119976490707,-0.699820895310157,0.488859268190497,0.669741181604096,-6.45710656722723,"Xpr1"
0.0998226188080017,6.18556631858309,1.47957084232518,0.148308972451639,0.321419366159157,-5.62839897550985,"Xrcc1"
-0.010704979877652,6.97786948709069,-0.146137165336305,0.884686877177125,0.936104893328628,-6.69290545990131,"Xrcc4"
-0.0689273740523898,3.94000707787648,-0.267291453459721,0.79087960286994,0.878556235712293,-6.66753102986617,"Xylt2"
-0.216067664324069,10.2991462091685,-3.69901666198832,0.000769827205229868,0.00709732832902052,-0.897694572444705,"Yaf2"
0.230524873418908,6.86885570870715,4.07337777883458,0.000266685797357352,0.00311318628720631,0.113330709340201,"Yap1"
0.0932909516129625,6.43512556317792,0.881001198407148,0.384579574605072,0.583464138006432,-6.31453549169977,"Yeats2"
0.264421050940576,8.51490962645838,3.37156338539939,0.00189398304995159,0.0141083552746024,-1.74866374098053,"Yeats4"
0.2409561270315,8.43006624720751,3.48710362680283,0.00138310404026141,0.011142162420189,-1.45246917356888,"Yif1a"
0.13052931162008,7.8185552724185,2.12263557543913,0.0412411796659374,0.136620203710769,-4.56099604141485,"Yipf3"
0.177088458068421,9.20951880285243,2.75739820744563,0.00935293262737633,0.0473660848989639,-3.23243841688453,"Ykt6"
0.104188795022736,7.50739320762098,1.17071093662806,0.249956171650989,0.449707090130552,-6.02246580075341,"Ylpm1"
-0.0214412388646368,7.82268492453336,-0.170926649733111,0.86530723384532,0.925335739845933,-6.68892119804716,"Yme1l1"
-0.15024515172549,6.76060958353011,-1.07331026886031,0.290784666552432,0.496420810231521,-6.12927336027826,"Yod1"
-0.0907736584338412,7.2182024057067,-1.13391318013227,0.264861399950496,0.466048862508846,-6.063826482712,"Ypel1"
-0.0120475399186558,9.57512929481206,-0.160283400162468,0.873618158518578,0.930216957717261,-6.69070802719072,"Ypel3"
-0.0463611032637388,6.9147072307892,-0.437061594843466,0.664864571048244,0.795698511079304,-6.60710853955671,"Ypel4"
0.00660561231048278,7.01944736243584,0.0895926845495594,0.929143144521118,0.960409568683835,-6.69966438231437,"Yrdc"
-0.106346522713968,9.35836650781588,-2.459449601458,0.0192271678248491,0.0794250336854314,-3.88587629600212,"Ythdf1"
-0.0152578770584358,9.00724584655044,-0.18669380572076,0.853024078903476,0.916856745509598,-6.6860634698979,"Ythdf2"
-0.0366099390125539,8.58032459587107,-0.457373665013633,0.650347983035019,0.786071384432591,-6.59794738813142,"Ythdf3"
0.0426375038751575,13.4414514913359,0.393053001409457,0.696764630993205,0.821401103550188,-6.62554508356408,"Ywhab"
-0.0508991020105114,11.1588686078453,-0.667199860856559,0.50920371851266,0.688079944388891,-6.4794137791365,"Ywhae"
0.00191777252288337,11.2215408070969,0.0326675060402892,0.974133140761899,0.985766019587021,-6.70319454908042,"Ywhag"
-0.0687689860777129,11.3613296221082,-0.718148990665598,0.477632543170925,0.662066184543597,-6.44411982843339,"Ywhah"
-0.0641350353173298,12.5354288641479,-0.82246602826868,0.416613986959354,0.610950639817312,-6.36403315480456,"Ywhaq"
0.0597824139509874,12.1951256215075,0.828169960996915,0.413421778681063,0.607666461198295,-6.35935321832576,"Ywhaz"
-0.0329378516381096,7.34609152360691,-0.257788385406218,0.798143543146502,0.88295133147084,-6.67005713044671,"Zadh2"
-0.0581926904992759,6.50466649400621,-0.352142589251147,0.726931804463422,0.843127205590855,-6.64094597489386,"Zap70"
-0.0610883952067168,6.95432303535678,-0.907320060519829,0.370702969010226,0.573100880661732,-6.29122215808275,"Zbtb17"
0.0090243162692317,6.53250394075243,0.150098412457743,0.881584928025511,0.933802308765522,-6.6923105561684,"Zbtb2"
-0.130645038073364,6.57182721704059,-2.62253757650133,0.0130241487435687,0.0607592804013107,-3.53426950783216,"Zbtb24"
-0.105488376991754,8.02508015994872,-1.92818249611839,0.0623232219179344,0.181046087633723,-4.91637403964474,"Zbtb33"
0.108995495666406,5.29696353585179,1.35515361897909,0.184415044242596,0.369403921529,-5.79705256398432,"Zbtb5"
-0.142539607135862,9.03189976375818,-3.22539261001132,0.00280286074387918,0.0189729217870909,-2.11634910439385,"Zc3h14"
0.0352904315956394,5.26410079368804,0.295998136683053,0.769054349292631,0.867630153669423,-6.65934755678355,"Zc3h7a"
-0.173348113695926,7.39531475573516,-2.36199552047674,0.0241202204223984,0.0930667724484739,-4.0885475398519,"Zc3hc1"
0.0168804858371905,8.11992863666195,0.139517514448514,0.889874654032781,0.938547879097328,-6.69386414078277,"Zcchc12"
0.0908235912437094,7.91412879662475,0.950603010430603,0.348598134375614,0.550745736734405,-6.25146458740366,"Zcchc14"
-0.112799360041245,9.03543174680997,-1.28656548021795,0.207045226972492,0.400663499471326,-5.88436125777428,"Zcchc18"
-0.078182950045799,6.79572588779986,-0.854513652276145,0.398875910846587,0.596893536617015,-6.33733674293662,"Zcchc3"
0.0181623515228331,8.09341300754761,0.357413560845134,0.723018853558341,0.840134580298321,-6.63905583492856,"Zcchc6"
-0.12230879934144,7.73053921700507,-0.886283231062885,0.381768292776135,0.581824569498352,-6.30990911303053,"Zcchc7"
0.112489031147136,7.09052713686837,1.44939379244649,0.156503229227469,0.331485503762297,-5.67050624729038,"Zcchc8"
-0.0288420330930157,6.22485714396866,-0.467052165274293,0.64347900241961,0.781943279325805,-6.59343766124301,"Zcchc9"
0.0574482008897463,9.27407121633349,0.622906207718448,0.537553931388794,0.710585707993103,-6.50804226979556,"Zcrb1"
0.424583986127636,5.65835890119423,1.26587256560774,0.214270987445213,0.40804598425046,-5.90989773256592,"Zdhhc12"
-0.0768469508016082,7.78937612055492,-0.851955857973715,0.40027395030291,0.598522923447909,-6.33950332910076,"Zdhhc13"
0.166409047528609,10.1935319437232,2.98753937895094,0.0052241394086567,0.0309430973105891,-2.69608193023994,"Zdhhc14"
-0.0616089567669195,7.14178102268323,-1.25622480924609,0.217704175012531,0.410616264309206,-5.92167530017524,"Zdhhc16"
-0.113585987632243,8.40490659413804,-0.986964718631544,0.33071845289531,0.536998996867392,-6.21671001920286,"Zdhhc17"
-0.28416391241849,7.99092455088836,-3.40755049033457,0.00171803938345556,0.0131672836029885,-1.6569149366368,"Zdhhc21"
-0.108642984566852,7.94599757252693,-1.05790142623732,0.297651552666947,0.503879415944751,-6.14537988997713,"Zdhhc3"
-0.0101580447726831,6.96609988671114,-0.169292186121731,0.866582540105041,0.925972611781871,-6.68920304894243,"Zdhhc4"
0.069135055843439,8.20728301289164,1.27348373123074,0.211591444107479,0.404728526616818,-5.90054865859425,"Zdhhc6"
0.0827198412721989,7.15427256354277,1.30574634822093,0.200513919497646,0.391934765901794,-5.86035647143349,"Zdhhc7"
0.0849738150043061,7.13999491967048,1.05794769992702,0.29763076278126,0.503879415944751,-6.14533184675481,"Zdhhc9"
-0.0541035646181023,7.14261094358425,-0.52847855848648,0.600642923522737,0.750902469605045,-6.56264671583168,"Zfand2b"
-0.115196179132459,9.37451952508244,-1.15302601369561,0.257041461404344,0.457880639301345,-6.04249576802289,"Zfand6"
0.0830043129364508,5.36561991364555,0.565415083611061,0.575550177596656,0.735839872444964,-6.54233328292318,"Zfhx2"
-0.0785714223299898,8.18709874363246,-0.88715597995584,0.381305056882615,0.581470033824925,-6.30914215879714,"Zfml"
-0.271628396658468,6.39019434661333,-3.83019155372753,0.000532739021257375,0.00536248080678831,-0.547559978431205,"Zfp101"
-0.30512583660251,8.46963996229332,-2.27075535160804,0.0296964892873507,0.108285896945849,-4.27299467887563,"Zfp106"
-0.15075534609488,5.72958243086363,-1.52181053120803,0.137418619525975,0.307847741653364,-5.56818712676652,"Zfp11"
-0.146863684710753,8.57551297135672,-1.41724777376975,0.165622605714146,0.34385953092484,-5.71451942772992,"Zfp131"
-0.228696582395181,9.48338974864454,-3.03269310904952,0.00464888697937994,0.0282461892012205,-2.58791360618475,"Zfp148"
-0.164873931336916,6.52266588116945,-2.75665124837952,0.00937030248445459,0.0473660848989639,-3.23413653609854,"Zfp160"
0.223687763964085,4.67451819266229,1.12229430172123,0.269698190207747,0.470935733458732,-6.07663240962899,"Zfp185"
0.0101634348778629,8.46332469421276,0.159704887814098,0.874070324589401,0.930216957717261,-6.69080186466687,"Zfp191"
-0.208428919604057,6.63543120713809,-2.84194472968835,0.00756994479827622,0.0406119485294755,-3.03840242825805,"Zfp2"
0.104766258791477,8.24069910425314,1.55228286467036,0.129969567207971,0.298468364039069,-5.52383568582505,"Zfp207"
0.010136372221981,6.62429899342689,0.142187875946289,0.887781302748951,0.937805008329066,-6.69348274988902,"Zfp212"
-0.00748450544979088,5.66976117214191,-0.096574849613925,0.923638120757933,0.95795327967631,-6.69900513917099,"Zfp213"
-0.0243326293690121,6.17597445059602,-0.274528198645415,0.785360657993651,0.875961982017454,-6.66554630121338,"Zfp219"
-0.0459384824496121,7.29448853336896,-0.500987432955267,0.619648271480324,0.763876128859297,-6.5768897928486,"Zfp236"
-0.344879720160457,7.44772061884014,-4.64690886242196,5.02616152725606e-05,0.000828331130129161,1.71862593470364,"Zfp239"
-0.109910358673276,7.1686196424074,-1.99746504503454,0.0539290049798686,0.163145754117263,-4.79281219366762,"Zfp251"
-0.00481216992399113,6.94574159512092,-0.0798370866427289,0.936840734462068,0.964306693795776,-6.70050271143171,"Zfp263"
-0.170212869706249,6.13616478637085,-2.31547453836682,0.0268327079872982,0.100716170141906,-4.1832458285908,"Zfp27"
-0.167563852481892,6.89471534428523,-2.01276729452723,0.0522138112850335,0.160069453076246,-4.76505911932006,"Zfp275"
-0.031356038481931,6.26296963818801,-0.39237904372623,0.697257727355774,0.821750577016866,-6.6258123763327,"Zfp276"
-0.0387232134342317,8.14718684399907,-0.592911842257217,0.557212465405418,0.722928341404559,-6.52633788405821,"Zfp277"
-0.267682030568359,8.1969831116876,-3.1688825292142,0.00325548222921955,0.0214606495188944,-2.25625074699304,"Zfp281"
0.0260892911330307,5.90552437412893,0.30785117285071,0.760097034552014,0.861192843236533,-6.6557265578041,"Zfp282"
-0.214171010147257,6.28198332643745,-3.1797956953959,0.00316297570721568,0.0209604290295515,-2.22933445618187,"Zfp286"
-0.187613975932369,8.35140494649703,-2.27391460130929,0.0294854964876676,0.107828396510013,-4.2666959879341,"Zfp292"
-0.130960553315109,6.35136859767315,-0.909036802995212,0.369809237621817,0.572333696004434,-6.28967876569724,"Zfp30"
-0.0966817092810689,8.15606302079703,-1.23562623061834,0.225172290396911,0.420260496103486,-5.94654676835752,"Zfp318"
0.0802167563121032,7.69117616837939,1.01255781261027,0.318512111818824,0.524577589778684,-6.19151099545988,"Zfp326"
-0.092351307281593,7.82795290221987,-1.22410969735685,0.229430176706871,0.425530114429111,-5.96028884908616,"Zfp330"
-0.117075362342294,5.95488101003405,-1.20521071472612,0.236546763043094,0.434909942076352,-5.98258511851569,"Zfp334"
0.0520000356715179,6.88807113678886,0.777965408062982,0.442036590288223,0.634735343059085,-6.39947665453098,"Zfp346"
-0.0488234030349113,6.67618341318379,-0.522378122272023,0.604836512732434,0.753709005841871,-6.5658719491858,"Zfp35"
-0.131966399104561,5.73401108670173,-1.74323272202575,0.0904440763030319,0.233423478401325,-5.22890242208923,"Zfp354a"
-0.329131325875564,10.3007383155623,-4.6275655794109,5.32053774012238e-05,0.000862748290142675,1.66366424586546,"Zfp365"
0.470434528411639,8.66514348132929,6.35256581654458,3.17968702543753e-07,1.42443694950032e-05,6.63893702016188,"Zfp36l1"
-0.143796609414044,7.73378582578518,-2.32500559813075,0.0262555287981279,0.0994790621554913,-4.163954289223,"Zfp37"
-0.149056329646251,6.04137686168144,-1.98696574105791,0.0551340904252544,0.165500725008665,-4.811758268374,"Zfp39"
-0.0557140349302693,5.72351262425159,-0.802661495538944,0.427815050910579,0.621752642387017,-6.38004104268715,"Zfp41"
0.332161268673444,7.47688118777301,2.2541320231821,0.0308291937817457,0.111769679540865,-4.30603169018126,"Zfp428"
-0.0891001529957345,8.19792846047305,-1.00998289553151,0.319726062368654,0.525854543158413,-6.19407372118783,"Zfp451"
0.0135152728235937,7.44108481999277,0.111976209262177,0.91150895564944,0.95138772425263,-6.6973762429045,"Zfp46"
0.0422372340458463,6.90204459385051,0.414114461511154,0.681423590018108,0.8089866574271,-6.61696318052622,"Zfp467"
-0.00722678114955495,6.08327622913871,-0.0996750989443517,0.921194966192357,0.956078661145927,-6.69869657519729,"Zfp472"
-0.14114869720396,7.77995225332268,-2.23606836104647,0.0321038459635416,0.11441674572024,-4.34172932862382,"Zfp512"
0.244637412913629,6.5517556484732,3.26120266663112,0.00254781477009368,0.0176734936527957,-2.0270315884228,"Zfp521"
0.00166279467913186,7.93218005873987,0.0211770093030734,0.983229791647818,0.989601894536052,-6.70350840892211,"Zfp523"
0.0395102472143863,7.13157223512196,0.342019823014379,0.734467360372322,0.845450558858165,-6.64449776439971,"Zfp532"
-0.206896733936271,6.11707128559235,-2.31532804090318,0.0268416681877298,0.100716170141906,-4.18354190493589,"Zfp536"
-0.363914665578259,5.12978719606437,-2.11791350418679,0.0416671710657192,0.137698259295165,-4.56993729119055,"Zfp551"
-0.10569386787068,8.13383766418971,-1.09211849495047,0.282554805374936,0.486156220916343,-6.10931934999569,"Zfp574"
-0.0924864475064546,6.64184060099434,-1.09713658390757,0.280387205673118,0.483581627294642,-6.10394104789063,"Zfp592"
-0.177034970927604,7.53042198014819,-2.84735757815902,0.00746739023613395,0.0401900202356708,-3.02585812996551,"Zfp597"
-0.2113782442347,6.22785841952647,-2.60668972500774,0.0135338173709033,0.0620356391726821,-3.56909496110561,"Zfp60"
0.136598714048397,6.86406411330202,1.75258617530621,0.0888004093777239,0.230502007245814,-5.21371841602858,"Zfp608"
-0.165006273173956,7.28802004370791,-2.23766597261185,0.0319892378959048,0.114340210151995,-4.33858062141025,"Zfp612"
-0.178291367197688,6.63613704828315,-1.73676060996479,0.0915963223693534,0.235433360707772,-5.23936943055508,"Zfp62"
-0.0846917903047094,6.05280519147728,-1.25430967611238,0.218390572687453,0.411563399874,-5.92400347347669,"Zfp629"
0.0521123920744606,7.97259165416859,0.629261491521516,0.533435829802832,0.707137077296823,-6.50405249995674,"Zfp637"
-0.0718012348299104,7.49617161363257,-1.16004131446196,0.254213600340826,0.454126527282602,-6.03458385282052,"Zfp639"
-0.153761169140666,6.55715501654555,-1.91619696102611,0.0638846880499462,0.183970513714127,-4.93739779021408,"Zfp64"
-0.0799187752018429,5.23890320486987,-1.17448379585867,0.248463237901764,0.448621592817256,-6.01815632499485,"Zfp661"
0.0392526538553945,6.54407881304027,0.567483375251938,0.574160513540405,0.734984557454607,-6.54115601062359,"Zfp667"
-0.12835862738882,6.08103201563995,-1.29455611218187,0.204304966998305,0.397342826290957,-5.87440000674253,"Zfp692"
0.0629634253289739,7.48347813516327,0.773856967683761,0.444429645174785,0.636721221766034,-6.40265318010445,"Zfp715"
-0.0827006531762204,6.13959965758441,-1.21366665035781,0.233342678607513,0.430254891487271,-5.97264836319435,"Zfp748"
-0.199133350188772,6.60048377510972,-2.96852903547206,0.00548589412737747,0.0319922702641892,-2.7413449481834,"Zfp758"
0.0498713293703182,6.42909192339408,0.762665909040978,0.450987193183812,0.641891615505088,-6.41122347128454,"Zfp760"
0.0333016825203153,8.28522499680845,0.388169200528538,0.700340847340147,0.823459755918946,-6.62747172083121,"Zfp771"
-0.208673924502377,6.12850782471872,-2.68322854484672,0.0112320377083205,0.0545170030443314,-3.39963549099792,"Zfp87"
-0.104722776873224,5.89397745780444,-1.02632626372557,0.312074526908595,0.517524445642895,-6.17770374236657,"Zfp90"
-0.192253760927489,8.66446997129028,-2.75300876644957,0.00945543668018162,0.0476784653728242,-3.24241315175377,"Zfp91"
-0.109918758612038,5.31028590823052,-1.25969304071319,0.216465263640015,0.409669224419081,-5.91745085381701,"Zfp94"
-0.200455963044777,5.80920537369811,-2.0337342889472,0.0499411763655671,0.154891360646713,-4.72676387827691,"Zfpl1"
-0.0719884922990056,7.18585310875799,-0.532246232176935,0.598059811219852,0.750626089592264,-6.56063639660293,"Zfpm1"
-0.175447941177372,7.34492293384201,-2.33617956481967,0.0255931507540973,0.0977034513648091,-4.14126499779744,"Zfpm2"
-0.140084715818867,6.99400794311216,-2.58630844128319,0.0142163453411518,0.0640701281745829,-3.61367820780714,"Zfx"
-0.0107738556783428,6.46940442195548,-0.132007777536889,0.895765945973812,0.941899012832763,-6.69489799290343,"Zfyve1"
-0.107447846678522,5.23919309500177,-1.20395494456649,0.237025353485222,0.435453135747167,-5.9840553768191,"Zfyve16"
-0.211321801305346,7.82574997589126,-2.87191624766956,0.00701823195481474,0.0384705910305769,-2.96876289178816,"Zfyve20"
0.0123859382305807,8.34268539626066,0.187546977924812,0.852360460534878,0.916514670037823,-6.68590166414806,"Zfyve21"
0.0282428129038809,6.00407243911007,0.185969392930935,0.853587630411969,0.916856745509598,-6.68620027825198,"Zfyve26"
-0.0841057918221987,7.36047470542523,-1.45096312941056,0.156068420690907,0.331086673683917,-5.66833528898118,"Zfyve27"
0.148550028294015,6.50403046694962,2.60439134871482,0.0136092438203279,0.0621098792632702,-3.57413410303996,"Zgpat"
-0.0816755820871567,8.51188033564097,-1.16995145945701,0.250257489741165,0.450088630800532,-6.02333175601798,"Zhx1"
0.031578640866176,6.96577996411112,0.25053941491866,0.803696844796391,0.887074455747034,-6.67192281604959,"Zhx3"
0.0394511755969227,7.76306462334321,0.351783606072252,0.727198571084596,0.843186828355841,-6.64107369046514,"Zic1"
0.19679214727879,5.99393685072439,2.71844659361386,0.0102998671227335,0.0506753462438486,-3.32060470152479,"Zic3"
-0.0505403278167422,7.76423680111868,-0.778053971062985,0.441985089746944,0.634735343059085,-6.39940800166354,"Zkscan1"
0.252922807504004,8.14121863980849,2.5864584485175,0.0142112080052512,0.0640701281745829,-3.61335091760482,"Zmpste24"
-0.0473177961594993,10.5442437885433,-0.547123673920328,0.58791173261649,0.744186462747228,-6.55256112577623,"Zmynd11"
-0.0188150848738027,7.70194266652355,-0.270366701233421,0.788532975073455,0.877443025881605,-6.66669407063669,"Znhit2"
-0.189742989074051,7.81338695352448,-1.40667075098269,0.168712914305017,0.348125706563093,-5.72881012297266,"Znhit3"
0.104340906692656,7.96489678664066,1.44832305060381,0.156800445066532,0.331485503762297,-5.67198628187517,"Znrd1"
-0.179836523292101,7.59930188915482,-2.39934934450462,0.0221247563442565,0.0873728631512024,-4.01154314785382,"Znrf1"
-0.336130371491813,8.20544437868988,-5.90607400941189,1.19326237252006e-06,4.26781712384301e-05,5.34997531380947,"Zranb1"
-0.138234752392136,9.5663315483664,-3.11399590205266,0.00376109449523985,0.0240700501770236,-2.39087169438181,"Zranb2"
-0.218715067721289,5.83258443677738,-2.57992612113813,0.0144365145674019,0.0647140826341405,-3.62759169053541,"Zranb3"
-0.00224310816332775,7.62095209456511,-0.0359025489922955,0.971572643777336,0.984456669192105,-6.7030820200675,"Zscan21"
-0.180379197982978,7.08098389755791,-2.06438166108335,0.0467752941320577,0.148991088419332,-4.67023435351398,"Zswim1"
0.154711896785118,5.61457112162913,0.739346795005358,0.464833765127518,0.651879702842047,-6.42869407917158,"Zswim3"
-0.126571602431393,5.43013460748938,-1.44090440411891,0.158872008293523,0.334806325877241,-5.6822142475749,"Zswim4"
-0.0430680979030994,5.75708019092061,-0.578865374498604,0.566542921417666,0.7295903862894,-6.53460196526941,"Zswim5"
0.00541582041187941,5.6008205351618,0.0471286329421295,0.962689886384615,0.980293373697572,-6.70260918258748,"Zxda"
-0.0618340545795864,7.3153342097137,-0.608622779284932,0.546869854019588,0.716887100031397,-6.51686480247038,"Zyx"
