"logFC","AveExpr","t","P.Value","adj.P.Val","B","gene","cohort","significant"
0.0534523688500001,1.46049649377778,0.818340785877659,0.431975022530017,0.752308548718672,-5.07893377965997,"0610007P14Rik","GSE41345",FALSE
0.0165090185500005,0.590228486777778,0.153021332728336,0.8813840332657,0.966492977887079,-5.34527341171778,"0610009B22Rik","GSE41345",FALSE
-0.0558142747499998,0.297720290666667,-0.774468058603468,0.456334482933253,0.76658720767235,-5.10677981481846,"0610009O20Rik","GSE41345",FALSE
0.169257472000008,2.18515779511111,2.34188811437988,0.0408786546064239,0.551749088057453,-3.56968613448127,"0610012G03Rik","GSE41345",FALSE
0.0380059408499968,1.75098818866667,0.3457407673327,0.736604055491199,0.903957909468322,-5.30436791386031,"0610031J06Rik","GSE41345",FALSE
-0.0979727826999923,2.22036411322222,-1.42346673669275,0.184637041209974,0.591109774634124,-4.57875506985717,"0610037L13Rik","GSE41345",FALSE
0.177194633399998,1.837969092,2.0209407400714,0.0704819087319339,0.564515411734788,-3.940203824327,"1110001J03Rik","GSE41345",FALSE
0.13495782265,0.939974138111112,2.01508650742816,0.0711769368129181,0.564515411734788,-3.94685513275012,"1110008F13Rik","GSE41345",FALSE
0.102698175100003,2.47522956977778,1.16325743136817,0.271370827835074,0.651367484422789,-4.81776722193269,"1110008P14Rik","GSE41345",FALSE
-0.201436638,0.195724106333333,-1.78549618670905,0.104076066856795,0.573793150721065,-4.2028742851736,"1110012L19Rik","GSE41345",FALSE
0.126243575100001,1.130809003,0.369016328645854,0.719705054684592,0.897815874070945,-5.29733558531699,"1110017D15Rik","GSE41345",FALSE
0.0596869939999999,1.31025394888889,0.649612339899701,0.530383826307794,0.807740718365021,-5.17864617318974,"1110038F14Rik","GSE41345",FALSE
-0.207438906849999,2.65322361488889,-1.94315522290105,0.0802604023258302,0.572386052113846,-4.02813625853995,"1110057K04Rik","GSE41345",FALSE
-0.0722452329999981,1.70685334655556,-1.2585654850262,0.236395064338561,0.627422127475989,-4.73388246684126,"1110058L19Rik","GSE41345",FALSE
-0.19126328295,1.01713896466667,-2.18735396188465,0.0532165497635367,0.551749088057453,-3.74927868371357,"1110059E24Rik","GSE41345",FALSE
-0.1404268911,-0.238465953,-1.47626733625469,0.170241888845326,0.590052931837169,-4.52668675090916,"1190002N15Rik","GSE41345",FALSE
0.130340641,0.0435463027777778,1.62774020253149,0.134219075691863,0.57817881478681,-4.37173605425419,"1190005I06Rik","GSE41345",FALSE
-0.0810549396999999,0.888252934555556,-1.43433836353719,0.181590749595734,0.590052931837169,-4.56812310156813,"1200014J11Rik","GSE41345",FALSE
0.0815952635500045,1.85208355877778,0.820867977807589,0.430598711841265,0.75221382329227,-5.07728999685228,"1500012F01Rik","GSE41345",FALSE
0.366044616,1.173270611,0.64766371256392,0.531593401027718,0.808451604759585,-5.17967860060115,"1500015O10Rik","GSE41345",FALSE
0.0710353199500001,0.387735204111111,0.858369709881429,0.410521328898396,0.740973672484891,-5.05239676431986,"1600002K03Rik","GSE41345",FALSE
-0.1402692482,0.420149223111111,-0.712959441300525,0.491953584885616,0.787594263040687,-5.14357483227595,"1600012H06Rik","GSE41345",FALSE
-0.19535328355,0.449835305222222,-1.90846202240449,0.0850194208683837,0.573793150721065,-4.06701949389652,"1600014C10Rik","GSE41345",FALSE
-0.0890979644499997,-0.302088008111111,-0.889125653570922,0.394541244000665,0.733184396287367,-5.03129136852201,"1700007G11Rik","GSE41345",FALSE
0.0429022556999997,-0.316089856,0.294116833285199,0.774601867695387,0.923474975865709,-5.31837213823813,"1700009P17Rik","GSE41345",FALSE
-0.0439632676000003,0.575789515555556,-0.456346770134575,0.657760066882582,0.866553044980333,-5.26702690939479,"1700019D03Rik","GSE41345",FALSE
-0.0366728166000054,1.962876973,-0.606887613471101,0.557270434592878,0.816045824259634,-5.20063651425483,"1700021F05Rik","GSE41345",FALSE
0.0351349525500006,0.765581309666667,0.479935868783405,0.641458608842133,0.85805723193392,-5.25779152591085,"1700021K19Rik","GSE41345",FALSE
-0.13513040475,1.07809614533333,-1.45028537354742,0.177200130825672,0.590052931837169,-4.55244339038644,"1700025G04Rik","GSE41345",FALSE
0.1892622189,0.860252651333333,2.65326398458084,0.0239149216239417,0.537623773850961,-3.20569980112574,"1700029P11Rik","GSE41345",FALSE
-0.07414613745,0.166312613333333,-1.21052475201602,0.253540790942295,0.641105786819756,-4.77673149690808,"1700030J22Rik","GSE41345",FALSE
-0.00643136089999997,0.527662253777778,-0.0994040547776987,0.922755446228863,0.979969388238064,-5.35107100608959,"1700030K09Rik","GSE41345",FALSE
0.0542497725499987,2.39080557822222,0.788963505742897,0.448188905676236,0.759736689521095,-5.09772489263551,"1700037H04Rik","GSE41345",FALSE
-0.134184856400001,1.55096716144444,-1.92483305629366,0.08274185359815,0.573793150721065,-4.04869888924143,"1700052N19Rik","GSE41345",FALSE
0.0503556360499998,0.972978767888889,0.674159007633991,0.515285884605817,0.798537035531395,-5.16540208018967,"1700088E04Rik","GSE41345",FALSE
-0.0807133580999996,1.188783388,-1.12165034652046,0.287872550638521,0.661829336875724,-4.85292755096026,"1700123O20Rik","GSE41345",FALSE
-0.0262483688500002,0.413104966888889,-0.236733265211296,0.817578099607887,0.939190513968695,-5.3313358396707,"1810009N02Rik","GSE41345",FALSE
-0.0395648252499997,1.38928128522222,-0.459330475441983,0.655687504942105,0.866553044980333,-5.26588315998748,"1810026J23Rik","GSE41345",FALSE
0.1099105342,0.559637864111111,1.91141714915431,0.084604026167119,0.573793150721065,-4.06371618322071,"1810043G02Rik","GSE41345",FALSE
-0.0774263776000003,1.19182138822222,-1.34995996053387,0.206394344234204,0.60599416791512,-4.64937174950309,"1810055G02Rik","GSE41345",FALSE
0.147846889500002,3.77960424066667,1.75925606618235,0.108619843119884,0.573793150721065,-4.23142047125514,"1810064F22Rik","GSE41345",FALSE
0.0628266952000048,3.34656260044444,0.743015354811983,0.474336447134031,0.776942859103912,-5.12592706977356,"2010107E04Rik","GSE41345",FALSE
-0.0027920538,0.014751717,-0.0441438941794906,0.965647017643975,0.992815068293286,-5.3544733550082,"2010111I01Rik","GSE41345",FALSE
0.226912228449996,3.32237254711112,1.34068615831023,0.209286496474729,0.607336039288225,-4.65811821813017,"2210016L21Rik","GSE41345",FALSE
0.107618566399999,2.60057472155555,0.879362702164749,0.399566312644489,0.734986193986031,-5.03805744267248,"2210418O10Rik","GSE41345",FALSE
0.0379628213499995,0.938267165444444,0.478331634574608,0.642561062403018,0.859076202995339,-5.25843356966597,"2310003H01Rik","GSE41345",FALSE
0.0289363131,-0.035182621,0.511954424064644,0.619648413825883,0.847553687918767,-5.24455347554304,"2310011J03Rik","GSE41345",FALSE
0.0704978885999971,2.55682601833333,0.834261445072235,0.423353704567863,0.746660403284516,-5.06850690283036,"2310022B05Rik","GSE41345",FALSE
0.14712137795,0.552147143888889,1.62841972723872,0.134073966282361,0.57817881478681,-4.37102387872402,"2310033P09Rik","GSE41345",FALSE
-0.0793984193500002,0.00121021122222209,-0.993859344949496,0.34341792093089,0.708659567491277,-4.95493043874168,"2310035C23Rik","GSE41345",FALSE
0.23231903874999,2.10353129511111,2.08894637483949,0.0628647061524459,0.564515411734788,-3.86258511147553,"2310036O22Rik","GSE41345",FALSE
0.21340111855,0.693342535777778,1.7156652992333,0.11656872377288,0.573793150721065,-4.27845637616382,"2310039H08Rik","GSE41345",FALSE
0.176405904349999,2.62763376455555,1.67576170296891,0.12430272018491,0.573793150721065,-4.32106573905202,"2310047M10Rik","GSE41345",FALSE
-0.00100127490000004,0.264667517333333,-0.0135482750604125,0.989453262323805,0.99767409443427,-5.35523088325167,"2310067B10Rik","GSE41345",FALSE
0.045100090899999,2.60828335944445,0.559488524375574,0.587973903139279,0.832440312614089,-5.22342718924228,"2410002F23Rik","GSE41345",FALSE
-0.00266880890000024,0.957076533111111,-0.0357665119273833,0.97216292434564,0.994556490641638,-5.35476063527164,"2410015M20Rik","GSE41345",FALSE
0.0821224223500001,0.429714706777778,1.57823045132368,0.145174488201979,0.579936514910764,-4.42323381932785,"2410016O06Rik","GSE41345",FALSE
-0.0452270452000006,0.625665690222222,-0.274485023966457,0.789223513818456,0.928819625483433,-5.32311715053209,"2510003E04Rik","GSE41345",FALSE
0.0535703195500055,2.06427046911111,0.743472976692895,0.474071331952439,0.776942859103912,-5.1256534395097,"2510009E07Rik","GSE41345",FALSE
0.0594603799499999,0.836388874333333,1.1150656602699,0.290554333547385,0.663917310412082,-4.8584071440434,"2610002J02Rik","GSE41345",FALSE
-0.0834782725499996,-0.192984231666667,-0.906834357589709,0.385539396840541,0.730086829836255,-5.01886235513457,"2610034M16Rik","GSE41345",FALSE
-0.1213315013,-0.135114085888889,-1.19597340540076,0.258927178844442,0.641851050902518,-4.78948546859793,"2610301B20Rik","GSE41345",FALSE
0.14149259945,2.50764034855556,1.40623282899589,0.189555315499776,0.596239110339268,-4.59551201505451,"2610507B11Rik","GSE41345",FALSE
0.351297119650001,0.927202789777778,5.22715452883422,0.000368832209591897,0.519305144899208,-0.656163808045575,"2610524H06Rik","GSE41345",FALSE
0.0455245095999977,3.00615084177778,0.79280727521286,0.44604499783941,0.759165420805862,-5.09529961249371,"2700060E02Rik","GSE41345",FALSE
0.0725664132999965,2.08841795344444,1.00539245460023,0.338098823346559,0.703063572813022,-4.94611161421683,"2700094K13Rik","GSE41345",FALSE
-0.2527448724,0.764289751,-2.54164271717046,0.0289946479636826,0.537623773850961,-3.33615002976707,"2700097O09Rik","GSE41345",FALSE
-0.0744191801499969,1.97268627522222,-1.13376636995357,0.282988349101886,0.65795769687451,-4.84278384330167,"2810403A07Rik","GSE41345",FALSE
0.221811101649998,1.67589031344444,2.70307540651306,0.021943963459489,0.537623773850961,-3.14761397936174,"2810428I15Rik","GSE41345",FALSE
-0.168086886899999,4.46254305833333,-0.902902635046045,0.387525423233908,0.730501050085571,-5.02163917707491,"2900011O08Rik","GSE41345",FALSE
-0.0864217259999993,0.610229624,-1.45880309250569,0.174892524040441,0.590052931837169,-4.54402796052715,"3010026O09Rik","GSE41345",FALSE
-0.0882613465500004,0.616789336666666,-1.06931635848445,0.309723457349919,0.67958968631025,-4.89582110413658,"3110009E18Rik","GSE41345",FALSE
-0.155747132449999,4.08334954944444,-1.22158742438762,0.249506250144523,0.636771264918437,-4.76696451958634,"3110035E14Rik","GSE41345",FALSE
-0.0274353515999998,0.0862556109999999,-0.410467534305176,0.690002764917452,0.883254635185195,-5.28371729351616,"3110040N11Rik","GSE41345",FALSE
-0.12182279975,-0.189718847555555,-1.01767675437673,0.332500647203467,0.699020705811636,-4.93663167834916,"3110057O12Rik","GSE41345",FALSE
0.00996762824999999,0.050559278,0.157107362265073,0.878244822739063,0.965341900844179,-5.34473107655886,"3110082I17Rik","GSE41345",FALSE
-0.0604396656000005,1.417846426,-0.439587126845605,0.669457842941859,0.870617866134646,-5.27331948818867,"3632451O06Rik","GSE41345",FALSE
-0.608858718749999,2.767522709,-2.59046170880534,0.0266530717627456,0.537623773850961,-3.27906023368681,"3830406C13Rik","GSE41345",FALSE
-0.12277993155,0.432570091333333,-0.873317032730269,0.40270024418369,0.738021486451422,-5.04221638570267,"4833420G17Rik","GSE41345",FALSE
0.0225880597999979,2.17327411888889,0.15832973760487,0.87730612399769,0.965341900844179,-5.34456607098685,"4833424O15Rik","GSE41345",FALSE
0.0640569118000024,2.98529691477778,0.366588747560288,0.721460402269842,0.898573674647274,-5.29808976622823,"4833439L19Rik","GSE41345",FALSE
0.0174533782500001,0.881232155,0.256800708409387,0.802468610589242,0.93374462464272,-5.32711584538536,"4930402H24Rik","GSE41345",FALSE
-0.0919484320000006,1.34877309222222,-1.31125200420593,0.218690560567138,0.617688005795592,-4.68562726978243,"4930453N24Rik","GSE41345",FALSE
0.00214084124999999,0.0629839730000002,0.0214777083717299,0.983281396598113,0.997040630069024,-5.35511167837573,"4930506M07Rik","GSE41345",FALSE
-0.0576685129999999,0.202273087777778,-0.482120739518573,0.639958599624316,0.857079252409234,-5.25691383156118,"4930539E08Rik","GSE41345",FALSE
-0.12464528375,-0.019130657888889,-1.09459300620898,0.299016102615592,0.674390968466204,-4.87529290496549,"4931406C07Rik","GSE41345",FALSE
-0.10854497105,0.536843664444444,-1.62848400577226,0.134060247131437,0.57817881478681,-4.37095650429438,"4931406P16Rik","GSE41345",FALSE
-0.045575358,1.53470891633333,-0.702321020033364,0.498285270229263,0.792448003079841,-5.14966733851396,"4933411K20Rik","GSE41345",FALSE
0.0770721324499999,1.19411115888889,1.02789639710514,0.327896209262226,0.697009031408964,-4.92867748569695,"4933426M11Rik","GSE41345",FALSE
0.2761657612,0.132298807111111,1.19978629030902,0.257507014045477,0.641365508558957,-4.78615384323665,"4933427D14Rik","GSE41345",FALSE
0.0388963404999997,1.54698200544444,0.544917993627512,0.59759111115889,0.838075595907721,-5.23008858347504,"4933428G20Rik","GSE41345",FALSE
0.01440311125,-0.0120902432222222,0.212653809079339,0.835811603664334,0.947052648798916,-5.33595229233546,"5730409E04Rik","GSE41345",FALSE
0.0608525562,1.25033124233333,0.828711952071152,0.426345596859547,0.749934023356364,-5.0721606777754,"6030419C18Rik","GSE41345",FALSE
0.0550899967999978,3.18083720022222,0.764977687255961,0.461719214850186,0.769735537351897,-5.11262970254022,"6330403K07Rik","GSE41345",FALSE
-0.0506752275499994,2.63127081344444,-0.55985717790376,0.587731648651282,0.832440312614089,-5.22325653246528,"6430548M08Rik","GSE41345",FALSE
-0.0904060850999999,0.181552543333333,-1.35056568208235,0.206206611087376,0.60599416791512,-4.64879916876684,"6430573F11Rik","GSE41345",FALSE
0.0832960380500002,0.507991125555556,1.01511928347913,0.333660412379474,0.699603383189702,-4.9386126412919,"8430419L09Rik","GSE41345",FALSE
-0.0765015157500007,1.23366243233333,-1.54393504868197,0.153219106986859,0.580042267756514,-4.4584362063996,"9030624J02Rik","GSE41345",FALSE
0.01194192755,0.279808894555556,0.233174460138658,0.82026603539278,0.940564260228692,-5.33204888996489,"9130011E15Rik","GSE41345",FALSE
-0.11595236755,-0.0146832697777777,-1.53797769969232,0.154655695029886,0.580042267756514,-4.46451027808997,"9430015G10Rik","GSE41345",FALSE
0.22765906225,1.44948687344444,3.4615357606051,0.00598465413060684,0.537623773850961,-2.29025919821586,"9530068E07Rik","GSE41345",FALSE
-0.1393338369,0.133773317666667,-2.24061572361749,0.0486046523411505,0.551749088057453,-3.68756593168147,"9530077C05Rik","GSE41345",FALSE
-0.0454256227499981,2.54589087733334,-0.618279261515568,0.550027281926832,0.813829637516672,-5.19490624463557,"A230050P20Rik","GSE41345",FALSE
-0.0359757950500001,-0.261121957444444,-0.238302632353805,0.816393553410769,0.938944282423601,-5.33101801210943,"A330021E22Rik","GSE41345",FALSE
-0.1881540404,1.30792538944444,-1.76655779548474,0.107337626543503,0.573793150721065,-4.22349407624575,"A430005L14Rik","GSE41345",FALSE
-0.144538995350007,2.11143266111111,-1.81422404025855,0.0993013972454459,0.573793150721065,-4.17143241530583,"A730017C20Rik","GSE41345",FALSE
-0.0673191175500005,0.369036672,-0.676435868733257,0.513898588392241,0.79790350408315,-5.16415129325911,"AA415398","GSE41345",FALSE
-0.1145798097,0.396790907333333,-1.96548098752422,0.0773308013674621,0.570032513007941,-4.00300019400355,"Aaas","GSE41345",FALSE
0.00207940004999973,1.609083943,0.0364564562043564,0.971626199542625,0.994556490641638,-5.35473925074513,"Aacs","GSE41345",FALSE
-0.0149531119000001,2.22947176488889,-0.208961574172344,0.838616773789704,0.947136437588345,-5.33661690499838,"Aak1","GSE41345",FALSE
0.107108708700002,2.33214790633333,1.5124810924546,0.160937942571658,0.582216674597469,-4.49036594466597,"Aamp","GSE41345",FALSE
-0.029215531899999,0.440297844555556,-0.441622804505145,0.668031964966046,0.870617866134646,-5.27256714563466,"Aard","GSE41345",FALSE
0.0517313170000019,2.30260402144444,0.848639490924078,0.415668203320019,0.741776913579799,-5.05894514025487,"Aars","GSE41345",FALSE
-0.00246726170000048,1.05902149244444,-0.0473466091103104,0.963156626050292,0.992214575615907,-5.35434761794698,"Aarsd1","GSE41345",FALSE
-0.119552610049999,0.541513503444444,-1.35089999731354,0.206103056961421,0.60599416791512,-4.64848307677267,"Aatf","GSE41345",FALSE
0.137919610699995,3.48603376755555,1.42814154775106,0.183321828097216,0.590993588481768,-4.57418906779808,"Aatk","GSE41345",FALSE
-0.349680396149996,2.985348705,-3.19759522087023,0.00937025385817537,0.537623773850961,-2.58102744433147,"Abat","GSE41345",FALSE
0.107067501649999,0.447385407888889,1.18128206340704,0.264457718909562,0.6436898197403,-4.80225351694877,"Abca2","GSE41345",FALSE
0.0908699588,0.751229024555556,1.07827789979196,0.305894277097518,0.678724210086633,-4.88858392347263,"Abca3","GSE41345",FALSE
0.1103476457,-0.0919568141111112,0.911084326553911,0.383400693390678,0.730086829836255,-5.01584971241866,"Abca7","GSE41345",FALSE
-0.0139447404000003,0.0881881490000001,-0.160215421493959,0.87585844165552,0.964752505220717,-5.34430903408779,"Abcb10","GSE41345",FALSE
0.0390237408000003,0.167148614,0.570345593150788,0.580861763702929,0.828738955594799,-5.21835766835162,"Abcb4","GSE41345",FALSE
0.03457784225,0.107449849888889,0.702593929435791,0.498122219237361,0.792438596723663,-5.14951205967852,"Abcb6","GSE41345",FALSE
-0.00475719749999999,0.43738562,-0.0542725034415445,0.957772591419453,0.990568817932501,-5.35404562677151,"Abcb8","GSE41345",FALSE
-0.006230400100001,1.93021206888889,-0.0698568399407152,0.945666234618757,0.986441609221544,-5.3532157054319,"Abcb9","GSE41345",FALSE
-0.0551132024000004,-0.279230834222222,-0.555165723837892,0.590818526941514,0.834125932633274,-5.22542051973763,"Abcc10","GSE41345",FALSE
-0.105037977200001,0.948462998777778,-1.56734597599358,0.147686407382742,0.580042267756514,-4.43444897154228,"Abcc5","GSE41345",FALSE
-0.10300774105,1.34613098655556,-1.34095164153601,0.209203233990788,0.607336039288225,-4.65786835318603,"Abcd3","GSE41345",FALSE
-0.0855572726500004,-0.0603759051111112,-0.656025748945971,0.526414229189043,0.804700502516018,-5.17522846158891,"Abce1","GSE41345",FALSE
0.197273345700001,2.37335991633333,2.07267210475583,0.064613052214955,0.564515411734788,-3.88121627919152,"Abcf1","GSE41345",FALSE
-0.0895057537500011,6.495369904,-0.515881886379586,0.61699894029136,0.84604722800647,-5.24287436337508,"Abcf2","GSE41345",FALSE
-0.0691660086000004,1.39289400933333,-1.28624074825572,0.226954090462324,0.620458769413808,-4.70869548016901,"Abcf3","GSE41345",FALSE
0.0223922811000001,0.177411271333333,0.342814068527409,0.738739628070549,0.905337532043689,-5.3052206972345,"Abcg1","GSE41345",FALSE
-0.0602379934500001,1.56730125866667,-0.777955656360131,0.454365927329014,0.765064230891559,-5.10461441067969,"Abcg4","GSE41345",FALSE
0.425750052500001,0.902991419555556,1.32536430503894,0.214138865039009,0.611496204072323,-4.67248608956132,"Abhd1","GSE41345",FALSE
0.04230097275,-0.0564119896666666,0.658451736622605,0.524917231330905,0.803849768830854,-5.17392777052749,"Abhd14a","GSE41345",FALSE
-0.104431222299999,1.63371048822222,-1.39472377588727,0.192901421426311,0.597673275028176,-4.60663525380286,"Abhd14b","GSE41345",FALSE
-0.20021709105,1.162953815,-2.33930944819928,0.0410596758450552,0.551749088057453,-3.57269445579072,"Abhd3","GSE41345",FALSE
-0.0873618775000001,0.515230272888889,-1.22517663608673,0.248208431608127,0.636522478598047,-4.76378267443757,"Abhd4","GSE41345",FALSE
-0.1016332964,0.382492076444444,-1.41632357160664,0.186662237615147,0.5916641510328,-4.58571508437761,"Abhd5","GSE41345",FALSE
0.00253730404999988,-0.133341515111111,0.0397316960215963,0.969078516140113,0.994315962745593,-5.35463216466461,"Abhd6","GSE41345",FALSE
0.151391934799999,1.97073908555556,1.47625110350562,0.170246161521605,0.590052931837169,-4.52670292285116,"Abhd8","GSE41345",FALSE
-0.205331092599997,3.07130827922222,-1.66525406320051,0.126414625109273,0.573793150721065,-4.33221110847092,"Abi1","GSE41345",FALSE
0.023911248699998,6.01867371044444,0.198401373068303,0.84665281061122,0.951140593431139,-5.33845415775827,"Abi2","GSE41345",FALSE
-0.00994428179999994,0.2517039,-0.152357233224961,0.881894451730213,0.966614588149416,-5.3453602146312,"Abi3","GSE41345",FALSE
0.0725920439,0.798780154222222,0.910049582706435,0.383920632529216,0.730086829836255,-5.01658425941534,"Ablim2","GSE41345",FALSE
0.137730417849997,2.27127752844444,0.907780523772369,0.385062533256861,0.730086829836255,-5.01819264642255,"Abr","GSE41345",FALSE
-0.0119311429999997,0.823489954777778,-0.138289230882377,0.892719862582473,0.970451757819428,-5.34711075397461,"Abtb1","GSE41345",FALSE
-0.0326842145499984,2.23499688122222,-0.120043681029302,0.906794016576597,0.973806614461992,-5.34912977323438,"Acaa2","GSE41345",FALSE
-0.1869702253,0.746370666888889,-1.38201171082915,0.196655276304693,0.600685983285625,-4.61885755824941,"Acad8","GSE41345",FALSE
-0.2340276614,1.26896348544444,-1.68292497906721,0.122881214553822,0.573793150721065,-4.31344954483703,"Acad9","GSE41345",FALSE
-0.249163576399997,2.82120180911111,-2.0813617385633,0.0636738545126772,0.564515411734788,-3.87127236276482,"Acadm","GSE41345",FALSE
0.0392504121000002,0.705302217,0.341616566086038,0.739614101600829,0.905639943248746,-5.30556759480889,"Acadsb","GSE41345",FALSE
-0.0158990019000002,1.02682889433333,-0.284606690431147,0.781673850162193,0.927524994439515,-5.32071086887274,"Acadvl","GSE41345",FALSE
-0.0527491684999999,0.895036771111111,-0.666897806474193,0.519725102317324,0.800293435299939,-5.16936576830412,"Acat2","GSE41345",FALSE
-0.08048778885,1.488667862,-1.14693294240752,0.277754315367485,0.653890612640146,-4.8316716644905,"Acbd3","GSE41345",FALSE
-0.0588750454500041,2.03195746933333,-0.736412661544544,0.478172047341554,0.779067807570135,-5.1298586890626,"Acbd4","GSE41345",FALSE
-0.2579988041,-0.0728555915555555,-2.98032253322428,0.0136025964537252,0.537623773850961,-2.8271328334227,"Acbd5","GSE41345",FALSE
0.06691975025,1.49119445822222,1.0782241430668,0.305917138514162,0.678724210086633,-4.88862747084027,"Acbd6","GSE41345",FALSE
-0.0223297255000027,2.29459607255555,-0.347993029534692,0.734962206073056,0.903458442714324,-5.30370685288123,"Acd","GSE41345",FALSE
-0.03844886555,-0.000936672888888902,-0.634244485049119,0.539966777623408,0.811572269569108,-5.18671224442268,"Ache","GSE41345",FALSE
-0.122402508949997,2.42262005311111,-1.89889129136338,0.0863778184842234,0.573793150721065,-4.07770639730877,"Acly","GSE41345",FALSE
-0.1468211474,0.665267284111111,-2.112690186536,0.060394452358219,0.559762518320677,-3.83534409312388,"Acn9","GSE41345",FALSE
0.131281833399999,2.58799382111111,1.21609832039877,0.251501614096137,0.639920605391936,-4.77181831454057,"Aco2","GSE41345",FALSE
0.235400386599998,2.20445033744444,1.99904379963571,0.0731148347986335,0.564652545006905,-3.96505545999453,"Acot1","GSE41345",FALSE
-0.0535717245499996,0.347906925444444,-0.378121040811876,0.713136827417723,0.895059487473264,-5.29446412906744,"Acot11","GSE41345",FALSE
0.387989271400003,10.7980299657778,1.20609227473836,0.255171937989099,0.641365508558957,-4.78062773115452,"Acot7","GSE41345",FALSE
-0.0369071980000001,0.954924835888889,-0.459121751237448,0.655832391183584,0.866553044980333,-5.26596340106867,"Acot8","GSE41345",FALSE
-0.00492510590000027,0.204994987444444,-0.0766463112271963,0.940396314479057,0.984312705254854,-5.35278904667998,"Acox3","GSE41345",FALSE
-0.0553671514000002,0.927435038555555,-0.606867114198981,0.557283516833569,0.816045824259634,-5.20064673814894,"Acp2","GSE41345",FALSE
-0.00797448010000004,0.324711001222222,-0.140568926197117,0.890963993701914,0.970075728066428,-5.34683853115917,"Acp6","GSE41345",FALSE
0.0136509157999965,1.91467206088889,0.16360691060625,0.873255928111226,0.962797183593288,-5.34383913072504,"Acsbg1","GSE41345",FALSE
-0.0376822679999996,0.548504483333333,-0.520067400780561,0.614181703666928,0.845448920354193,-5.24107168872549,"Acsl1","GSE41345",FALSE
-0.419479772249999,2.07410630166667,-4.55350159765901,0.00101608554902484,0.519305144899208,-1.2119086048606,"Acsl3","GSE41345",FALSE
-0.0728303756500035,2.16024380655556,-1.03746215251672,0.323629757328208,0.694344901076038,-4.92117707148219,"Acsl5","GSE41345",FALSE
-0.431146892549996,3.30802402566667,-3.49020618612165,0.00570226192464313,0.537623773850961,-2.25929255838787,"Acsl6","GSE41345",FALSE
0.0482115932499999,0.720354068777778,0.735170371529557,0.478895892792194,0.779558420707242,-5.13059498702561,"Acta1","GSE41345",FALSE
0.0532872808499997,1.42552951933333,0.114027623711032,0.911442320369261,0.975735234028149,-5.34973319846186,"Acta2","GSE41345",FALSE
1.42665222835,12.1837121844444,1.56686547989063,0.147798173256202,0.580042267756514,-4.43494315702695,"Actb","GSE41345",FALSE
-0.09042558185,0.0832520251111111,-0.728562584720778,0.482757637610537,0.782864225255292,-5.13449306794137,"Actl6a","GSE41345",FALSE
0.142540836199997,1.80139371655555,2.02983482358153,0.069438232457679,0.564515411734788,-3.93008907076648,"Actn1","GSE41345",FALSE
0.11154935945,0.173312870888889,1.85825862625056,0.0923723529414424,0.573793150721065,-4.1228752530111,"Actn2","GSE41345",FALSE
0.49628598525,0.264377681,2.90941532766735,0.0153695751189179,0.537623773850961,-2.90852424968645,"Actn4","GSE41345",FALSE
-0.200226209800001,1.33094384022222,-1.76795002040124,0.107094717859277,0.573793150721065,-4.22198124028155,"Actr10","GSE41345",FALSE
0.129368187249999,2.49562251811111,1.42698580889439,0.183646237839385,0.590993588481768,-4.57531871650665,"Actr1a","GSE41345",FALSE
0.0509976576499995,1.40665115522222,0.601663414866684,0.560609989738608,0.817333384866089,-5.20323183391602,"Actr1b","GSE41345",FALSE
-0.0117447626000008,2.36189035611111,-0.133866504370681,0.896128061483467,0.970643617857129,-5.34762624352655,"Actr3","GSE41345",FALSE
0.0699115231500002,1.45248550366667,0.92192700380462,0.377982374887161,0.728556252861778,-5.00811193865393,"Actr3b","GSE41345",FALSE
-0.0831497172500004,0.858701357111111,-0.894454900174103,0.391816910756573,0.731400141938539,-5.02757210751606,"Acvr1","GSE41345",FALSE
-0.203876768,0.238117669111111,-2.36106481208623,0.0395566493853337,0.551749088057453,-3.54730558673509,"Acvr1c","GSE41345",FALSE
0.00688497215000035,1.27033606822222,0.0988485969884047,0.923185533695602,0.980131504510931,-5.35111821627772,"Acvr2b","GSE41345",FALSE
-0.0564685986,0.845518693666667,-0.958932112435581,0.359901335918418,0.716817708150309,-4.98114965982148,"Acy1","GSE41345",FALSE
0.21947744495,0.374318214888889,2.09991834290407,0.061711480320796,0.562699041155405,-3.85000550342122,"Adam11","GSE41345",FALSE
0.0199838361999997,0.534649876777778,0.155091677313858,0.879793158612474,0.965780779034111,-5.34500039240518,"Adam15","GSE41345",FALSE
-0.0568172170999999,0.450584032111111,-0.616610048312344,0.551085265704178,0.813982599286129,-5.19575197547345,"Adam17","GSE41345",FALSE
-0.0430939689000006,0.400436377333333,-0.506919592490294,0.623053270575325,0.848356877470424,-5.24668840350367,"Adam19","GSE41345",FALSE
-0.0691043550999996,0.192496139888889,-0.567685437960602,0.582600049977348,0.829521342719776,-5.21960811710951,"Adam9","GSE41345",FALSE
0.0829956517499998,0.0867663163333333,0.757819446002962,0.465807694695053,0.771958003400313,-5.1170007219833,"Adamts4","GSE41345",FALSE
-0.0628335635000002,0.195260497777778,-0.543522363231636,0.598516607182869,0.838189183566567,-5.2307180664551,"Adar","GSE41345",FALSE
0.0864298930999993,2.22444666222222,0.41030614399138,0.690117389533126,0.883254635185195,-5.28377301853143,"Adarb1","GSE41345",FALSE
-0.0486491297500001,0.523327337555556,-0.718041183628942,0.488946720992136,0.78705397169386,-5.1406360338323,"Adck1","GSE41345",FALSE
0.0811799323999998,-0.0122258584444444,1.07824484426817,0.305908334646355,0.678724210086633,-4.88861070135656,"Adck4","GSE41345",FALSE
0.0287646969499997,0.234006773555555,0.39983542251527,0.697571448682036,0.886351405460487,-5.28734335046749,"Adck5","GSE41345",FALSE
0.108050844849992,1.91098887511111,1.10267151212728,0.295654667211754,0.670407592962623,-4.86865722820164,"Adcy1","GSE41345",FALSE
0.110103457950005,2.553081977,1.50025198585688,0.164029215108828,0.58623681373689,-4.50268492430828,"Adcy2","GSE41345",FALSE
-0.0363875587000003,0.338344653888889,-0.528424482998091,0.60857626117021,0.841790535767707,-5.23743156952885,"Adcy6","GSE41345",FALSE
-0.11599293375,0.903818117,-1.32123951650501,0.21546104075206,0.614228393732414,-4.67633626689795,"Adcy8","GSE41345",FALSE
-0.0142713571000001,0.794801012222222,-0.1650853042448,0.872121952245928,0.962387528484949,-5.34363123307552,"Adcy9","GSE41345",FALSE
-0.16685517505,0.0842360072222221,-1.75209794916,0.109890370082851,0.573793150721065,-4.23917797809241,"Adcyap1","GSE41345",FALSE
0.0508854868999987,3.20527113155555,0.270557381121344,0.792159320014688,0.929469360616727,-5.32402785173847,"Add1","GSE41345",FALSE
0.00016456699999629,5.01545675588889,0.00145099033371122,0.998870430162398,0.999266728686565,-5.35530876423162,"Add3","GSE41345",FALSE
-0.1544904304,0.935763583888889,-2.01025622490803,0.0717552621312719,0.564515411734788,-3.95233919567472,"Adh5","GSE41345",FALSE
-0.00804477455000118,1.77863433444444,-0.150779477189163,0.883107321605323,0.967272063968532,-5.3455649338991,"Adipor1","GSE41345",FALSE
-0.0460009877500014,1.62522419155556,-0.604763207061146,0.55862710683459,0.816330483850141,-5.20169437032144,"Adipor2","GSE41345",FALSE
-0.272689966400005,3.80393904377778,-4.59373479404451,0.000954677864757472,0.519305144899208,-1.17636961333167,"Adk","GSE41345",FALSE
-0.126636626699994,2.677187251,-1.17279676776603,0.267694538347249,0.645925146835014,-4.80957767377205,"Adora1","GSE41345",FALSE
-0.0018037895000002,0.448974557777778,-0.011591186022942,0.990976688982124,0.997703222706498,-5.35525200046521,"Adora2b","GSE41345",FALSE
-0.0102931399999999,-0.151210089888889,-0.15753737304763,0.877914581937386,0.965341900844179,-5.34467317535513,"Adpgk","GSE41345",FALSE
0.0395254744500013,2.63952540433333,0.696581290685261,0.501722076810909,0.792639120007653,-5.15292070798591,"Adprh","GSE41345",FALSE
-0.0912170278500002,1.50949660633333,-0.887917568071211,0.395160656178676,0.733184396287367,-5.03213194811708,"Adra2a","GSE41345",FALSE
0.118100263649999,0.768251440666667,0.712122445092675,0.492449931110681,0.788138686953718,-5.14405710471244,"Adra2c","GSE41345",FALSE
0.158036846499996,3.27794582644444,1.34714472062791,0.207268758190462,0.60599416791512,-4.65203086850698,"Adrbk1","GSE41345",FALSE
0.0839051135500003,1.07346826877778,1.35551035287119,0.204679434588814,0.60599416791512,-4.64411909511551,"Adrm1","GSE41345",FALSE
0.00299545759999983,0.291728991888889,0.0436233696066359,0.966051808402973,0.992826425468961,-5.35449295932168,"Adsl","GSE41345",FALSE
-0.16007011005,1.24586359066667,-2.64437509941116,0.0242847633424136,0.537623773850961,-3.21607558259598,"Adss","GSE41345",FALSE
0.00248617840000103,1.64463743777778,0.0151322731396478,0.988220287305356,0.99751699537248,-5.35521138437048,"Adssl1","GSE41345",FALSE
0.105955162550001,0.174028774555556,0.587276899509609,0.569864017007253,0.823142516731666,-5.21027252282848,"Aebp1","GSE41345",FALSE
-0.15251952455,0.0501102074444445,-2.03292115521533,0.0690794918169417,0.564515411734788,-3.9265764587076,"Aebp2","GSE41345",FALSE
0.0783936289499962,1.83135479066667,1.24275375238245,0.241931230652919,0.630521548414816,-4.74810938537196,"Aes","GSE41345",FALSE
0.0799271371,0.0375254844444444,1.28648598068419,0.226871836829243,0.620458769413808,-4.70847069487485,"Aff1","GSE41345",FALSE
0.12288667285,0.610507997444444,1.65350110654783,0.128814897373276,0.574370934972086,-4.34463927598945,"Afg3l1","GSE41345",FALSE
-0.0094255290500002,0.296096245777778,-0.179932538669176,0.860750891303245,0.956896410826267,-5.34144039044681,"Afg3l2","GSE41345",FALSE
0.0162477354999975,1.75304260277778,0.206644984676537,0.84037801104943,0.947136437588345,-5.3370280166902,"Aftph","GSE41345",FALSE
-0.233107923050001,1.65201366544444,-1.7458564616745,0.111009221159813,0.573793150721065,-4.24593148409987,"Aggf1","GSE41345",FALSE
0.1057942422,0.139770066,1.75525334785769,0.109328645676987,0.573793150721065,-4.23575995495495,"Agpat1","GSE41345",FALSE
-0.0178856544499997,0.416455230444444,-0.188397845157927,0.854282262531222,0.954819470289218,-5.34010751431291,"Agpat3","GSE41345",FALSE
0.2087826919,1.58100973711111,3.51594629674764,0.00546047075061021,0.537623773850961,-2.23160062841882,"Agpat4","GSE41345",FALSE
0.100187690149997,1.92692888588889,0.929085142982319,0.374435234472066,0.725605452186926,-5.00296301207624,"Agpat6","GSE41345",FALSE
-0.1368612733,1.44434239922222,-1.5890412031063,0.142716970695768,0.579936514910764,-4.41205600282758,"Agps","GSE41345",FALSE
0.238133567549997,2.76602912933333,2.16175984797208,0.055579721739676,0.551749088057453,-3.77884516006062,"Agrn","GSE41345",FALSE
-0.15428874405,0.123432183666667,-1.5594434160905,0.149534062078077,0.580042267756514,-4.44256683732347,"Agt","GSE41345",FALSE
-0.0977319866499996,-0.117746541111111,-1.11814379633758,0.289298279334216,0.66194701573614,-4.85584852775382,"Agtpbp1","GSE41345",FALSE
0.06440539435,-0.0118981878888887,0.487809577714039,0.636060934370814,0.855994820758449,-5.25461087347714,"Agtrap","GSE41345",FALSE
-0.10410926415,2.52054788133333,-1.79162611969112,0.103039943103716,0.573793150721065,-4.19618153617573,"Ahcyl1","GSE41345",FALSE
0.144777971899999,2.65661328888889,1.61718591474291,0.136490915482567,0.57817881478681,-4.38277915818035,"Ahi1","GSE41345",FALSE
0.0290903674999999,0.118535483222222,0.335759546032359,0.743896754821706,0.907440064546177,-5.30724727164665,"Ahnak","GSE41345",FALSE
0.00129604290000015,1.57188543666667,0.0215506094925951,0.983224658794231,0.997040630069024,-5.35511033207285,"Ahsa1","GSE41345",FALSE
-0.0515706454999997,0.151669592111111,-0.880980494412841,0.398730563829268,0.734940874777411,-5.0369405110906,"AI118078","GSE41345",FALSE
-0.16172821205,0.676483122444444,-1.57712653683171,0.14542752158392,0.579936514910764,-4.4243730591558,"AI314180","GSE41345",FALSE
0.09571676835,1.14873561933333,1.25650077706405,0.237112073235206,0.62769353560375,-4.73574703035923,"AI413582","GSE41345",FALSE
-0.201949114349997,4.12405794766667,-1.71960740558675,0.115828767563806,0.573793150721065,-4.27422323992377,"AI593442","GSE41345",FALSE
-0.11795960845,0.819729578555556,-1.77165725195877,0.10645034171068,0.573793150721065,-4.2179505089186,"AI597479","GSE41345",FALSE
0.0476126415000003,0.845487982,0.70840260335234,0.494659574547131,0.790420860089095,-5.14619440046268,"AI837181","GSE41345",FALSE
-0.0501928675999999,0.266370189444444,-0.695558074853026,0.502336270500592,0.792639120007653,-5.15349819407342,"AI846148","GSE41345",FALSE
0.0476889473500001,0.851655282111111,0.680966377825735,0.51114481846705,0.79711713755638,-5.16165126172601,"Aif1","GSE41345",FALSE
0.10732323515,0.315337753222222,0.824715441994416,0.428509021911461,0.750917738002808,-5.07477922200902,"Aifm1","GSE41345",FALSE
-0.0201853553500002,0.278815309555556,-0.223386952071257,0.827670929677638,0.943562772348187,-5.33395493987711,"Aifm3","GSE41345",FALSE
0.113687215600002,2.40718013077778,1.84933015488854,0.0937401611173128,0.573793150721065,-4.13275483278693,"Aip","GSE41345",FALSE
0.0303375139500005,0.933600617333333,0.511595488147011,0.619890837954361,0.847553687918767,-5.24470633140864,"Ak1","GSE41345",FALSE
-0.16835416595,0.0193345574444445,-2.02126956769115,0.0704430601710393,0.564515411734788,-3.93983007407321,"AK129341","GSE41345",FALSE
0.1187907089,1.03564411222222,1.28792099279575,0.226391009222841,0.620458769413808,-4.70715477353652,"Ak2","GSE41345",FALSE
-0.2521656065,2.41074002511111,-1.62707004940332,0.134362320831373,0.57817881478681,-4.37243826886404,"Ak3","GSE41345",FALSE
-0.0881875534000002,0.712168258222222,-1.27786365920852,0.229778601948018,0.622502881230745,-4.71635731173617,"Ak4","GSE41345",FALSE
0.1207602601,1.27566643211111,1.43287676932931,0.181997781517914,0.590763009256356,-4.56955520337599,"Ak5","GSE41345",FALSE
0.0947756945000001,0.480437261888889,1.25400936489871,0.237979620528507,0.628999594510095,-4.73799422487078,"Akap1","GSE41345",FALSE
-0.11016545305,-0.0639556027777777,-1.12997426875056,0.284510016177256,0.659367652381388,-4.84596711890153,"Akap10","GSE41345",FALSE
-0.23102641145,0.442557385111111,-2.22123856497086,0.0502360719307407,0.551749088057453,-3.71004437352721,"Akap12","GSE41345",FALSE
-0.0318933121499995,0.289188454,-0.379891867039192,0.711862161584225,0.894716938874813,-5.29389778807609,"Akap2","GSE41345",FALSE
-0.02632605795,0.605834024,-0.372017858066729,0.717537050358458,0.897074525332385,-5.29639643640614,"Akap6","GSE41345",FALSE
-0.2715335861,1.39122060777778,-3.4865670904655,0.00573732884096534,0.537623773850961,-2.263216008907,"Akap7","GSE41345",FALSE
-0.1229885954,0.186191963444444,-1.37628755141837,0.198365646005421,0.601721825078704,-4.62433913249867,"Akap8","GSE41345",FALSE
0.125098930049999,2.06521333866667,1.1888350329372,0.261602780648195,0.642386604652324,-4.79570305549913,"Akap8l","GSE41345",FALSE
-0.120330628699996,3.50676729277778,-0.850954921320516,0.414439466706038,0.741776913579799,-5.05739252515515,"Akap9","GSE41345",FALSE
-0.163354177125,0.1427798887,-1.48468404515302,0.168038936947623,0.5897571471234,-4.5182882906922,"Akr1e1","GSE41345",FALSE
0.479081767849996,3.02703507555556,2.82907752456169,0.0176538099693339,0.537623773850961,-3.0012625424275,"Akr7a5","GSE41345",FALSE
0.114115204850001,0.843424139222222,1.4707129773346,0.171709283428191,0.590052931837169,-4.53221451538353,"Akt1s1","GSE41345",FALSE
-0.0353798663000041,2.05438817077778,-0.321596649411011,0.75429025498311,0.912257751740548,-5.31119198378165,"Akt3","GSE41345",FALSE
0.00889843200000185,1.98305352366667,0.0768154743347708,0.940265049093303,0.984312705254854,-5.35277791201865,"Alad","GSE41345",FALSE
0.116125644749998,2.62990657366667,1.51289083221778,0.160835251900174,0.582216674597469,-4.48995225954389,"Alas1","GSE41345",FALSE
0.1834910913,-0.105896652666667,1.34706831450029,0.207292533065214,0.60599416791512,-4.65210298945939,"Alas2","GSE41345",FALSE
-0.19555711415,1.10604357044444,-1.64049062329837,0.13151948109115,0.574906006279939,-4.35834947381019,"Alcam","GSE41345",FALSE
0.03422044705,0.0346618507777778,0.630268159292203,0.542462503791548,0.811641100947509,-5.18877079691707,"Aldh18a1","GSE41345",FALSE
-0.2469576705,-0.323121800666666,-1.91696913809813,0.0838287041111244,0.573793150721065,-4.05750556833445,"Aldh1a1","GSE41345",FALSE
0.0267332308499997,-0.189251721666667,0.313662735733808,0.760135270524297,0.915539089862439,-5.31332931706294,"Aldh1b1","GSE41345",FALSE
-0.10580005075,-0.210374400777777,-1.15393896857279,0.275000379310285,0.652143560758076,-4.82572138794675,"Aldh1l2","GSE41345",FALSE
0.108966728149997,2.70695173155556,1.42040095774072,0.185503930943878,0.591109774634124,-4.58174475066888,"Aldh2","GSE41345",FALSE
-0.0364509005999983,1.82815287433333,-0.519430063309627,0.614610268289144,0.845448920354193,-5.2413470666695,"Aldh3a2","GSE41345",FALSE
0.00458666674999981,-0.222508485444444,0.0269271607595777,0.979040464968336,0.996535899435461,-5.35499846719722,"Aldh3b1","GSE41345",FALSE
-0.0860696719000014,1.67138406988889,-0.992938755883395,0.343845142784695,0.708659567491277,-4.95563095088587,"Aldh4a1","GSE41345",FALSE
-0.01317332915,0.0437248054444444,-0.170627923791806,0.867873303849542,0.960877194250267,-5.34283527077745,"Aldh5a1","GSE41345",FALSE
-0.0291341417999994,1.04701602733333,-0.251478676516148,0.806467748860577,0.936246852256042,-5.32826796031256,"Aldh6a1","GSE41345",FALSE
0.163905105850005,3.33652381811111,1.53515854844806,0.155339620477044,0.580042267756514,-4.46738037277287,"Aldoa","GSE41345",FALSE
-0.0574180247500018,3.36723884788889,-0.750172245949034,0.47020099339456,0.775441422965574,-5.12163086284825,"Aldoc","GSE41345",FALSE
0.0360130571499996,0.914513008777778,0.480400053678456,0.641139784013112,0.857858299490083,-5.2576053714269,"Alg1","GSE41345",FALSE
-0.17083651155,0.00876886133333315,-1.96472324250754,0.077428568592195,0.570032513007941,-4.00385472593078,"Alg10b","GSE41345",FALSE
-0.16657622005,0.632618018222222,-1.98455276232343,0.0749079016318668,0.564707806576065,-3.98146086679948,"Alg12","GSE41345",FALSE
0.1413450379,1.38480317444444,1.68706224196563,0.122066878686645,0.573793150721065,-4.30904405618927,"Alg2","GSE41345",FALSE
-0.0588361906499998,0.313640285333334,-0.606081454210974,0.557785039901439,0.816045824259634,-5.20103834361173,"Alg3","GSE41345",FALSE
-0.122696865199997,2.68092789111111,-1.55688062351035,0.150137603301102,0.580042267756514,-4.44519493436142,"Alg5","GSE41345",FALSE
-0.1112948998,-0.0724003561111111,-0.448314616078244,0.663354483889177,0.868771786463804,-5.2700706461938,"Alg9","GSE41345",FALSE
-0.0672672966,-0.0376012816666667,-1.24071748520855,0.242651778118309,0.631094851495942,-4.74993280311099,"Alk","GSE41345",FALSE
-0.1283987182,0.374800466222222,-2.32872065412418,0.0418112245363371,0.551749088057453,-3.58504443767014,"Alox5ap","GSE41345",FALSE
-0.1047721107,0.235478324666667,-1.31293181133572,0.218144596534872,0.617688005795592,-4.68406774961338,"Aloxe3","GSE41345",FALSE
-0.0467985260500017,2.95807456888889,-0.280119625635666,0.7850178376125,0.928412698091011,-5.32178815414045,"Als2","GSE41345",FALSE
0.0598748658499983,2.77057634288889,0.930521772434187,0.37372619611954,0.725163988853729,-5.00192575682262,"Amfr","GSE41345",FALSE
-0.0886203775499999,0.641405632333334,-1.17569304238708,0.266586205842151,0.645270027874055,-4.80708189475665,"Amigo1","GSE41345",FALSE
0.0621436946000004,1.13894700522222,0.393391648105768,0.702175602685847,0.889269604305557,-5.28949642439756,"Amn","GSE41345",FALSE
0.0122141205000001,0.238658382,0.155707706616248,0.879319902920764,0.965780779034111,-5.34491845152685,"Ampd2","GSE41345",FALSE
-0.00212024539999975,1.34179437911111,-0.0249153134551907,0.980606074230107,0.996582008029983,-5.35504323069063,"Amph","GSE41345",FALSE
0.0500675626499976,2.22198258066666,0.456464437884914,0.657678274020012,0.866553044980333,-5.26698193780331,"Anapc13","GSE41345",FALSE
-0.0843983970500007,1.39623331111111,-1.53384713318226,0.155658670005333,0.580042267756514,-4.46871454210615,"Anapc2","GSE41345",FALSE
-0.0832174772500011,1.55292112555556,-1.54684805605282,0.152520913698209,0.580042267756514,-4.45546166429419,"Anapc4","GSE41345",FALSE
0.125825096100001,5.41420450133334,0.795602280088141,0.444490287831773,0.758336071686369,-5.0935297263455,"Anapc5","GSE41345",FALSE
0.0472806280000001,1.13164743244444,0.721925019292675,0.486656374823435,0.785346591435067,-5.13837759308818,"Anapc7","GSE41345",FALSE
-0.0043848371500002,1.60383081888889,-0.0772208080843279,0.939950530157039,0.984254676823495,-5.35275113238696,"Angel2","GSE41345",FALSE
-0.1002689684,-0.104688774555556,-1.65830159581408,0.127829619414702,0.573793150721065,-4.33956789961453,"Angptl4","GSE41345",FALSE
-0.0352533941499964,2.42813675222222,-0.597488315192184,0.563286932224444,0.818009532503256,-5.20529120135728,"Ank","GSE41345",FALSE
0.0385853532499977,2.32889036688889,0.227506980073628,0.824551655607996,0.943119528063307,-5.3331624288181,"Ank1","GSE41345",FALSE
-0.197087037800001,2.19189935077778,-1.52375138788063,0.158134059603804,0.580042267756514,-4.47896526673585,"Ank2","GSE41345",FALSE
-0.00710050190000061,0.532844598777778,-0.0839074110028132,0.934763658951294,0.983216698131415,-5.35228905340733,"Ank3","GSE41345",FALSE
0.0110269201500004,0.595070713,0.147522867852531,0.885611774636882,0.967889332411495,-5.34598078746722,"Ankfy1","GSE41345",FALSE
-0.130033309200002,2.34201390333333,-1.43735554899003,0.180752970470075,0.590052931837169,-4.56516413212192,"Ankmy2","GSE41345",FALSE
0.0226897388500002,0.550694851777777,0.257391389953337,0.802025119805076,0.933443960114701,-5.32698651024569,"Ankrd10","GSE41345",FALSE
-0.135011546899997,2.40739467044445,-1.37530726685728,0.198659807443224,0.601886278845288,-4.62527649036653,"Ankrd12","GSE41345",FALSE
0.0225893450499999,0.536837550111111,0.350633629988208,0.733039045604856,0.902197571821654,-5.30292650268207,"Ankrd13d","GSE41345",FALSE
-0.0369294108,-0.0176321966666666,-0.402489781214588,0.695678594057106,0.885598920340427,-5.28644665566907,"Ankrd35","GSE41345",FALSE
-0.0690965556000003,0.177541645333333,-1.21097133575268,0.253376913586117,0.641105786819756,-4.77633839686393,"Ankrd40","GSE41345",FALSE
-0.0851269631500002,-0.106396212444445,-1.09954395547576,0.296952557293143,0.671028416755176,-4.87123046233001,"Ankrd50","GSE41345",FALSE
0.105012009600001,1.35505333966667,0.976006628671432,0.351772734738942,0.710557775912246,-4.96842446685873,"Anks3","GSE41345",FALSE
-0.10418439125,1.06883217811111,-0.70136860418916,0.498854552011914,0.792639120007653,-5.15020882115791,"Anln","GSE41345",FALSE
0.129426267850003,3.83446559611111,1.37703648225942,0.198141156050765,0.601721825078704,-4.62362272433721,"Anp32a","GSE41345",FALSE
-0.0818640206500003,1.70986151622222,-1.14564502884419,0.278262918529331,0.6545148778654,-4.83276268268843,"Anp32e","GSE41345",FALSE
-0.07582304585,-0.213802103888889,-0.312477029617024,0.761010165111437,0.916080668409596,-5.31364425986123,"Antxr1","GSE41345",FALSE
-0.19629104015,1.21472093611111,-1.68076261909738,0.123308772876639,0.573793150721065,-4.31575016575929,"Anxa2","GSE41345",FALSE
-0.18254971795,1.53586599922222,-1.65993756656077,0.127495389192703,0.573793150721065,-4.33783806180344,"Anxa3","GSE41345",FALSE
-0.098872291050002,1.68519901033333,-0.614008631510475,0.552736399981842,0.814283889134537,-5.19706586500159,"Anxa5","GSE41345",FALSE
0.0531915044499998,1.55265507544444,0.707941731500978,0.494933764751083,0.790506390825465,-5.14645851294414,"Anxa6","GSE41345",FALSE
0.0664286367500005,2.64969363855555,0.66377763499219,0.521639628442607,0.801532189590514,-5.17105715828636,"Ap1b1","GSE41345",FALSE
-0.14651524695,0.757620326666666,-1.48397109490504,0.168224581102865,0.5897571471234,-4.51900071955338,"Ap1g1","GSE41345",FALSE
-0.0112561776999977,1.80612438755555,-0.207487271568798,0.83973753696606,0.947136437588345,-5.33687906569167,"Ap1m1","GSE41345",FALSE
0.626239156050003,4.231921214,4.28687391121808,0.00154463160291258,0.519305144899208,-1.45509715595946,"Ap1s1","GSE41345",FALSE
0.519667856799998,1.46247166611111,2.10686474535203,0.0609918122184532,0.560346185520773,-3.84203378306384,"Ap2a1","GSE41345",FALSE
0.182221421700001,1.66504507833333,1.72505833418211,0.114812600863658,0.573793150721065,-4.26836304267493,"Ap2a2","GSE41345",FALSE
-0.0617741301999994,2.50283104722222,-0.537000408021766,0.602851484408296,0.839365001620938,-5.23363978812016,"Ap2b1","GSE41345",FALSE
-0.101989003250004,2.51941046911111,-1.4272347553137,0.183576318528004,0.590993588481768,-4.57507543482423,"Ap2m1","GSE41345",FALSE
0.30029894565,6.20392602266667,1.7603442272527,0.108427876204008,0.573793150721065,-4.23024006225384,"Ap2s1","GSE41345",FALSE
-0.0501280794500001,0.0701522747777779,-0.448379662891425,0.66330909088572,0.868771786463804,-5.27004620376475,"Ap3b1","GSE41345",FALSE
0.0349260946500003,1.75185574733333,0.400114896490762,0.697372049881245,0.886351405460487,-5.28724920745918,"Ap3b2","GSE41345",FALSE
0.0532178815499998,1.629857487,0.679361533487928,0.512119269772721,0.797215066285196,-5.16253855416942,"Ap3d1","GSE41345",FALSE
-0.0943261449500002,0.368399293111111,-1.19946750188843,0.257625512375308,0.641365508558957,-4.78643267541325,"Ap3m1","GSE41345",FALSE
-0.0215028648999999,2.27990133955556,-0.365764666427815,0.722056668741696,0.898650488762185,-5.29834468945584,"Ap3m2","GSE41345",FALSE
-0.151146845200001,1.01130352355556,-2.13954823209455,0.0577118161821743,0.552926256887356,-3.80445165577181,"Ap3s2","GSE41345",FALSE
0.0330581405000015,2.33677978888889,0.624543691556366,0.546067066900272,0.811729288411888,-5.19171372006803,"Ap4s1","GSE41345",FALSE
0.0391580445999999,1.72770882577778,0.214065614240598,0.8347396209994,0.946938647328018,-5.33569512022025,"Apaf1","GSE41345",FALSE
0.237557861500004,2.25536794577778,1.58825436274457,0.142894588065337,0.579936514910764,-4.41287084603062,"Apba2","GSE41345",FALSE
0.0765212504500001,0.340897903444444,1.02401960854708,0.329637246173869,0.697723443657858,-4.93170207418601,"Apba3","GSE41345",FALSE
-0.185939650449998,2.13075878755556,-1.19308051921265,0.260008845130914,0.641851050902518,-4.79200831341121,"Apbb1","GSE41345",FALSE
-0.0331975107500002,1.00001048277778,-0.390570691000823,0.704195200296365,0.890485555439963,-5.29042839325552,"Apbb2","GSE41345",FALSE
-0.0417817085,0.179566360777778,-0.688014840995718,0.506878290937497,0.795639872514673,-5.15773217313307,"Apbb3","GSE41345",FALSE
-0.0966080599000004,0.228098411888889,-1.54022240888426,0.154113014817391,0.580042267756514,-4.4622230307739,"Apc","GSE41345",FALSE
0.0179531407999999,0.328574086888889,0.307941177339922,0.764360271350481,0.917025341108887,-5.31483829976545,"Apcdd1","GSE41345",FALSE
0.0306112894499995,1.71082648333333,0.440172976855587,0.669047346628094,0.870617866134646,-5.27310331055164,"Apeh","GSE41345",FALSE
-0.11522696025,0.886305940666667,-0.808330321327862,0.437455565370577,0.755275809732671,-5.08540268495727,"Apex1","GSE41345",FALSE
-0.00253600829999994,-0.0460416969999999,-0.0275952666466069,0.978520568656194,0.996535899435461,-5.35498283355945,"Apitd1","GSE41345",FALSE
0.130779492599999,1.92753334733333,1.44398276462952,0.178924403273812,0.590052931837169,-4.55865223454796,"Aplp1","GSE41345",FALSE
0.0977927636500015,3.42216413511111,1.336124436345,0.210721497249634,0.60897908918619,-4.66240674396311,"Aplp2","GSE41345",FALSE
0.100534788699997,1.83726666211111,1.01088942717082,0.335585172314801,0.701349367585387,-4.94188054725213,"Apoa1bp","GSE41345",FALSE
0.24791833245,-0.173529502666667,0.815353219282573,0.433605841072562,0.752727799149373,-5.08087146469728,"Apoc1","GSE41345",FALSE
0.00203989845000134,2.37337523433333,0.00974956822188433,0.992410265933805,0.99802662951271,-5.35526886916629,"Apod","GSE41345",FALSE
0.299769418050001,3.08337809166667,2.6861388082563,0.0225952214930228,0.537623773850961,-3.16735213355647,"Apoe","GSE41345",FALSE
0.161158535599999,3.36434714622222,1.49336168190853,0.165793552412993,0.588386266586014,-4.50960190752399,"App","GSE41345",FALSE
-0.12107861385,2.21602720833333,-1.66593364069407,0.126277070918557,0.573793150721065,-4.33149125267717,"Appbp2","GSE41345",FALSE
0.110449394400002,1.88515743133334,1.67346789192399,0.124761025740934,0.573793150721065,-4.32350148260771,"Aprt","GSE41345",FALSE
0.772344627700001,0.250170143777778,0.955546217523622,0.361529298868869,0.71794356699861,-4.9836519015678,"Aqp1","GSE41345",FALSE
0.0937427879499998,0.713477238111111,1.53013724208643,0.156564340669633,0.580042267756514,-4.47248554582912,"Aqp11","GSE41345",FALSE
-0.199074941099996,2.265270872,-2.16300386449507,0.0554625672713947,0.551749088057453,-3.77740952286695,"Aqp4","GSE41345",FALSE
-0.0614705023000001,-0.0127134354444445,-0.952141791312144,0.363171532701458,0.71794356699861,-4.98616073115986,"Ar","GSE41345",FALSE
-0.0223804893500004,0.168688049444444,-0.194922935950369,0.849303894723916,0.952421512362176,-5.33903867538873,"Araf","GSE41345",FALSE
0.27306456055,0.886900314111111,3.04751108276264,0.0121184517307305,0.537623773850961,-2.75046371866898,"Arc","GSE41345",FALSE
0.126989903799996,3.23361867244445,1.30118431490658,0.221986462973826,0.618319375599093,-4.69494723589255,"Arf1","GSE41345",FALSE
-0.0873557356000007,1.73251024722222,-1.35615257735518,0.204481778749421,0.60599416791512,-4.64351046217707,"Arf2","GSE41345",FALSE
0.101113952050003,2.58284323944444,1.39759995146471,0.192060554259094,0.597673275028176,-4.60386059573253,"Arf3","GSE41345",FALSE
0.0719197341999998,1.67218829611111,0.994998341202694,0.342889883209363,0.708659567491277,-4.95406303068846,"Arf5","GSE41345",FALSE
0.0108421417,0.743882202444444,0.187322728493464,0.855103180268776,0.954822190577716,-5.34028016149609,"Arf6","GSE41345",FALSE
-0.13079962635,1.15879604233333,-1.25170466934289,0.238784448979682,0.629226152170424,-4.74007036036966,"Arfgap1","GSE41345",FALSE
-0.0239381399,-0.0275167138888889,-0.412388263307841,0.688639231763152,0.883216593535498,-5.28305248731534,"Arfgap3","GSE41345",FALSE
0.187769841100001,1.94301432011111,2.28040801591412,0.0454134125667678,0.551749088057453,-3.64132065535248,"Arfip2","GSE41345",FALSE
-0.0562459681999998,0.686850720111111,-0.550111230269993,0.594153882572765,0.836046968437545,-5.22773304975148,"Arfrp1","GSE41345",FALSE
-0.102271422899995,2.94303009666667,-0.953653514221998,0.362441641192223,0.71794356699861,-4.98504757538975,"Arhgap1","GSE41345",FALSE
-0.1854985059,0.0831672379999999,-1.47534560970556,0.170484646248853,0.590052931837169,-4.52760486796524,"Arhgap12","GSE41345",FALSE
-0.3279107763,0.650671194,-1.3788936732988,0.197585391965571,0.60170478966327,-4.62184516366153,"Arhgap15","GSE41345",FALSE
0.0695003951499996,1.50524017711111,1.07911294714991,0.305539319641994,0.678724210086633,-4.88790725869456,"Arhgap17","GSE41345",FALSE
-0.18809270365,-0.0905054437777779,-1.69342037980371,0.120824876910659,0.573793150721065,-4.30226432285967,"Arhgap18","GSE41345",FALSE
-0.20499693185,1.27127012111111,-3.13737173547917,0.0103872301661705,0.537623773850961,-2.64869389809835,"Arhgap20","GSE41345",FALSE
-0.0979640335500004,0.461162236333333,-0.916356083240215,0.38075946009869,0.728945967725167,-5.0120968511518,"Arhgap24","GSE41345",FALSE
-0.1222369843,0.198373703222222,-1.73369423477792,0.113219216591083,0.573793150721065,-4.25906262134233,"Arhgdib","GSE41345",FALSE
0.0889502283499987,2.01890971522222,1.11142182266685,0.292046688968778,0.665819756025844,-4.8614293317389,"Arhgdig","GSE41345",FALSE
-0.124809227499999,0.357598263222222,-1.52576227015415,0.15763828551745,0.580042267756514,-4.47692637718836,"Arhgef15","GSE41345",FALSE
0.061732006850001,1.71095887588889,0.802862516855339,0.440468502913361,0.757599815890886,-5.08890744180687,"Arhgef18","GSE41345",FALSE
0.09451167135,-0.0139687703333333,1.46172164129004,0.174107800618021,0.590052931837169,-4.5411380464081,"Arhgef19","GSE41345",FALSE
0.0477897815000001,0.376468193888889,0.736743107882547,0.477979622291964,0.779067807570135,-5.12966265223388,"Arhgef2","GSE41345",FALSE
0.0624148354000027,2.68905117644445,1.00750962281254,0.337129039408653,0.702247726450985,-4.94448412872942,"Arhgef3","GSE41345",FALSE
-0.07316154055,0.645762504555555,-0.776458508626626,0.455210307245455,0.765463681039957,-5.1055449977756,"Arhgef6","GSE41345",FALSE
0.0803997411499994,0.523434523888889,1.34263546208377,0.208675787538483,0.606956271474849,-4.65628287265436,"Arid2","GSE41345",FALSE
0.0747884361999997,-0.0980755352222222,0.762079805538429,0.463371570379685,0.769838850724009,-5.1144035213428,"Arid3a","GSE41345",FALSE
-0.1341580086,0.027888591,-2.50440977159685,0.0309162987144118,0.537623773850961,-3.37970923388574,"Arid4b","GSE41345",FALSE
-0.21205060745,0.00931943177777783,-2.84413646073969,0.0172009894234392,0.537623773850961,-2.9838408365112,"Arid5b","GSE41345",FALSE
-0.134266598,0.157686753444444,-2.01645939623974,0.0710133661886188,0.564515411734788,-3.94529578026319,"Arih1","GSE41345",FALSE
-0.0521581347,1.510366523,-0.879307150115793,0.399595032311139,0.734986193986031,-5.03809576598575,"Arih2","GSE41345",FALSE
-0.129292336600003,2.19871409588889,-1.4884347541934,0.167065211218791,0.5897571471234,-4.51453721753184,"Arl1","GSE41345",FALSE
0.15021561425,1.34038749522222,2.26088003105464,0.0469533124822148,0.551749088057453,-3.6640287793482,"Arl2","GSE41345",FALSE
0.143426338499997,4.38420474333333,0.860689145032086,0.409300914373582,0.740837121901425,-5.05082661227197,"Arl2bp","GSE41345",FALSE
-0.0197822269000002,2.14647860955555,-0.197069120991188,0.847667949277303,0.951668361009639,-5.33867924002328,"Arl3","GSE41345",FALSE
-0.09507217775,0.455495765777778,-1.08207594360115,0.304282366740901,0.678640513463071,-4.88550310394966,"Arl4c","GSE41345",FALSE
-0.1706910005,1.37121214411111,-2.37625357696801,0.0385392598553943,0.551749088057453,-3.52956934533072,"Arl6","GSE41345",FALSE
0.0920539881500021,3.32831109522222,1.27932715361592,0.229283085468164,0.622322174389639,-4.71502113150982,"Arl6ip1","GSE41345",FALSE
0.389666583100005,5.85579392944444,1.98100593550316,0.0753530284935438,0.564707806576065,-3.98547112269835,"Arl6ip4","GSE41345",FALSE
0.0444441383999987,4.524981883,0.379917631368842,0.711843622898652,0.894716938874813,-5.2938895293341,"Arl6ip5","GSE41345",FALSE
0.0742998718000056,2.26380493044445,0.992671068037451,0.343969443282013,0.708659567491277,-4.95583454985823,"Arl8b","GSE41345",FALSE
0.0877612758499994,1.71422712588889,0.903373351344142,0.38728727238732,0.730501050085571,-5.0213072474389,"Armc6","GSE41345",FALSE
-0.228315796400004,2.42965441911111,-1.2294047539098,0.246686582398934,0.636522478598047,-4.76002630692644,"Armc8","GSE41345",FALSE
-0.0888220394999998,-0.0792161069999999,-1.234333107052,0.244922214790812,0.634708493931174,-4.75563677677007,"Armc9","GSE41345",FALSE
-0.216254862250001,1.69971654788889,-2.45601249613985,0.0336029612155867,0.541735380587652,-3.4363302199321,"Armcx1","GSE41345",FALSE
-0.0410813586000006,2.645913174,-0.683850079873205,0.509396663306434,0.796625569318823,-5.16005221474669,"Armcx2","GSE41345",FALSE
-0.16049575385,1.28627511044444,-1.78802624171369,0.103647269429389,0.573793150721065,-4.20011302275998,"Armcx3","GSE41345",FALSE
-0.1719989794,0.559736327555556,-1.41922467855802,0.185837459043077,0.591109774634124,-4.58289083233043,"Armcx5","GSE41345",FALSE
-0.0711957526000001,0.370250193888889,-0.840430919513352,0.420044238714054,0.744213894696896,-5.0644208483136,"Arntl","GSE41345",FALSE
0.244005055500009,7.07309637833333,2.05763064290723,0.0662699324141304,0.564515411734788,-3.89840556079036,"Arpc1a","GSE41345",FALSE
0.0725765233500019,2.77337053,0.968255888969548,0.355445862842424,0.713864391204439,-4.97422291592236,"Arpc3","GSE41345",FALSE
0.172071887800002,1.71100487177778,2.52297979289205,0.0299426428347676,0.537623773850961,-3.3579829516756,"Arpc4","GSE41345",FALSE
0.114174357849999,4.59254073144444,0.951206741220864,0.363623525189995,0.718273966914667,-4.98684854944982,"Arpc5","GSE41345",FALSE
0.00943947109999999,0.788072458888889,0.142046629585729,0.889826164637139,0.969827825430104,-5.34665970944728,"Arpc5l","GSE41345",FALSE
-0.12348394255,1.64692395255556,-1.54089275872697,0.153951274823859,0.580042267756514,-4.46153963882989,"Arpp19","GSE41345",FALSE
0.0993491162000003,0.921640018555555,1.49213875601978,0.166108409215445,0.588898272067351,-4.51082774884954,"Arrb2","GSE41345",FALSE
-0.0416757506999999,-0.0200244356666667,-0.554300811455237,0.591388559615777,0.834308439857737,-5.22581762643593,"Arrdc2","GSE41345",FALSE
-0.0819372947500007,0.853491463555556,-0.52240330603961,0.612612271885241,0.844330059337871,-5.24005969849934,"Arrdc3","GSE41345",FALSE
-0.0677976847500002,0.710741192666667,-0.847150329458695,0.416459771253549,0.742384809625892,-5.05994182902351,"Arrdc4","GSE41345",FALSE
-0.0721467935999998,1.271639006,-0.774147890240892,0.456515477110892,0.766635881142267,-5.10697818265021,"Arsa","GSE41345",FALSE
-0.32862160985,-0.183102272222222,-2.46276995489311,0.0332144698100754,0.541735380587652,-3.42842544273659,"Arv1","GSE41345",FALSE
-0.12469767595,-0.190574304111111,-1.26617923521486,0.233766310374336,0.625407662508162,-4.72698923837616,"As3mt","GSE41345",FALSE
-0.20848413435,2.70183197233334,-2.28043680064335,0.0454111792393091,0.551749088057453,-3.64128716518173,"Asah1","GSE41345",FALSE
-0.1306332678,0.891759323666667,-1.43477308425556,0.181469836708115,0.590052931837169,-4.56769698997986,"Asah2","GSE41345",FALSE
-0.11411365875,2.35157004633333,-1.57238163335129,0.146519557131308,0.580042267756514,-4.42926521507319,"Asb13","GSE41345",FALSE
-0.00957875174999995,-0.015287261,-0.145256922251081,0.887355150702749,0.968757882391497,-5.34626480899933,"Asb2","GSE41345",FALSE
-0.3847960447,0.847201167888889,-2.81105766565998,0.0182114635884527,0.537623773850961,-3.02213123059649,"Asb3","GSE41345",FALSE
-0.00799674320000039,-0.0855319418888888,-0.0712066011703611,0.94461833628773,0.986275418198556,-5.3531340302442,"Asb6","GSE41345",FALSE
-0.152138294449998,1.97273178444444,-1.79282428301566,0.10283852773322,0.573793150721065,-4.19487231822877,"Asb8","GSE41345",FALSE
0.0575493596999995,1.191692352,0.598012892158579,0.56295019962972,0.81790776627274,-5.20503317562284,"Ascc1","GSE41345",FALSE
-0.0370902223500006,0.615056104333333,-0.471478126210499,0.64728110832119,0.86148839876386,-5.26115354981636,"Asf1a","GSE41345",FALSE
-0.0565834733499996,-0.0828308747777779,-0.423183272014514,0.68099763456293,0.879229664900373,-5.27926074159838,"Asgr1","GSE41345",FALSE
-0.0512036723999999,0.906800184666667,-0.718694872776094,0.488560763964389,0.786908953264903,-5.14025666627988,"Ash2l","GSE41345",FALSE
-0.0271768434500034,1.82342405911111,-0.361040733138959,0.72547843537439,0.899764254280683,-5.29979527992385,"Asna1","GSE41345",FALSE
-0.269986038599999,3.69480735766667,-1.77455100730188,0.105949822100191,0.573793150721065,-4.21480189006568,"Asns","GSE41345",FALSE
0.127782686299994,2.78719481022222,1.45105613028827,0.17699024819427,0.590052931837169,-4.55168304197386,"Asphd2","GSE41345",FALSE
0.202634855449999,0.881765231555556,2.66170036395957,0.0235691001791428,0.537623773850961,-3.19585489017305,"Aspscr1","GSE41345",FALSE
-0.0840110960499999,0.313018664888889,-1.37143219344416,0.199826229847834,0.603082357890033,-4.62897789945078,"Asrgl1","GSE41345",FALSE
-0.0713117503,0.364768049555555,-0.838541376481235,0.421055972064309,0.744213894696896,-5.06567498482115,"Ass1","GSE41345",FALSE
0.0238890298499967,2.417899887,0.360335946496871,0.725989490268026,0.899991396121351,-5.30001013440937,"Astn1","GSE41345",FALSE
-0.0969355254000002,1.76664276066666,-1.06660529466601,0.310889035557753,0.67958968631025,-4.89800160128504,"Atad1","GSE41345",FALSE
0.0409302631000002,1.61648222644444,0.613007847288666,0.553372348564424,0.814330688337885,-5.19756997844456,"Atad3a","GSE41345",FALSE
-0.0718306736000004,2.05530008577778,-0.736370334462388,0.478196698717533,0.779067807570135,-5.12988379398317,"Ate1","GSE41345",FALSE
-0.136980158350002,2.43602815922222,-1.20504255996396,0.255559461358443,0.641365508558957,-4.78154901103237,"Atf2","GSE41345",FALSE
0.00570568305000064,1.59746421033333,0.0526439696113437,0.959038387652216,0.991071841993878,-5.35412033536852,"Atf4","GSE41345",FALSE
0.0783330051,0.844267319333333,0.911031013062961,0.383427470251113,0.730086829836255,-5.01588757534994,"Atf5","GSE41345",FALSE
-0.0514123815500001,0.653727992444444,-0.562052697184785,0.586290004159088,0.83192473015596,-5.22223802780515,"Atf7ip","GSE41345",FALSE
-0.201138260449998,2.50672927377778,-1.91202318488574,0.0845190711143334,0.573793150721065,-4.06303853717655,"Atg5","GSE41345",FALSE
-0.34727256155,0.063209669111111,-2.90496071207378,0.0154880431695538,0.537623773850961,-2.9136526588998,"Atic","GSE41345",FALSE
0.204045631349997,1.66173988366667,2.0705100543689,0.0648487679374733,0.564515411734788,-3.88368889139116,"Atox1","GSE41345",FALSE
0.0493662539999998,0.0897359813333333,0.241765603608727,0.813781445567297,0.937488042134582,-5.33030936522,"Atp10d","GSE41345",FALSE
0.270524467150002,2.11746370611111,2.69547237002425,0.0222339683945747,0.537623773850961,-3.15647304838756,"Atp13a1","GSE41345",FALSE
0.203253784599995,3.42362731177778,2.12174624010736,0.0594768815103839,0.559593122121019,-3.82493672295682,"Atp1a1","GSE41345",FALSE
0.173154784699997,1.97302911388889,1.41937670375706,0.185794324328347,0.591109774634124,-4.58274274119275,"Atp1a2","GSE41345",FALSE
0.128559631400002,4.09361346555556,1.20079582825465,0.257132041579097,0.641365508558957,-4.78527050077991,"Atp1b1","GSE41345",FALSE
0.00446365284999953,1.61876607111111,0.0466201445335347,0.963721480571053,0.992251414152678,-5.35437691013446,"Atp1b2","GSE41345",FALSE
0.0104908486000016,2.70525610277778,0.187154856640476,0.855231377124637,0.954822190577716,-5.34030703069916,"Atp1b3","GSE41345",FALSE
-0.1756101472,-0.345680153111111,-1.11891468448875,0.288984374340739,0.661829336875724,-4.8552069439169,"Atp2a1","GSE41345",FALSE
0.166265112649998,6.87313410422222,1.39398088751282,0.193119115203758,0.597673275028176,-4.60735136637199,"Atp2a2","GSE41345",FALSE
0.1597713634,0.353733533444444,1.20084610976069,0.25711337695553,0.641365508558957,-4.78522649120612,"Atp2a3","GSE41345",FALSE
0.02764740375,1.585086787,0.339382677556613,0.741246431598812,0.906207455649166,-5.30621156244634,"Atp2b1","GSE41345",FALSE
0.13417906245,1.24823678966667,0.599308119983481,0.562119256619679,0.817642749100964,-5.20439519809303,"Atp2b2","GSE41345",FALSE
0.21136190345,0.388127898555555,2.03032041245436,0.0693816734204163,0.564515411734788,-3.9295365043155,"Atp2b3","GSE41345",FALSE
-0.16218301255,-0.229553099111111,-1.708201355861,0.117981470375544,0.573793150721065,-4.28645986346615,"Atp2c1","GSE41345",FALSE
0.0427500391500003,1.101281542,0.240938725760218,0.81440494099743,0.937488042134582,-5.33047949007445,"Atp5a1","GSE41345",FALSE
0.240061435200002,4.423836301,1.50036029167878,0.164001612785463,0.58623681373689,-4.50257606057913,"Atp5b","GSE41345",FALSE
-0.0145246885500025,3.20270762866667,-0.265141745461913,0.796212935152768,0.931350960839188,-5.32526241909797,"Atp5c1","GSE41345",FALSE
0.244627013200006,2.49142016877778,2.68396480562983,0.0226802038421299,0.537623773850961,-3.16988667800685,"Atp5d","GSE41345",FALSE
0.0395867975999991,2.50432781066667,0.553940842289772,0.591625888275909,0.834331474993124,-5.22598272953278,"Atp5f1","GSE41345",FALSE
0.20615150705,3.23938746722222,1.61925252028976,0.136043398441007,0.57817881478681,-4.38061955983468,"Atp5g1","GSE41345",FALSE
0.1470146438,1.05046993788889,1.83837647238327,0.0954437620921057,0.573793150721065,-4.14485201397698,"Atp5g2","GSE41345",FALSE
0.139073880149999,4.07758312,1.35135968871913,0.205960738654258,0.60599416791512,-4.64804836365801,"Atp5g3","GSE41345",FALSE
0.114645174749996,2.328042394,1.65850466742369,0.127788089090983,0.573793150721065,-4.33935321911705,"Atp5h","GSE41345",FALSE
0.234340570550002,4.38908737188889,1.52126076078415,0.15874999806625,0.580042267756514,-4.48148859881369,"Atp5j","GSE41345",FALSE
0.178628864800003,3.58168658277778,1.60975205527547,0.138111530999769,0.579351577338652,-4.39053647658613,"Atp5j2","GSE41345",FALSE
0.0199027724499972,2.46913339944444,0.104262674495175,0.918994574457491,0.979007060410048,-5.35064680675142,"Atp5l","GSE41345",FALSE
-0.0196475592999995,1.08167330922222,-0.300326771843735,0.7699955732759,0.920599259371826,-5.3168043704694,"Atp5o","GSE41345",FALSE
-0.15053073335,1.19284434344444,-2.08727791742064,0.0630418581255421,0.564515411734788,-3.86449673831918,"Atp5s","GSE41345",FALSE
0.0967040004500045,3.44032615955556,0.91551729296749,0.381178843353909,0.72896659349024,-5.01269514603902,"Atp6ap1","GSE41345",FALSE
-0.795071203550005,9.27502226444444,-3.88848841852969,0.00293979656504165,0.537623773850961,-1.84313646010663,"Atp6ap2","GSE41345",FALSE
0.220756557,3.24244215833333,1.29915137994276,0.222656947609188,0.618953496542315,-4.69682358490582,"Atp6v0a1","GSE41345",FALSE
-0.00925992374999999,1.36025351033333,-0.138720993294028,0.892387263267625,0.970451757819428,-5.34705953646716,"Atp6v0a2","GSE41345",FALSE
0.0934172505500026,2.37367301322222,0.902408775192268,0.387775393828886,0.730501050085571,-5.02198727471545,"Atp6v0b","GSE41345",FALSE
0.200336644949995,10.4749540916667,0.900382510256542,0.388802188128792,0.731002939929819,-5.02341386060583,"Atp6v0d1","GSE41345",FALSE
-0.00302068855000107,1.68804947555555,-0.03002029616355,0.976633587018438,0.996391498954882,-5.35492286939252,"Atp6v0e","GSE41345",FALSE
0.0167954007999987,2.21271302377778,0.24754367101863,0.809428399725197,0.937016424904449,-5.3291045304761,"Atp6v0e2","GSE41345",FALSE
0.0210506986000011,3.59257025844445,0.249534815564408,0.807929889777403,0.936246852256042,-5.32868284361174,"Atp6v1b2","GSE41345",FALSE
0.198994311350001,1.85537311455555,2.47078448718696,0.0327594330381379,0.541735380587652,-3.41904960089321,"Atp6v1c1","GSE41345",FALSE
-0.226634755100003,1.67644386777778,-0.580803179596026,0.574055484936325,0.825502030461033,-5.21338962716934,"Atp6v1d","GSE41345",FALSE
0.204529567750009,3.86743461211111,1.97360798512454,0.0762894796517461,0.568283376490038,-3.99382906767837,"Atp6v1e1","GSE41345",FALSE
0.131670207249998,2.93587368011111,1.60672635021383,0.138776025596332,0.579351577338652,-4.39368885466872,"Atp6v1f","GSE41345",FALSE
0.0739315898499996,1.21698009077778,0.978438362967339,0.35062604981079,0.710557775912246,-4.96659773765366,"Atp6v1g1","GSE41345",FALSE
-0.0907143780000012,5.41690315166667,-0.829432416482694,0.425956371717052,0.749510810386982,-5.07168748707438,"Atp6v1g2","GSE41345",FALSE
-0.000188695000001914,2.87172927755555,-0.00328872532098026,0.997439790661856,0.998627926207612,-5.35530502559552,"Atp6v1h","GSE41345",FALSE
0.0189960856500001,-0.207835194666667,0.204636299151243,0.841905904849438,0.947136437588345,-5.33738081441061,"Atp7a","GSE41345",FALSE
0.0560493522500002,0.513773137222222,0.715252351169946,0.490595455924258,0.78728806312102,-5.14225110983272,"Atp8a1","GSE41345",FALSE
0.466883845099996,2.20901213055556,1.91927054629578,0.0835092630768681,0.573793150721065,-4.05492944883085,"Atp9a","GSE41345",FALSE
0.0633480428499998,1.02368409311111,0.569743970986244,0.581254650297313,0.828743907675813,-5.21864094327901,"Atp9b","GSE41345",FALSE
-0.1583674502,0.681785778777778,-1.53280383583824,0.155912899149622,0.580042267756514,-4.46977551245542,"Atpaf2","GSE41345",FALSE
0.132371408600002,3.71672704355556,1.33269548860509,0.21180554913916,0.609318530695256,-4.66562430651777,"Atpif1","GSE41345",FALSE
-0.174198613549999,-0.230171475222222,-1.4297635824782,0.182867356859579,0.590993588481768,-4.57260275403379,"Atxn3","GSE41345",FALSE
0.053015887,0.296160958444444,0.801575505132322,0.441179679750527,0.758336071686369,-5.08972944211095,"Atxn7l2","GSE41345",FALSE
-0.1051792558,0.0821260778888889,-1.48268998802454,0.168558612570222,0.590052931837169,-4.52028041433607,"AU019823","GSE41345",FALSE
0.00731225320000052,0.373589504111111,0.117524038843042,0.908740379287178,0.974851676823067,-5.34938626209963,"AU022252","GSE41345",FALSE
0.0424047447000015,1.832330569,0.329691127432726,0.748343643554894,0.909797466552958,-5.30895774972002,"AU040320","GSE41345",FALSE
0.0768239810499993,2.37611982777778,1.27179828575782,0.231841608451373,0.623893933522025,-4.72188434818416,"Aup1","GSE41345",FALSE
0.00602664025000004,-0.0137200812222222,0.108504970210821,0.915712481536041,0.977755249711254,-5.35025991080923,"Aven","GSE41345",FALSE
0.0822029521999999,0.712590413222222,0.699185562914056,0.500160911630152,0.792639120007653,-5.15144750029445,"Avpi1","GSE41345",FALSE
-0.163332437850002,2.078615073,-2.92827939937439,0.0148779627997815,0.537623773850961,-2.88682605655285,"AW549877","GSE41345",FALSE
0.0836015887000009,0.338266871444445,1.02484747928331,0.329264876774509,0.697528337914024,-4.93105692373811,"Axin2","GSE41345",FALSE
0.0132516537999983,1.71725047611111,0.186200139365722,0.855960539331824,0.955001991117342,-5.34045938640842,"Axl","GSE41345",FALSE
-0.087785001,0.502118885,-1.51918465740391,0.159265021468475,0.580042267756514,-4.48359028141592,"Azi2","GSE41345",FALSE
-0.124670763550001,0.665100624555555,-1.82056223880854,0.0982754126406348,0.573793150721065,-4.16446971385864,"B230217C12Rik","GSE41345",FALSE
-0.1376524599,1.47419137033333,-1.38387367398535,0.19610161372488,0.600226838071983,-4.61707154049715,"B230219D22Rik","GSE41345",FALSE
0.0369631693000017,4.12006328644445,0.264960815800709,0.796348471770489,0.931350960839188,-5.32530324086834,"B2m","GSE41345",FALSE
-0.1129321852,1.23242104488889,-1.30800040849742,0.219750594950323,0.617688005795592,-4.68864240149396,"B3galnt1","GSE41345",FALSE
-0.0529213331500002,0.394333201888889,-0.556576395205415,0.589889430254432,0.833514260793808,-5.22477160669661,"B3galt5","GSE41345",FALSE
-0.60069142015,0.574566272888889,-1.87847183394862,0.0893436904859598,0.573793150721065,-4.10044725432742,"B3galt6","GSE41345",FALSE
0.322592473350003,4.175404876,1.68102199631956,0.123257416312571,0.573793150721065,-4.31547427409151,"B3gat1","GSE41345",FALSE
0.09580679545,0.922490007777778,0.857886530078526,0.410775876606993,0.740973672484891,-5.05272341080135,"B3gat3","GSE41345",FALSE
0.132761992950005,2.932472211,1.71048044372861,0.117548460799683,0.573793150721065,-4.28401763018185,"B3gnt6","GSE41345",FALSE
0.0590632825499998,0.460778695,0.956731563993383,0.360958770836207,0.717789858567426,-4.9827767086871,"B4galnt4","GSE41345",FALSE
-0.0465040987500001,-0.165237476333333,-0.45633338034725,0.657769374652048,0.866553044980333,-5.26703202615653,"B4galt1","GSE41345",FALSE
0.153960392950004,2.39684107411111,1.57750831619066,0.145339968185006,0.579936514910764,-4.42397910827365,"B4galt3","GSE41345",FALSE
-0.1135642632,0.0194633043333334,-1.48413670621993,0.168181441985029,0.5897571471234,-4.51883524620362,"B4galt7","GSE41345",FALSE
0.0364053392499923,2.20570139077778,0.402901810630059,0.695384966666168,0.885598920340427,-5.28630695240963,"B930041F14Rik","GSE41345",FALSE
0.117080138599999,1.42059886255556,0.818255125710311,0.432021724586412,0.752308548718672,-5.07898942106848,"Baalc","GSE41345",FALSE
0.0737745415999974,1.83322522955556,0.901928724037868,0.388018483663146,0.730686039250651,-5.02232549017709,"Bace1","GSE41345",FALSE
-0.0713605088500004,0.410438576888889,-0.743034528422161,0.47432533735487,0.776942859103912,-5.12591560806457,"Bach1","GSE41345",FALSE
-0.0957367846500003,0.685995075333333,-1.10764326390628,0.29360048384365,0.668454735902269,-4.86455561692256,"Bach2","GSE41345",FALSE
0.0428120938000003,1.02462546444444,0.666807258802499,0.519780603081394,0.800293435299939,-5.16941495286719,"Bad","GSE41345",FALSE
0.0762543859499961,3.158274664,0.860169123987021,0.409574316565591,0.740837121901425,-5.05117894969013,"Bag1","GSE41345",FALSE
0.0312260712499998,1.24424396188889,0.400555946740592,0.697057418870027,0.886351405460487,-5.28710050747605,"Bag3","GSE41345",FALSE
-0.131205756950001,1.10246661244444,-1.67880671719177,0.123696660484996,0.573793150721065,-4.31782998259362,"Bag4","GSE41345",FALSE
-0.0883804232499996,1.34257284788889,-1.49567996835607,0.165198101636648,0.587928035676513,-4.50727658578474,"Bag5","GSE41345",FALSE
0.0805269335999995,0.625484281666667,1.35177241193616,0.205833031579351,0.60599416791512,-4.647657988626,"Bahd1","GSE41345",FALSE
0.642380128000003,2.01032415011111,2.62792907808183,0.0249841171255187,0.537623773850961,-3.23527971996059,"Bai2","GSE41345",FALSE
0.00771415914999982,1.29994207677778,0.150052686666524,0.883666134577078,0.967272063968532,-5.34565852445202,"Bai3","GSE41345",FALSE
0.10007034085,0.648549255444444,1.00364969121398,0.338898657572353,0.703608863786487,-4.94744929762774,"Baiap2","GSE41345",FALSE
0.01712993415,4.37682517866667,0.0779401736481454,0.9393923647192,0.984078873136461,-5.35270325874941,"Banf1","GSE41345",FALSE
0.0503215740000002,1.39225491,0.76916503943825,0.459338324718442,0.76844598649671,-5.11005629458336,"Bap1","GSE41345",FALSE
0.127837628650001,0.319453657444445,1.37188229515456,0.199690451021063,0.603082357890033,-4.62854829558067,"Basp1","GSE41345",FALSE
0.0851875685,0.892552167555556,1.04328786878029,0.321051920919543,0.691091900485199,-4.91658322527236,"Bax","GSE41345",FALSE
-0.1560191235,0.263834596333333,-1.44303928412544,0.179183755096046,0.590052931837169,-4.55958034744101,"Bbs2","GSE41345",FALSE
-0.1149513579,1.469429963,-1.699038671814,0.119736886778029,0.573793150721065,-4.29626410586727,"Bbs4","GSE41345",FALSE
-0.2782300551,1.02336451333333,-2.46897064138626,0.0328618766622193,0.541735380587652,-3.42117158438364,"Bbs5","GSE41345",FALSE
-0.2107319303,0.863764058111111,-2.61036101643012,0.0257533292271239,0.537623773850961,-3.25580328100338,"Bbs7","GSE41345",FALSE
-0.0960239830499995,0.157012049,-1.64204920634098,0.131192834135536,0.574906006279939,-4.35670974382489,"Bbx","GSE41345",FALSE
0.00955405080000001,-0.049758246,0.147100902408945,0.885936378824403,0.967889332411495,-5.34603400948253,"BC004004","GSE41345",FALSE
-0.02868092735,0.682613321777778,-0.296613943251317,0.772748494784074,0.922369802612492,-5.31774556989656,"BC005537","GSE41345",FALSE
0.0717904655499997,0.864542488777777,1.24719056452733,0.240367243952855,0.630197490903886,-4.74412940674937,"BC017158","GSE41345",FALSE
-0.11981385765,0.378828949,-1.65025321070218,0.129485362002418,0.574426201312774,-4.34806657941184,"BC017643","GSE41345",FALSE
0.239131868100003,2.41117677666667,1.43222489004274,0.182179571378355,0.590824166212891,-4.57019365658626,"BC018242","GSE41345",FALSE
0.0205850572000003,0.231089881111111,0.304170768768338,0.767148915659819,0.91855020234886,-5.3158178512969,"BC022687","GSE41345",FALSE
-0.0672458938,0.167236048888889,-1.16709088542119,0.269888715502852,0.648427247394417,-4.8144818643172,"BC023829","GSE41345",FALSE
-0.13000662025,-0.133012038111111,-1.15334344142142,0.275233631279641,0.652143560758076,-4.82622817883719,"BC028528","GSE41345",FALSE
-0.0300527943000001,0.615964394333333,-0.468247037415324,0.649512083167074,0.861816153070185,-5.26242298467135,"BC029214","GSE41345",FALSE
-0.0203099747,0.0519707427777777,-0.27316488427431,0.790209899681917,0.929262650567212,-5.32342468922702,"BC030499","GSE41345",FALSE
0.05064607585,2.10400720744445,0.728981431788253,0.482512275382514,0.782864225255292,-5.13424689721038,"BC031181","GSE41345",FALSE
0.0774378675999995,2.52756728344444,0.906497375364048,0.385709334853558,0.730086829836255,-5.0191007380578,"BC037034","GSE41345",FALSE
-0.38738069525,1.27979721811111,-3.11848495604535,0.0107288689127519,0.537623773850961,-2.67000620294039,"BC048546","GSE41345",FALSE
-0.0622237158999997,0.736901621555556,-0.987444831792934,0.346402867979898,0.709874904317257,-4.95980093622284,"BC052040","GSE41345",FALSE
0.265586867399997,1.98529908733333,2.85754155725731,0.0168077500833844,0.537623773850961,-2.96834675775794,"Bcan","GSE41345",FALSE
-0.389361247250003,2.78291570877778,-2.01187029818382,0.0715615194354194,0.564515411734788,-3.95050705024604,"Bcap29","GSE41345",FALSE
-0.11613024135,0.995796817,-0.934019838964321,0.372003759284714,0.725044125295751,-4.99939473302536,"Bcap31","GSE41345",FALSE
-0.00917387004999925,0.353218962222222,-0.120023728596103,0.906809426830199,0.973806614461992,-5.34913182560509,"Bcar1","GSE41345",FALSE
0.0694901829999951,3.17294158977778,0.902970405687029,0.387491129495332,0.730501050085571,-5.02159139673106,"Bcas1","GSE41345",FALSE
0.0381688370000003,1.17572090855556,0.332076790247295,0.746594285528104,0.908994759447109,-5.30828893707843,"Bcas2","GSE41345",FALSE
0.0271367789499961,2.26135445844445,0.465374245732582,0.651498715414299,0.86369821814782,-5.26354469850097,"Bcas3","GSE41345",FALSE
-0.38975318445,1.45186748266667,-2.86517542828863,0.0165878722634279,0.537623773850961,-2.95952945631124,"Bcat1","GSE41345",FALSE
-0.1268865996,1.89863061633334,-1.78465686200311,0.104218674909855,0.573793150721065,-4.20378997182454,"Bccip","GSE41345",FALSE
0.0669749308000003,1.06324494611111,1.29083839457223,0.225416063002846,0.620187610125935,-4.70447654842787,"Bckdha","GSE41345",FALSE
-0.0212475570000001,0.226803915333333,-0.0854349727992624,0.93357915158768,0.983216698131415,-5.35217811838421,"Bckdhb","GSE41345",FALSE
0.145432140599995,1.86228731033333,1.76913712889042,0.106887993093944,0.573793150721065,-4.2206909115726,"Bckdk","GSE41345",FALSE
-0.00131314655000055,0.744341741111111,-0.0187163712739188,0.985430571000621,0.997468690419906,-5.35515931474966,"Bcl10","GSE41345",FALSE
0.192982853250001,2.421392066,2.14854775051796,0.0568386831278552,0.552658308806149,-3.79408276309268,"Bcl11a","GSE41345",FALSE
0.2448381504,2.89886506033333,2.15656173428146,0.0560718217009465,0.552658308806149,-3.78484229021559,"Bcl11b","GSE41345",FALSE
-0.224445154,-0.288690464777778,-1.71528410108249,0.116640503164645,0.573793150721065,-4.27886549506582,"Bcl2","GSE41345",FALSE
-0.1167350549,0.595884134777778,-0.976036185892501,0.351758780597403,0.710557775912246,-4.96840228484456,"Bcl2l1","GSE41345",FALSE
-0.1135410629,0.418766727777778,-1.55827847653452,0.149808142150963,0.580042267756514,-4.44376173706374,"Bcl2l13","GSE41345",FALSE
-0.122193862050008,4.06422494166667,-2.02033186027707,0.0705538967948735,0.564515411734788,-3.94089584358752,"Bcl2l2","GSE41345",FALSE
-0.0773881536999995,2.22209032722222,-0.857543597241042,0.410956605308918,0.740973672484891,-5.05295515241528,"Bcl6","GSE41345",FALSE
0.0245074174999901,2.19653387555556,0.291932841937191,0.776224058150757,0.924102437501008,-5.31891588653075,"Bcl7a","GSE41345",FALSE
0.00773664290000001,-0.0129004344444444,0.122449171150851,0.904936435918821,0.973370215015763,-5.34887984580294,"Bcl7b","GSE41345",FALSE
0.144384687650001,0.453951957888889,1.16066066694875,0.272378450663552,0.651514519919803,-4.81998836127468,"Bcl9l","GSE41345",FALSE
-0.0974638601000022,1.88470777044445,-1.70751577408296,0.118112007436774,0.573793150721065,-4.28719424489872,"Bclaf1","GSE41345",FALSE
-0.0846954122999997,1.05730889133333,-1.41010077620173,0.188441878441008,0.595435833454308,-4.59176157167424,"Bcs1l","GSE41345",FALSE
-0.13230340305,0.209427558333334,-0.759131075349483,0.465056816041169,0.771220494342524,-5.11620247254609,"Bdnf","GSE41345",FALSE
-0.0269006187499999,0.981253907444444,-0.184315647039319,0.857400230125326,0.955973769737347,-5.34075784942315,"Becn1","GSE41345",FALSE
-0.0261931803000003,-0.00156938366666681,-0.329253412031664,0.748664774079936,0.909797466552958,-5.30907995182296,"Bet1","GSE41345",FALSE
-0.0271889682500001,1.38797885711111,-0.509765124512701,0.621127800527384,0.847897013089309,-5.24548424214961,"Bet1l","GSE41345",FALSE
0.339441490450003,9.04996461344444,1.53521174487161,0.15532669058771,0.580042267756514,-4.46732624068657,"Bex2","GSE41345",FALSE
0.159432087600004,2.682114301,1.25483129368476,0.237693127347934,0.628571809761735,-4.73725319268348,"Bex4","GSE41345",FALSE
-0.17284756125,1.20222005666667,-1.83115060761506,0.0965831628920464,0.573793150721065,-4.15281789517682,"Bfar","GSE41345",FALSE
-0.0487197115000001,1.36065812688889,-0.409088263241234,0.690982632128684,0.883254635185195,-5.28419285113279,"Bgn","GSE41345",FALSE
-0.175319645349999,2.25487461622222,-1.91644646046492,0.0839014115462621,0.573793150721065,-4.0580904980358,"Bhlhb9","GSE41345",FALSE
0.00745103859999989,-0.0375414248888888,0.0790797786417105,0.938508200299849,0.983765714843513,-5.35262651096098,"Bicc1","GSE41345",FALSE
-0.224978503050003,1.800741594,-1.83581363764964,0.0958464540511918,0.573793150721065,-4.1476786277915,"Bicd2","GSE41345",FALSE
0.380178994199998,2.50689656766667,3.58474697248073,0.00486490728912687,0.537623773850961,-2.15810253227911,"Bin1","GSE41345",FALSE
-0.2154423882,1.03754840466667,-1.36329348722986,0.202294802815057,0.604970355956323,-4.63673110921035,"Birc2","GSE41345",FALSE
-0.0338461023499992,2.00091839244444,-0.454605003565546,0.65897135108722,0.866769046304865,-5.26769130787433,"Blcap","GSE41345",FALSE
-0.1132354659,-0.301933923333333,-0.826252230571788,0.427676243813733,0.750917738002808,-5.07377357163027,"Blm","GSE41345",FALSE
-0.0520040788500002,1.08916175866667,-0.796275664071957,0.444116254437141,0.758336071686369,-5.09310252143412,"Blmh","GSE41345",FALSE
0.0425276068999994,0.415789076222222,0.680585857286737,0.511375767038005,0.797177123082738,-5.16186181444157,"Bloc1s3","GSE41345",FALSE
0.00129473855000017,1.32745585555556,0.0199323802097753,0.984484123809844,0.997338978781246,-5.35513914357988,"Blvra","GSE41345",FALSE
-0.00439405420000052,0.765056997222222,-0.0641268552024901,0.950115938746119,0.986441609221544,-5.353545048958,"Blvrb","GSE41345",FALSE
-0.1612123936,0.395031333888889,-2.23301315808081,0.049238546053201,0.551749088057453,-3.6963887023162,"Bmi1","GSE41345",FALSE
0.179075555799998,1.54230095111111,0.863146593587812,0.408010600153633,0.740837121901425,-5.04915918455447,"Bmp1","GSE41345",FALSE
0.0648046488500002,-0.0630908344444445,0.630326580424732,0.542425788006189,0.811641100947509,-5.18874063719305,"Bmp4","GSE41345",FALSE
-0.17264643385,0.0335187792222222,-1.73688679557592,0.112635263241688,0.573793150721065,-4.25561944044823,"Bmper","GSE41345",FALSE
-0.22699000855,0.469700934555556,-1.47884566887135,0.169564411639357,0.590052931837169,-4.52411682199063,"Bmpr1a","GSE41345",FALSE
-0.0820514217499998,0.462531563444445,-0.686533115084753,0.507773403994902,0.796004410892202,-5.15855902897131,"Bmpr1b","GSE41345",FALSE
-0.00375704059999989,0.151806865777778,-0.0620166514267734,0.951755109548674,0.987186552335245,-5.35365924734892,"Bmx","GSE41345",FALSE
0.0244967022,0.705952639,0.438407707182215,0.67028459021409,0.871197213517952,-5.27375385857885,"Bnip1","GSE41345",FALSE
-0.14199222055,0.728565967222222,-2.86373859759156,0.0166290344754877,0.537623773850961,-2.96118868114289,"Bnip2","GSE41345",FALSE
0.274546945750002,2.59766252977778,1.69569402661485,0.120383512967748,0.573793150721065,-4.29983717238362,"Bok","GSE41345",FALSE
0.12697393745,1.82224516888889,1.04921537341524,0.318444949868513,0.688053934098933,-4.91188905622056,"Bola2","GSE41345",FALSE
0.15802783765,1.38002936411111,1.64146703468441,0.131314760488093,0.574906006279939,-4.3573223116822,"Bola3","GSE41345",FALSE
0.128246346249999,0.956350016111111,1.7116658876173,0.117323803633602,0.573793150721065,-4.2827467698204,"Bop1","GSE41345",FALSE
0.0108864977500001,1.19754788844444,0.105998067561242,0.91765177466874,0.978897416270167,-5.35049039919824,"Bpnt1","GSE41345",FALSE
0.0146250679999968,6.26293778422222,0.13754785159343,0.893291019670044,0.970458124126676,-5.34719832881511,"Brd2","GSE41345",FALSE
0.198373786749995,2.05356308144444,1.73822667625163,0.112391000260261,0.573793150721065,-4.25417358590806,"Brd4","GSE41345",FALSE
-0.0949550930999987,1.68956056,-1.18220266221118,0.264108422598962,0.6436898197403,-4.80145667011743,"Brd9","GSE41345",FALSE
-0.0754131368500002,0.356062075888889,-0.921449408720193,0.378219889284428,0.728556252861778,-5.0084543319142,"Brdt","GSE41345",FALSE
-0.12402998115,0.243064065333334,-1.10137046029645,0.29619405185828,0.670725910876205,-4.86972833682874,"Bre","GSE41345",FALSE
0.0192456424500002,0.621617382666667,0.293628447833027,0.774964524660654,0.923474975865709,-5.31849407613673,"Brf1","GSE41345",FALSE
0.0549925517499995,0.863847679111111,1.09054327414735,0.300712212835831,0.67609972774458,-4.87860579754802,"Brf2","GSE41345",FALSE
0.198494997399999,2.65630007244444,2.82721876779418,0.0177105284121306,0.537623773850961,-3.00341409013807,"Bri3","GSE41345",FALSE
0.0743960258500002,1.49291113677778,1.21030877393403,0.253620076285031,0.641105786819756,-4.77692157336296,"Brms1","GSE41345",FALSE
-0.0313428685000069,2.01756157122222,-0.519341348021374,0.614669935123691,0.845448920354193,-5.24138537330237,"Brms1l","GSE41345",FALSE
-0.0693347285000023,1.45407966111111,-0.557034452580066,0.589587911531185,0.833514260793808,-5.22456057044675,"Brpf1","GSE41345",FALSE
0.1100657023,-0.129212402888889,1.19443410345534,0.259502284293291,0.641851050902518,-4.79082839940443,"Brsk1","GSE41345",FALSE
-0.0681194491999999,0.546510440444444,-0.714385517828707,0.4911086223667,0.78728806312102,-5.14275198332605,"Brsk2","GSE41345",FALSE
-0.0198868622,0.852763371777778,-0.274592066280609,0.789143550684655,0.928819625483433,-5.32309215022187,"Brwd1","GSE41345",FALSE
0.0830687069500042,3.01005787211111,1.06449205929184,0.311799899216107,0.679917145504823,-4.89969838656712,"Bscl2","GSE41345",FALSE
-0.163195248649996,2.12391342477778,-2.27266223906775,0.0460182697691752,0.551749088057453,-3.65033076287512,"Btbd1","GSE41345",FALSE
-0.1452844174,1.40125050022222,-1.62440073303315,0.134934238823758,0.57817881478681,-4.37523391779869,"Btbd11","GSE41345",FALSE
-0.227338424000001,3.00915483444444,-1.29845477097795,0.222887081047163,0.618953496542315,-4.69746610306611,"Btbd3","GSE41345",FALSE
0.00114821909999984,1.439731135,0.0207898124735631,0.98381677999232,0.997263923919854,-5.35512415751228,"Btbd6","GSE41345",FALSE
0.0731254674000002,0.836198546333333,0.896343992001123,0.39085436575683,0.731002939929819,-5.0262493422934,"Btbd9","GSE41345",FALSE
0.0779341800000034,2.72453456333333,0.881857813226448,0.398277850333512,0.734724569209374,-5.03633409777256,"Btf3","GSE41345",FALSE
0.0164852352999969,4.94858696744445,0.114663427042073,0.910950898666275,0.975562833292424,-5.3496708869613,"Btg1","GSE41345",FALSE
0.2440132889,0.202190813222222,2.03640965875764,0.0686761141007201,0.564515411734788,-3.92260447614168,"Btrc","GSE41345",FALSE
-0.0972755702000005,0.748680659444445,-1.24753351555929,0.240246695502023,0.630197490903886,-4.74382137203706,"Bub3","GSE41345",FALSE
-0.0165904247999998,1.45495675166667,-0.297612167712899,0.772008022955743,0.921912493432587,-5.31749364705991,"Bud31","GSE41345",FALSE
0.0359081568499995,2.08142082822222,0.289205437086204,0.778251458589424,0.924769581919526,-5.31958935286723,"Bzrap1","GSE41345",FALSE
-0.0643304773000002,1.40684341055556,-0.53204764856585,0.606154242681121,0.841063623030096,-5.2358365652391,"Bzw1","GSE41345",FALSE
0.0491234924499987,2.73832899211111,0.363652839444771,0.723585576629034,0.89927300843159,-5.29899543106044,"Bzw2","GSE41345",FALSE
0.1125741173,0.00623589222222218,1.32641540553281,0.213803021365362,0.611229385910158,-4.67150375431354,"C030006K11Rik","GSE41345",FALSE
-0.04184827085,-0.0653898568888889,-0.629254752114297,0.543099624682731,0.811641100947509,-5.18929356136217,"C030039L03Rik","GSE41345",FALSE
0.0626655135499998,0.177839165555556,0.820700841894075,0.430689643476486,0.75221382329227,-5.0773988410451,"C1qa","GSE41345",FALSE
-0.00299892644999968,0.859037108,-0.0383831889141141,0.970127425692449,0.994556490641638,-5.35467736958944,"C1qb","GSE41345",FALSE
0.0805561405500008,1.44211904933333,1.34768722935146,0.20710001429939,0.60599416791512,-4.65151871289742,"C1qbp","GSE41345",FALSE
-0.0766817317000005,0.145636919555556,-0.586924174823163,0.570091957483235,0.823142516731666,-5.21044317893252,"C1ql3","GSE41345",FALSE
0.298329260499998,2.05680011244445,2.57129159587634,0.0275493282876916,0.537623773850961,-3.30147330945408,"C1qtnf4","GSE41345",FALSE
-0.0770126794999993,0.346949073444444,-0.549027005731679,0.594870632449809,0.836240137393894,-5.22822654460948,"C2","GSE41345",FALSE
-0.0657274287499996,0.459889094444444,-1.13764775081426,0.281437448385829,0.656983597550459,-4.8395176624884,"C78339","GSE41345",FALSE
-0.143095460250001,0.649335880666667,-1.32874075696234,0.213061589921617,0.61049408975836,-4.66932878688414,"C87436","GSE41345",FALSE
0.0433341735999994,1.13133898211111,0.211046935897297,0.837032129611406,0.947136437588345,-5.33624294940822,"Cab39l","GSE41345",FALSE
0.1131125168,0.799263428888889,1.0361719391019,0.324202765754739,0.694591595812067,-4.92219181197573,"Cabp7","GSE41345",FALSE
-0.0120218355500001,-0.173863037222222,-0.168421918635756,0.869563779184219,0.961265282514828,-5.34315519717066,"Cacna1a","GSE41345",FALSE
0.0474100388999998,0.054076467,0.283498099460966,0.782499598104799,0.928068079313853,-5.32097858884826,"Cacna1g","GSE41345",FALSE
0.148232579000001,1.76990906922222,1.48728957636225,0.16736199286456,0.5897571471234,-4.51568305953224,"Cacna1h","GSE41345",FALSE
0.126361489200003,2.12377881366667,0.779863575532585,0.453291352219649,0.764020150148293,-5.10342626125402,"Cacna2d1","GSE41345",FALSE
0.0854919022000001,1.47501748477778,1.2512635569282,0.238938743090693,0.629226152170424,-4.74046743668476,"Cacna2d3","GSE41345",FALSE
-0.219461415050001,0.265203225111111,-1.64790713509639,0.129971603235179,0.574492722400542,-4.35054029583579,"Cacnb2","GSE41345",FALSE
0.395208056200001,1.29484665277778,1.39281464623587,0.193461286542222,0.597673275028176,-4.60847511271678,"Cacnb3","GSE41345",FALSE
-0.257223173499999,2.79457070455556,-3.35033326615212,0.00722385615760201,0.537623773850961,-2.41155067765791,"Cacnb4","GSE41345",FALSE
0.11119674215,-0.0908330231111111,1.21071074064195,0.253472530642772,0.641105786819756,-4.77656779471113,"Cacng2","GSE41345",FALSE
-0.0656847717000001,1.70553267433333,-0.50173404232201,0.626569798397401,0.849411377800667,-5.24886651112695,"Cacng3","GSE41345",FALSE
0.0597908278000001,-0.110162640555556,0.650576824322744,0.529785737207318,0.80716298269985,-5.17813413213765,"Cacng4","GSE41345",FALSE
-0.384045506300002,0.897072033111112,-1.41009856827453,0.188442512431702,0.595435833454308,-4.59176371426204,"Cacng5","GSE41345",FALSE
-0.0795668810999999,0.206460359333333,-1.61363224135518,0.137263512786005,0.57817881478681,-4.38648962035955,"Cacng7","GSE41345",FALSE
0.0850160715,-0.160001975333333,0.825956355959696,0.427836492257164,0.750917738002808,-5.07396731031427,"Cacng8","GSE41345",FALSE
-0.15433503535,0.533244556555556,-2.21522247694087,0.0507532389379762,0.551749088057453,-3.71701733506173,"Cadm2","GSE41345",FALSE
-0.0949496870000014,2.41880308711111,-1.3648086002347,0.20183331820681,0.604970355956323,-4.63528989908003,"Cadps","GSE41345",FALSE
-0.186396788200001,2.94562860922222,-2.45621192629955,0.0335914320936439,0.541735380587652,-3.43609693642987,"Cadps2","GSE41345",FALSE
-0.465358479599994,3.17444020266667,-2.17195512048588,0.0546265426420802,0.551749088057453,-3.76707499953987,"Calb2","GSE41345",FALSE
-0.0820611544500001,0.0606573710000001,-1.1329576289797,0.283312340502943,0.658407434634258,-4.84346338577659,"Calca","GSE41345",FALSE
0.2053984754,0.444292743888889,0.782650404957858,0.45172473480856,0.762461696248568,-5.10168627250309,"Calml4","GSE41345",FALSE
0.121639044499999,3.31102654055556,1.13413638095035,0.282840214766252,0.65795769687451,-4.84247282595921,"Caln1","GSE41345",FALSE
-0.11729000795,1.48334687377778,-1.29162300412841,0.22515445015469,0.620187610125935,-4.70375559271572,"Calr","GSE41345",FALSE
-0.327612620450002,1.61225566711111,-2.02906886412385,0.0695275362719917,0.564515411734788,-3.93096060990919,"Calu","GSE41345",FALSE
0.04727054525,1.28529483822222,0.621129649325047,0.548223315733296,0.813144170953828,-5.19345724104001,"Camk1","GSE41345",FALSE
-0.0116381675500002,0.771292895888889,-0.206951157919045,0.84014518309718,0.947136437588345,-5.33697394202871,"Camk1d","GSE41345",FALSE
0.272142027399995,5.28640736177778,1.52966669088932,0.156679541561622,0.580042267756514,-4.47296350363771,"Camk2a","GSE41345",FALSE
0.163029584899998,3.77215283188889,1.4030117716693,0.190486795883421,0.596310596848497,-4.59863056651114,"Camk2b","GSE41345",FALSE
0.0060258145500002,1.579029433,0.0680188278836137,0.947093364605493,0.986441609221544,-5.35332441462736,"Camk2g","GSE41345",FALSE
0.060685760500002,3.62789534611111,0.416839118248626,0.685484042715697,0.881510163875961,-5.28150050525959,"Camk2n1","GSE41345",FALSE
0.1090631416,1.20065681177778,1.51683742362042,0.159849058243071,0.580042267756514,-4.48596458698035,"Camkk1","GSE41345",FALSE
0.207362749449998,1.63622634477778,1.1874737720162,0.262115501238071,0.642784837928131,-4.79688578666499,"Camkk2","GSE41345",FALSE
-0.0103136190499999,1.08271201911111,-0.205861273266101,0.840974053948426,0.947136437588345,-5.3371660705355,"Caml","GSE41345",FALSE
0.232603697749999,3.93550031822222,1.61864758936604,0.136174259115425,0.57817881478681,-4.38125184909675,"Camta2","GSE41345",FALSE
-0.05611911675,1.63175002833333,-0.806505044721924,0.438459828133056,0.755554029455419,-5.08657490530776,"Cant1","GSE41345",FALSE
0.0932336466000065,2.16735257766667,1.52995952724205,0.156607840325776,0.580042267756514,-4.47266606709161,"Cap1","GSE41345",FALSE
-0.0417285464000001,0.00644896877777776,-0.555288315704246,0.590737754648605,0.834125932633274,-5.22536418772558,"Capn1","GSE41345",FALSE
-0.0104269718500001,0.380172740888889,-0.204648334723737,0.841896748015079,0.947136437588345,-5.33737871068825,"Capn10","GSE41345",FALSE
-0.34283379015,1.430495414,-3.35447735701136,0.00717323183464845,0.537623773850961,-2.40699775783472,"Capn2","GSE41345",FALSE
0.0437560456499969,1.86629271,0.678211960117519,0.512817970143896,0.797215066285196,-5.16317298509965,"Capn5","GSE41345",FALSE
-0.139196248049999,0.984818703666667,-2.31620336677246,0.0427169273182687,0.551749088057453,-3.5996368603116,"Capn7","GSE41345",FALSE
0.0773346820499998,2.072953849,1.12533093762574,0.286381942515255,0.660669778638806,-4.84985445402119,"Capns1","GSE41345",FALSE
-0.07165677415,0.0535773742222222,-1.22304945082838,0.248976939294645,0.636522478598047,-4.76566919604319,"Capza1","GSE41345",FALSE
0.0959604850500024,5.12946983666667,0.61974694776414,0.549097984824611,0.813549921088405,-5.19416089965362,"Capzb","GSE41345",FALSE
0.100829916999999,2.79395403444444,1.1935692278192,0.259825861510788,0.641851050902518,-4.79158241515127,"Car11","GSE41345",FALSE
0.2765976485,0.438396379222222,1.14781534728541,0.277406270985422,0.653719544196021,-4.83092365503304,"Car12","GSE41345",FALSE
0.115786453,0.627928679777778,0.726800286004378,0.483790855284833,0.783228662343953,-5.13552747005658,"Car14","GSE41345",FALSE
-0.0353786023500036,1.73353529733333,-0.507819614456316,0.62244393524856,0.848145032547552,-5.24630822021305,"Car2","GSE41345",FALSE
-0.11899325575,1.02697459255556,-1.90395744655051,0.0856562715850179,0.573793150721065,-4.0720516068853,"Car4","GSE41345",FALSE
0.0810355141499996,0.395677271666667,0.855472419760461,0.412049291968375,0.741338126922284,-5.05435313683495,"Card10","GSE41345",FALSE
0.00916912985000018,0.886181152222222,0.0984887373964124,0.923464184555055,0.980215725067445,-5.35114866104993,"Carhsp1","GSE41345",FALSE
0.1019739193,0.0573290961111112,1.46051937732478,0.174430691100687,0.590052931837169,-4.54232890955237,"Carm1","GSE41345",FALSE
0.0155073478499999,1.59948261,0.191581018763491,0.851852784643247,0.953955600436375,-5.33959060220085,"Casc3","GSE41345",FALSE
-0.14034198385,0.990206289555556,-1.85342047560148,0.0931112333319464,0.573793150721065,-4.12823089081468,"Cask","GSE41345",FALSE
0.307854813100006,2.76999292677778,1.54898845011519,0.152009680457261,0.580042267756514,-4.45327419827843,"Caskin1","GSE41345",FALSE
0.0674602418000003,0.121270437888889,1.05558494089273,0.315661409666552,0.684091314545948,-4.9068223600102,"Caskin2","GSE41345",FALSE
-0.1873876348,0.509681891555556,-1.37060074677352,0.200077250503619,0.603082357890033,-4.62977125580263,"Casp1","GSE41345",FALSE
-0.0969610342499998,0.935575051,-1.39281459657747,0.193461301122749,0.597673275028176,-4.60847516055376,"Casp2","GSE41345",FALSE
-0.07275627775,-0.167865668444445,-0.747411849446778,0.471793302026304,0.776012270749723,-5.12329215392365,"Casp6","GSE41345",FALSE
-0.0699735596500001,1.43543165155556,-1.12044478771337,0.288362101534624,0.661829336875724,-4.85393253858457,"Casp9","GSE41345",FALSE
-0.1284658249,0.486653067222222,-1.403156785811,0.19044477666637,0.596310596848497,-4.59849025840439,"Cat","GSE41345",FALSE
-0.0905409736500001,-0.0188736643333333,-1.37501792658633,0.198746702194548,0.601886278845288,-4.62555308291418,"Catsper2","GSE41345",FALSE
-0.0906173452000005,0.678861778555556,-0.834902675409646,0.423008914049263,0.746407961354245,-5.06808339416936,"Cav1","GSE41345",FALSE
-0.2315477877,0.183755820333333,-2.4984026679323,0.0312378998117652,0.539495646406616,-3.38673750630837,"Cav2","GSE41345",FALSE
-0.484621965199998,2.79766539311111,-3.91596528865285,0.00281033859886182,0.537623773850961,-1.81544074658883,"Cbfb","GSE41345",FALSE
-0.0049066053500001,0.0979232411111112,-0.0382786224388668,0.970208763173195,0.994556490641638,-5.35468080970648,"Cblb","GSE41345",FALSE
-0.0729476862500002,1.34504313311111,-0.307873250183015,0.764410480138703,0.917025341108887,-5.31485605157534,"Cbln1","GSE41345",FALSE
-0.137302648100001,1.11747561244444,-0.845953809072226,0.417096527833911,0.742557299664777,-5.06074159244401,"Cbln4","GSE41345",FALSE
0.0568341080000001,1.45330787455556,1.15313573984741,0.275315019007326,0.652143560758076,-4.82640488810334,"Cbr1","GSE41345",FALSE
0.174500963849998,1.82009154933333,1.558818642214,0.149681000325242,0.580042267756514,-4.44320773632124,"Cbr3","GSE41345",FALSE
-0.1573447847,0.0543760097777776,-1.68863403001154,0.121758779693373,0.573793150721065,-4.30736910115229,"Cbs","GSE41345",FALSE
-0.1240710563,0.704179424111111,-2.26967619133297,0.0462535241845948,0.551749088057453,-3.65380320460946,"Cbx5","GSE41345",FALSE
-0.000451338849999578,0.305834569555556,-0.00468921153197539,0.99634954658107,0.998627926207612,-5.35530022995152,"Cbx7","GSE41345",FALSE
-0.00370904365,0.0477871805555555,-0.0641240864529996,0.950118089306316,0.986441609221544,-5.35354520129591,"Cbx8","GSE41345",FALSE
-0.111966998,1.34923944877778,-1.23460843400497,0.244823948519304,0.634708493931174,-4.75539120169719,"Ccar1","GSE41345",FALSE
-0.0771874323500004,0.967207980111111,-0.942342346184863,0.367928627934581,0.721815147972732,-4.99334231675522,"Ccbl1","GSE41345",FALSE
0.1843071572,0.200894212888889,1.78982331076742,0.103343682089362,0.573793150721065,-4.19815079983159,"Ccdc124","GSE41345",FALSE
-0.130653144550001,1.01260825555556,-1.68597956826248,0.122279510411964,0.573793150721065,-4.31019738841649,"Ccdc132","GSE41345",FALSE
-0.0106300559500001,1.34993572088889,-0.159946232905295,0.876065074653135,0.964752505220717,-5.34434591215359,"Ccdc3","GSE41345",FALSE
-0.861213751949998,0.712130830666666,-2.8473236619439,0.0171066606131145,0.537623773850961,-2.98015571970302,"Ccdc53","GSE41345",FALSE
-0.0241256066499995,0.696694941555555,-0.374498594456085,0.715747193223896,0.896650658871088,-5.2956146853846,"Ccdc58","GSE41345",FALSE
0.0587068895000004,0.737546606888889,0.363883601548292,0.723418448754523,0.89927300843159,-5.29892450126289,"Ccdc59","GSE41345",FALSE
0.275679707549997,2.81656265466667,2.21343700787687,0.0509077096754352,0.551749088057453,-3.71908622090163,"Cck","GSE41345",FALSE
-0.102753298050001,1.47932892733333,-0.619677141886062,0.549142163669429,0.813549921088405,-5.19419638609468,"Cckbr","GSE41345",FALSE
-0.2353329975,0.0967581636666667,-1.7735829596195,0.106117021200609,0.573793150721065,-4.21585542574187,"Ccl25","GSE41345",FALSE
0.10547324635,-0.340454714222222,0.638073581940619,0.537569736680836,0.811057565110411,-5.18471882369457,"Ccl9","GSE41345",FALSE
-0.2101642784,-0.105001930555556,-2.5625295402421,0.0279688672823166,0.537623773850961,-3.31171989070694,"Ccm2","GSE41345",FALSE
-0.23464160015,0.648400114777778,-2.23583917583959,0.0490019893213706,0.551749088057453,-3.69310961751153,"Ccnc","GSE41345",FALSE
0.384013613449995,2.82473773288889,2.39558235703511,0.0372814749516289,0.548535783677393,-3.50698778019866,"Ccnd1","GSE41345",FALSE
-0.196760827500001,1.13556648633333,-2.0117630726475,0.0715743747699719,0.564515411734788,-3.95062877494489,"Ccnd2","GSE41345",FALSE
-0.00930693040000009,0.747751897888889,-0.0823537340683977,0.935968587581661,0.983336584249126,-5.35239983540485,"Ccnd3","GSE41345",FALSE
-0.0793345107500001,0.0688056864444445,-1.06211681017415,0.312826117833887,0.680872728630251,-4.90160253259758,"Ccndbp1","GSE41345",FALSE
-0.717359909850002,2.847205179,-3.42219550831179,0.00639584118690073,0.537623773850961,-2.33295642221856,"Ccng1","GSE41345",FALSE
-0.625028363450001,0.528052247444444,-5.1849480037124,0.000392260037908903,0.519305144899208,-0.688574559293033,"Ccng2","GSE41345",FALSE
0.0147592504499998,0.0784658516666668,0.194476935056854,0.849643956498116,0.952591034375278,-5.33911288058391,"Ccnt1","GSE41345",FALSE
-0.2293447065,-0.453566415666667,-1.16043637720535,0.272465620168722,0.651514519919803,-4.82018004218996,"Ccr5","GSE41345",FALSE
-0.5965069501,1.42017626055556,-1.97083645822289,0.0766431112910944,0.568657558085909,-3.99695791204412,"Ccrn4l","GSE41345",FALSE
0.0729650866500003,1.460056817,1.28784276333191,0.226417199854045,0.620458769413808,-4.70722653535795,"Ccs","GSE41345",FALSE
-0.24521900445,3.54542398,-2.14051879143196,0.057617038845606,0.552926256887356,-3.803333826659,"Cct3","GSE41345",FALSE
-0.125768803099994,2.41479529877778,-1.8094332380409,0.100083419929419,0.573793150721065,-4.17668917435026,"Cct4","GSE41345",FALSE
-0.0481456229000059,2.68486224377778,-0.763212726968356,0.462725132904685,0.769838850724009,-5.11371074469324,"Cct6a","GSE41345",FALSE
-0.128359226450003,1.78002741111111,-1.31996721339581,0.21587023514644,0.614740970650072,-4.67752233137245,"Cct8","GSE41345",FALSE
0.0615910599499982,2.73955626122223,0.452839130420573,0.660200454465547,0.867477451081127,-5.26836243454153,"Cd151","GSE41345",FALSE
-0.0220746740499977,2.22099873355556,-0.241476564531536,0.813999375900215,0.937488042134582,-5.33036889850711,"Cd164","GSE41345",FALSE
-0.1014789161,0.205197914111111,-1.64118837339066,0.131373157348241,0.574906006279939,-4.35761548622126,"Cd248","GSE41345",FALSE
0.000876414950001939,1.91097420855555,0.0153119746683698,0.988080410653444,0.99751699537248,-5.35520903623427,"Cd2bp2","GSE41345",FALSE
0.0211940113999965,2.20559146122222,0.301210561252156,0.769340767845,0.920252725863932,-5.31657864230473,"Cd47","GSE41345",FALSE
0.115249475950003,1.86888402211111,0.796844131254183,0.443800658808058,0.758336071686369,-5.09274163668913,"Cd59a","GSE41345",FALSE
0.0509134759,-0.0442160798888889,0.8043236212343,0.439662045530619,0.756470725216961,-5.08797288715636,"Cd68","GSE41345",FALSE
0.111729501999997,3.69421297544444,1.08685809551242,0.302262055132494,0.677470019570297,-4.88161256631646,"Cd81","GSE41345",FALSE
-0.152331081,0.212901546333333,-1.79661076432667,0.102204375174427,0.573793150721065,-4.19073264378239,"Cd83","GSE41345",FALSE
0.0901245217499959,1.781681208,0.898266818672242,0.389876334284847,0.731002939929819,-5.02490060851251,"Cd9","GSE41345",FALSE
-0.0571475021000001,0.846866128777778,-0.941120278595259,0.368525000996583,0.722578374815617,-4.99423374544255,"Cdan1","GSE41345",FALSE
-0.0925048682500001,0.138822436222222,-0.700469924386046,0.499392079970498,0.792639120007653,-5.15071915560536,"Cdc14b","GSE41345",FALSE
-0.0151913446999993,0.981674444444445,-0.187202350165777,0.855195107817852,0.954822190577716,-5.34029943141206,"Cdc16","GSE41345",FALSE
0.0101787088500002,1.288030266,0.147111226711038,0.885928436413267,0.967889332411495,-5.34603270910013,"Cdc23","GSE41345",FALSE
0.0978585907499995,0.722037013,1.31922141924514,0.216110394985348,0.614740970650072,-4.67821723751448,"Cdc34","GSE41345",FALSE
-0.408369293100005,2.127535792,-2.33914826672265,0.0410710166103448,0.551749088057453,-3.57288248356608,"Cdc37l1","GSE41345",FALSE
-0.1207602814,0.923467138222222,-1.6173108941546,0.136463814442898,0.57817881478681,-4.38264859279215,"Cdc42","GSE41345",FALSE
0.182288492,1.30822159555556,1.62459731598701,0.134892045869875,0.57817881478681,-4.37502810600838,"Cdc42bpb","GSE41345",FALSE
-0.0432017489999994,0.540077524666667,-0.500864837480366,0.627160203790147,0.849521597559418,-5.24922954545917,"Cdc42ep2","GSE41345",FALSE
-0.0667503561999997,0.498299587222223,-0.757354696354591,0.466073939854704,0.772034748202732,-5.1172832781292,"Cdc42ep3","GSE41345",FALSE
-0.00066183700000013,1.00061717122222,-0.0119220777530283,0.990719115189698,0.997703222706498,-5.35524866105343,"Cdc42ep4","GSE41345",FALSE
-0.0582644163999999,0.104828782222222,-1.05132850076616,0.317519451498505,0.687232014552343,-4.91021073304306,"Cdc42se1","GSE41345",FALSE
-0.124090353900003,2.435085941,-0.748727875066153,0.471033737719437,0.775521756225635,-5.1225007950202,"Cdc5l","GSE41345",FALSE
-0.05129898295,0.911181246222222,-0.832453329107416,0.424326952644784,0.747687219492538,-5.06969961995349,"Cdc7","GSE41345",FALSE
-0.0617550496499997,0.496679901666667,-0.795277254426249,0.444670898596404,0.758336071686369,-5.0937358168616,"Cdca4","GSE41345",FALSE
-0.12629856745,0.0327664325555554,-1.47013025194255,0.171863862924126,0.590052931837169,-4.53279377607623,"Cdca7","GSE41345",FALSE
-0.11002409625,1.30175555566667,-0.618602368512295,0.549822623071486,0.813829637516672,-5.1947422972095,"Cdh13","GSE41345",FALSE
-0.16414976885,1.23757518077778,-1.03271696778132,0.325740935140235,0.695474824687639,-4.92490436455945,"Cdh8","GSE41345",FALSE
0.193442002000003,2.74723664211111,1.82269991350931,0.0979315841014169,0.573793150721065,-4.16211936379323,"Cdipt","GSE41345",FALSE
-0.0104457364499987,2.84485310166667,-0.0811156699886119,0.93692886918839,0.983336584249126,-5.35248663332647,"Cdk10","GSE41345",FALSE
0.0894927650999978,3.17330303766667,1.02814853314002,0.327783215508701,0.697009031408964,-4.92848047086076,"Cdk2ap1","GSE41345",FALSE
-0.10844649015,1.27532909333333,-1.65102109285112,0.129326566580911,0.574426201312774,-4.34725656372247,"Cdk5","GSE41345",FALSE
0.0725197817999971,3.46489936733333,0.974612260367188,0.352431483809542,0.710557775912246,-4.96947030649144,"Cdk5r1","GSE41345",FALSE
-0.21704790165,0.990454951333333,-1.64395518960065,0.130794364101734,0.574906006279939,-4.35470353215707,"Cdk5rap1","GSE41345",FALSE
0.0370710109999972,1.77083121888889,0.631179824889188,0.54188971447567,0.811641100947509,-5.18829986336325,"Cdk5rap3","GSE41345",FALSE
-0.0723406525500001,0.838088919666667,-1.02259273518383,0.330279780039705,0.697780029635622,-4.93281308030662,"Cdk8","GSE41345",FALSE
0.0778681991499998,0.462474352111111,1.17335717027552,0.267479801722186,0.645715959830055,-4.80909510114741,"Cdk9","GSE41345",FALSE
-0.1804287376,0.178495638555556,-1.77747523169127,0.105446216367422,0.573793150721065,-4.21161803759485,"Cdkal1","GSE41345",FALSE
-0.1811663602,2.62543329488889,-0.760316692757646,0.464378744861421,0.770660796933169,-5.11547988235736,"Cdkl2","GSE41345",FALSE
0.338194459999998,1.42785198188889,1.67612210752014,0.124230848671628,0.573793150721065,-4.32068289683132,"Cdkn1c","GSE41345",FALSE
-0.0298623197499999,0.768130799888889,-0.52868634478281,0.608401044808985,0.841790535767707,-5.23731663303229,"Cdkn2d","GSE41345",FALSE
-0.20805635185,0.902583671888889,-2.82223304885628,0.0178635708785173,0.537623773850961,-3.00918638246879,"Cdo1","GSE41345",FALSE
0.0198926809000003,0.646192489111111,0.140751345611259,0.890823516990375,0.970075728066428,-5.34681655668228,"Cdr2","GSE41345",FALSE
-0.0109181754500011,1.87668075577778,-0.134089612241135,0.89595607862815,0.970643617857129,-5.34760063876912,"Cds1","GSE41345",FALSE
0.00125020880000009,0.0092369165555555,0.0180032446681721,0.985985624634568,0.997468690419906,-5.35517055369423,"Cds2","GSE41345",FALSE
-0.24906641235,3.23243965233334,-1.68808616981118,0.1218660906581,0.573793150721065,-4.30795299998487,"Cdv3","GSE41345",FALSE
0.16323420495,1.25558782333333,2.33645894355326,0.041260688783429,0.551749088057453,-3.57601956992564,"Cebpb","GSE41345",FALSE
0.17910920455,0.629044994111111,1.64561749860974,0.130447720315571,0.574906006279939,-4.35295291778,"Cecr6","GSE41345",FALSE
0.15096364095,1.54471448533333,1.18580214663062,0.262746215413361,0.643530434351423,-4.79833688592655,"Celsr2","GSE41345",FALSE
0.1224582495,0.817198541666667,1.04321438758829,0.321084339249816,0.691091900485199,-4.91664129047011,"Celsr3","GSE41345",FALSE
-0.0180444144499999,0.488203843444444,-0.323611125048054,0.7528087296303,0.911423297156877,-5.31064100960234,"Cenpa","GSE41345",FALSE
0.169549501449998,2.27857248877778,2.46910686614835,0.032854171928933,0.541735380587652,-3.42101221852597,"Cenpb","GSE41345",FALSE
-0.1329839802,-0.0452080439999999,-1.87384949460896,0.0900280577633902,0.573793150721065,-4.10558348604644,"Cenpl","GSE41345",FALSE
-0.117281712750002,1.71684198333333,-1.15366014055093,0.275109569373135,0.652143560758076,-4.82595869251582,"Cept1","GSE41345",FALSE
0.0768527462999962,2.00174940133334,0.582465498887368,0.572977594976183,0.824636418797058,-5.21259225318027,"Cerk","GSE41345",FALSE
-0.1064859425,-0.294217715555555,-0.816489565381382,0.432985062091713,0.752441919332033,-5.08013515825993,"Cetn2","GSE41345",FALSE
-0.110291297849998,2.300271877,-1.50894738288305,0.161825945894558,0.582920175104468,-4.49393117565089,"Cetn3","GSE41345",FALSE
0.1425751773,0.0942479776666667,1.15525977254485,0.274483611121057,0.651868544930035,-4.82459672529083,"Cetn4","GSE41345",FALSE
-0.1190209543,1.16428883388889,-1.11959237967799,0.288708636046032,0.661829336875724,-4.8546426556698,"Cfdp1","GSE41345",FALSE
-0.00459590760000062,1.707282598,-0.0682960990240984,0.946878063916017,0.986441609221544,-5.35330820085745,"Cggbp1","GSE41345",FALSE
0.0597564554999993,2.62937943466667,1.09058615531122,0.300694214683382,0.67609972774458,-4.87857076608454,"Chchd1","GSE41345",FALSE
-0.32021875395,1.075948352,-1.01733345566013,0.332656152098053,0.699020705811636,-4.93689781368182,"Chchd4","GSE41345",FALSE
0.0101012170999999,0.133685263222222,0.155689871451311,0.879333603832461,0.965780779034111,-5.34492082840333,"Chchd5","GSE41345",FALSE
0.0558708435500003,1.58375549422222,0.905468646193892,0.386228442893405,0.730086829836255,-5.01982801934599,"Chchd6","GSE41345",FALSE
0.0430238736000002,0.874198521,0.410668502547934,0.689860042248868,0.883254635185195,-5.28364787358126,"Chchd7","GSE41345",FALSE
0.00752555569999921,1.05742833522222,0.05482777674146,0.95734102690781,0.990568817932501,-5.35401963381351,"Chd4","GSE41345",FALSE
0.0880338415499996,1.630322442,0.992477043164936,0.344059559151404,0.708659567491277,-4.95598209517664,"Chd5","GSE41345",FALSE
0.0422173945499997,1.47428259066667,0.697858911356498,0.500955818664075,0.792639120007653,-5.15219858195165,"Chd8","GSE41345",FALSE
-0.0287467662999995,0.758633191222222,-0.449656711444704,0.662418189939474,0.868584225653866,-5.26956564738108,"Cherp","GSE41345",FALSE
-0.0397161189999999,0.614362818555555,-0.519199628348428,0.614765256977756,0.845448920354193,-5.24144655413851,"Chfr","GSE41345",FALSE
-0.0894322318999998,2.02478948477778,-0.419937929570523,0.683291037304941,0.881260719586418,-5.28041053943199,"Chga","GSE41345",FALSE
0.1018766128,2.49611273677777,1.48610045126089,0.167670646616418,0.5897571471234,-4.51687236014767,"Chgb","GSE41345",FALSE
-0.18690929575,0.268602419888889,-1.49000980428017,0.166657769253591,0.5897571471234,-4.51296046164142,"Chic1","GSE41345",FALSE
0.1176611472,1.964061839,1.18236329673631,0.264047511769935,0.6436898197403,-4.80131758449229,"Chic2","GSE41345",FALSE
0.244198844649999,1.48036948744444,2.74342866752361,0.0204669058545609,0.537623773850961,-3.10064232123445,"Chka","GSE41345",FALSE
0.00648055989999967,0.771293831444444,0.0914839016155406,0.928890365418274,0.982785330155221,-5.35171921400434,"Chkb","GSE41345",FALSE
-0.1806686894,0.678626238111111,-1.42757417603469,0.183481025134605,0.590993588481768,-4.57474369782769,"Chl1","GSE41345",FALSE
-0.00143171774999715,3.101187975,-0.0102726677609784,0.992003064631934,0.99802662951271,-5.35526437374871,"Chmp2a","GSE41345",FALSE
0.141453105600005,2.16481296733333,1.43726164037019,0.180778996048222,0.590052931837169,-4.56525628284974,"Chmp7","GSE41345",FALSE
-0.2159942516,0.780991196444445,-1.86031384200293,0.0920601245644113,0.573793150721065,-4.12059871787562,"Chn2","GSE41345",FALSE
-0.16714719475,1.72719692088889,-2.22357739315972,0.0500363913147014,0.551749088057453,-3.70733276493283,"Chordc1","GSE41345",FALSE
-0.5490321955,0.984736364888889,-2.95928538272537,0.014104233633982,0.537623773850961,-2.85123161796329,"Chpt1","GSE41345",FALSE
-0.1347443483,0.625785526777778,-2.30736934885644,0.0433675759699538,0.551749088057453,-3.60993065732975,"Chrac1","GSE41345",FALSE
0.0312532269500045,1.96431653088889,0.400073274547715,0.6974017447339,0.886351405460487,-5.2872632321489,"Chrd","GSE41345",FALSE
-0.0253324947,0.780276881666667,-0.357530484017559,0.72802518074319,0.900147499235423,-5.30086134671141,"Chrm3","GSE41345",FALSE
-0.5159278803,0.163139676666667,-1.5633566952244,0.14861659377064,0.580042267756514,-4.43854956338195,"Chrna4","GSE41345",FALSE
-0.185189122099999,0.371029216111111,-1.51782420286255,0.159603301676492,0.580042267756514,-4.48496666602849,"Chrnb2","GSE41345",FALSE
0.0736875362999991,3.47306407533334,0.768481108387933,0.459726658984845,0.76844598649671,-5.11047744624624,"Chst1","GSE41345",FALSE
-0.29661149455,0.476630240888889,-1.98337143289799,0.0750558833339168,0.564707806576065,-3.98279677583415,"Chst10","GSE41345",FALSE
0.0467068112000005,1.24688433255556,0.5681402122767,0.582302677904195,0.829521342719776,-5.21939472605616,"Chst2","GSE41345",FALSE
0.04228281305,-0.0416475844444444,0.641621900694204,0.535353979292697,0.811057565110411,-5.18286188022164,"Chst7","GSE41345",FALSE
0.0819093894000021,2.27128399266667,1.12726587460788,0.285600723355025,0.659844798338244,-4.84823595857531,"Chst8","GSE41345",FALSE
-0.211533049300001,0.420641005222222,-2.46167882634948,0.0332768992071219,0.541735380587652,-3.42970186069935,"Chuk","GSE41345",FALSE
-0.0303655323,1.25294926166667,-0.398277250846294,0.698683612771581,0.88651859427302,-5.28786707265844,"Churc1","GSE41345",FALSE
-0.0113057826000003,0.899647546333333,-0.20035763245388,0.845162728520319,0.950101569310737,-5.3381209280365,"Ciapin1","GSE41345",FALSE
0.0276051552499997,1.02559901488889,0.353365577516641,0.731051390056555,0.901612169248033,-5.30211313129428,"Cib1","GSE41345",FALSE
0.117875386100001,2.60068840788889,0.822023697907078,0.429970284736337,0.75221382329227,-5.07653684193214,"Cib2","GSE41345",FALSE
0.0196711257000002,0.00358154233333326,0.221724998838107,0.828930086690549,0.944485862444744,-5.33427057573071,"Cic","GSE41345",FALSE
-0.0854866677499995,0.498364686444445,-1.27599970127643,0.230410979994269,0.622502881230745,-4.71805766793753,"Cidea","GSE41345",FALSE
0.044368488649999,1.03950924988889,0.639488769007991,0.536685382439792,0.811057565110411,-5.18397933027631,"Cirbp","GSE41345",FALSE
-0.16277724595,0.311497058555556,-1.59163243106072,0.142133419244638,0.579936514910764,-4.40937113640886,"Cish","GSE41345",FALSE
-0.1128207025,-0.142993136444444,-0.810470554196564,0.43627996090047,0.754805695723738,-5.08402532276156,"Cit","GSE41345",FALSE
0.0140395374000003,0.876226986,0.20874048915608,0.838784818361983,0.947136437588345,-5.33665633544061,"Ciz1","GSE41345",FALSE
0.248246299749998,4.50720538377778,1.46811936563276,0.172398212198604,0.590052931837169,-4.53479171925239,"Ckb","GSE41345",FALSE
-0.0406186251000002,-0.0910451876666667,-0.731496265354913,0.481040720926584,0.781774424235665,-5.13276623343919,"Cklf","GSE41345",FALSE
0.103338363549994,3.40579150877778,1.03426137978829,0.325052680477043,0.695474824687639,-4.92369267777234,"Ckmt1","GSE41345",FALSE
0.05762688075,0.139371317,0.76299298615426,0.462850470193723,0.769838850724009,-5.11384518498936,"Clcn2","GSE41345",FALSE
-0.146749681800003,3.109762946,-0.75338244142308,0.468353534539473,0.773634744409617,-5.1196921634071,"Clcn3","GSE41345",FALSE
-0.0696166160499996,0.394643265555556,-0.983177183629079,0.348399316507565,0.710557775912246,-4.96302764525684,"Clcn7","GSE41345",FALSE
-0.10711214505,-0.130809134,-0.782314905283459,0.45191314893654,0.762461696248568,-5.10189602826705,"Cldn1","GSE41345",FALSE
-0.0362918366999972,5.858436883,-0.432648059306987,0.674328582528547,0.874928248580201,-5.27585907739213,"Cldn10","GSE41345",FALSE
-0.0431175852000004,3.485724197,-0.48686819865302,0.636705115293158,0.856105100498132,-5.25499372448373,"Cldn11","GSE41345",FALSE
-0.0826423942999998,0.811156557777778,-0.62667695133433,0.544722203152275,0.811641100947509,-5.19061987237357,"Cldn12","GSE41345",FALSE
0.150068998600001,0.0156424811111112,0.443405450585928,0.666784455473486,0.870617866134646,-5.27190559524266,"Cldn2","GSE41345",FALSE
0.192434823800001,1.73245640355555,1.44751532746103,0.177956198504774,0.590052931837169,-4.55517412833619,"Cldn5","GSE41345",FALSE
-0.0410734861500001,-0.0727311013333334,-0.671626383628122,0.51683165018682,0.798768621480886,-5.16678893562593,"Clgn","GSE41345",FALSE
-0.0163232375500063,2.20281670455556,-0.182906617141643,0.858477041217969,0.956245294157048,-5.34097904186373,"Clic4","GSE41345",FALSE
0.376884621250001,1.71377824211111,0.788062139064161,0.448692629505175,0.759921484796752,-5.09829215931896,"Clic6","GSE41345",FALSE
0.00858786679999989,0.673603158888889,0.13946300794502,0.891815718570094,0.970451757819428,-5.34697114426687,"Clip1","GSE41345",FALSE
-0.0728294088000003,0.405950099666667,-0.707330749922035,0.495297405343152,0.79068845050507,-5.14680841465767,"Clk1","GSE41345",FALSE
-0.1130676113,0.843089292111111,-1.31783561536862,0.2165572387768,0.614740970650072,-4.67950782129478,"Clk2","GSE41345",FALSE
-0.0361266936500002,1.02701033611111,-0.567651313604118,0.582622366827969,0.829521342719776,-5.21962412270661,"Clk3","GSE41345",FALSE
-0.582888954999993,3.81389463522222,-2.65219500868517,0.0239591001901584,0.537623773850961,-3.20694744107995,"Clk4","GSE41345",FALSE
0.0211963853500001,-0.115071560888889,0.33551688336039,0.74407438834771,0.907440064546177,-5.30731625277308,"Clmn","GSE41345",FALSE
0.00568501670000026,0.619769609888889,0.085548020599408,0.933491498370361,0.983216698131415,-5.35216982919599,"Cln3","GSE41345",FALSE
-0.30258020915,0.515031824444444,-2.51951643132401,0.0301219061723309,0.537623773850961,-3.362034858462,"Cln5","GSE41345",FALSE
-0.0162436105500015,4.17274571033333,-0.13946582450059,0.891813549211467,0.970451757819428,-5.34697080785164,"Clns1a","GSE41345",FALSE
-0.12644476435,1.12548958555556,-1.83160254596029,0.0965115338681664,0.573793150721065,-4.15232001023248,"Clock","GSE41345",FALSE
-0.0437743765499999,0.898057969333334,-0.661731497478495,0.522897400731725,0.80248678998481,-5.17216246652222,"Clp1","GSE41345",FALSE
0.0533013914499996,1.30345260411111,0.64001296331957,0.536358026350575,0.811057565110411,-5.18370504088953,"Clpp","GSE41345",FALSE
0.0954808657999998,1.49795952255556,1.22494891117466,0.248290612334631,0.636522478598047,-4.76398474170789,"Clptm1","GSE41345",FALSE
-0.19366430665,0.921463726222222,-1.35168835065542,0.205859036902777,0.60599416791512,-4.64773750412925,"Clpx","GSE41345",FALSE
0.1201257032,1.00768617322222,1.30593154514548,0.220427263291546,0.617688005795592,-4.69055831762011,"Clstn1","GSE41345",FALSE
-0.0269470775000015,2.57956767311111,-0.243555543225736,0.812432234050386,0.937488042134582,-5.32993912816333,"Clstn3","GSE41345",FALSE
0.302924187450003,1.833045192,3.4897636801725,0.0057065141222421,0.537623773850961,-2.25976953047175,"Clta","GSE41345",FALSE
-0.254346292300007,2.21184737222222,-3.55786237904843,0.00508918914156675,0.537623773850961,-2.18673175122446,"Cltb","GSE41345",FALSE
0.0302683045499995,3.654305241,0.48499438916948,0.637988296788273,0.856368107719793,-5.2557537086877,"Clu","GSE41345",FALSE
-0.013076546450002,1.55076603677778,-0.0699981153997082,0.945556549123817,0.986441609221544,-5.35320722988453,"Cmas","GSE41345",FALSE
-0.0787607401499996,0.53394821,-1.20471633251504,0.255679990792248,0.641365508558957,-4.78183521132178,"Cml1","GSE41345",FALSE
0.00357133705000004,1.05917329011111,0.0487723568464862,0.962048113962316,0.99194211377848,-5.35428881358219,"Cnih3","GSE41345",FALSE
-0.222808198350001,1.02499335766667,-2.16917220372503,0.0548851566386639,0.551749088057453,-3.77028880359204,"Cnih4","GSE41345",FALSE
-0.0647110365999997,1.23391983088889,-0.38848476862191,0.705690117703392,0.891540086948405,-5.29111336883757,"Cnksr2","GSE41345",FALSE
0.0142779375499994,0.958382133222222,0.155148225527157,0.879749714188464,0.965780779034111,-5.34499288413023,"Cnn3","GSE41345",FALSE
-0.42722316525,0.176374084666666,-2.12364238575513,0.0592864533442017,0.558844082644503,-3.82275646106175,"Cnnm1","GSE41345",FALSE
0.0037041727999993,1.48896192422222,0.0507294678884119,0.960526607800008,0.991505942866356,-5.35420525411976,"Cnnm2","GSE41345",FALSE
0.0323163861999994,0.642643896111111,0.418946112497863,0.683992604531956,0.881316085897443,-5.28076023989793,"Cnot10","GSE41345",FALSE
-0.280193694350001,4.41004664977778,-2.17801826712182,0.054067142532865,0.551749088057453,-3.76007051668559,"Cnot2","GSE41345",FALSE
0.0545906097499998,0.200843368222222,0.638709005764498,0.537172554167612,0.811057565110411,-5.18438697207013,"Cnot3","GSE41345",FALSE
-0.350625260849997,1.73002022833333,-1.44800398704286,0.177822621075699,0.590052931837169,-4.55469261941271,"Cnot4","GSE41345",FALSE
-0.0778260760000002,1.98035720688889,-1.33655066114636,0.210587071249096,0.60897908918619,-4.66200643262266,"Cnot7","GSE41345",FALSE
-0.121265669,-0.242592507888889,-1.23142790614743,0.245961048216222,0.636522478598047,-4.75822578558963,"Cnr1","GSE41345",FALSE
-0.0431632064999971,2.69266906466667,-0.502988703530074,0.625718059395442,0.849408266297291,-5.24834144189863,"Cntn1","GSE41345",FALSE
-0.26343023155,0.0894580008888888,-2.662864441857,0.0235217756730841,0.537623773850961,-3.19449667056642,"Cntn6","GSE41345",FALSE
-0.15890901665,0.938951811777778,-1.47645481240265,0.170192549329304,0.590052931837169,-4.52649996986821,"Cntnap2","GSE41345",FALSE
-0.0518643448999977,1.84325408044445,-0.638141724505401,0.537527134861615,0.811057565110411,-5.1846832503906,"Cntnap4","GSE41345",FALSE
0.00729434370000005,0.993275622333333,0.134689915660596,0.895493362365672,0.970643617857129,-5.34753153474455,"Coasy","GSE41345",FALSE
-0.0212239741500003,0.21215935,-0.179262061063214,0.861263693979858,0.956896410826267,-5.34154336052673,"Cobl","GSE41345",FALSE
0.0729177746000002,0.499470767222222,0.769171365371224,0.459334733859633,0.76844598649671,-5.11005239768291,"Cog1","GSE41345",FALSE
-0.0740544772000001,0.0452216712222223,-0.793752275533902,0.445518945895558,0.758781507649881,-5.09470180484404,"Cog2","GSE41345",FALSE
-0.0920047674500003,0.560964533444444,-1.26458712513123,0.234314026034364,0.625871627802595,-4.72843295420589,"Cog3","GSE41345",FALSE
-0.0227210015499996,0.308268367888889,-0.399814325776688,0.697586501739574,0.886351405460487,-5.28735045450099,"Cog4","GSE41345",FALSE
-0.225159206999994,2.47736451433334,-2.51762974349722,0.0302200066063369,0.537623773850961,-3.36424218608346,"Cog6","GSE41345",FALSE
0.0622168513000005,1.42286523911111,0.811471484188344,0.435730883330482,0.754805695723738,-5.08338010414289,"Cog8","GSE41345",FALSE
-0.0289722485000003,0.314197578111111,-0.371946632559312,0.717588466228602,0.897074525332385,-5.29641880740383,"Coil","GSE41345",FALSE
0.0303567718,0.874354867777778,0.445085343137105,0.665609825827397,0.869829062360083,-5.27127985183584,"Col16a1","GSE41345",FALSE
0.216896541149999,0.413336209333333,1.6910852482195,0.121279693817267,0.573793150721065,-4.30475560831709,"Col18a1","GSE41345",FALSE
-0.09129293335,-0.0799852254444444,-1.18728444407159,0.262186875196939,0.642784837928131,-4.79705020941754,"Col23a1","GSE41345",FALSE
-0.0461156088,0.646778061666667,-0.504704306785471,0.624554337805318,0.848880495177948,-5.2476214749083,"Col4a1","GSE41345",FALSE
0.0578363810499996,0.492265075444444,0.541644589261037,0.599763013886213,0.839002740368425,-5.23156264370614,"Col4a2","GSE41345",FALSE
-0.44162902075,-0.0466710607777778,-4.35023508264502,0.0013970554443762,0.519305144899208,-1.39609804358319,"Col4a3bp","GSE41345",FALSE
-0.0423227192999997,0.390064261333333,-0.451950822216993,0.66081914546446,0.867841393379498,-5.26869909977071,"Col5a1","GSE41345",FALSE
-0.23643804535,0.600278846888889,-1.95431924664001,0.0787827018375053,0.572386052113846,-4.01557772991019,"Col6a1","GSE41345",FALSE
-0.0925587202499998,0.0731418489999999,-0.893193264198479,0.392460672669404,0.731403980883889,-5.02845424619706,"Col9a2","GSE41345",FALSE
0.0923960335000031,1.80727875377778,0.753684184268989,0.468180120955363,0.773601687410844,-5.11950956472248,"Commd1","GSE41345",FALSE
-0.0533754739999996,0.928421246111111,-0.686195821956451,0.507977296998514,0.796062619255284,-5.15874702862481,"Commd10","GSE41345",FALSE
0.0582313954500001,1.634399283,0.919419346093564,0.379230649169575,0.728556252861778,-5.0099081032093,"Commd3","GSE41345",FALSE
0.00625010785000044,1.60994789711111,0.102601815609278,0.920279951522217,0.979521273855327,-5.35079408507296,"Commd4","GSE41345",FALSE
0.0155659762000006,1.04232417544444,0.260884902395895,0.799403658654322,0.931683071549283,-5.32621559523367,"Commd5","GSE41345",FALSE
0.0935017225000014,1.36494198411111,1.66117456266003,0.127243189863913,0.573793150721065,-4.33652956918993,"Commd6","GSE41345",FALSE
-0.0291705724,-0.0234438024444444,-0.429254347908299,0.676716495359297,0.875270912053587,-5.27708706047219,"Commd8","GSE41345",FALSE
0.0124117052000004,0.576904254222222,0.218386973651391,0.831460626954966,0.945446661044846,-5.33489749046972,"Commd9","GSE41345",FALSE
0.0319117036500002,1.860507722,0.551594756947899,0.59317390424716,0.835579888021907,-5.22705634342746,"Copa","GSE41345",FALSE
-0.00862280164999689,2.35960531111111,-0.137833215988263,0.893071167944608,0.970451757819428,-5.34716467584498,"Copb2","GSE41345",FALSE
0.556292360549998,6.03068587633334,2.69915281606376,0.0220931088959512,0.537623773850961,-3.15218425144441,"Cope","GSE41345",FALSE
-0.134334231050007,2.38554515511111,-2.06597973350305,0.0653453321421683,0.564515411734788,-3.88886797423262,"Cops2","GSE41345",FALSE
-0.00151425800000119,2.49744172344444,-0.0272027437504142,0.978826014796718,0.996535899435461,-5.35499206498899,"Cops3","GSE41345",FALSE
-0.232750859150003,3.23809945311111,-2.506126229898,0.0308250065774494,0.537623773850961,-3.37770099452915,"Cops4","GSE41345",FALSE
-0.276427716249997,3.67243863022222,-1.81532225758003,0.0991229232293104,0.573793150721065,-4.17022664464203,"Cops5","GSE41345",FALSE
0.0139699162499948,2.47960722266667,0.246498571592871,0.810215251447605,0.937016424904449,-5.32932453069575,"Cops6","GSE41345",FALSE
0.102058498050004,4.40805370566666,0.611129460736846,0.554567085721519,0.814650360824309,-5.19851413012699,"Cops7a","GSE41345",FALSE
0.0259132057999999,0.190576991555556,0.323787857658989,0.752678803463081,0.911423297156877,-5.31059251183391,"Cops7b","GSE41345",FALSE
-0.0561406029499987,1.74783285711111,-0.967299956597444,0.355900812752096,0.714464288006487,-4.97493553235048,"Cops8","GSE41345",FALSE
-0.0782889833999996,1.88415670166666,-0.924632591140904,0.376638851078877,0.727456808115962,-5.00616956356891,"Copz1","GSE41345",FALSE
0.295295125500001,0.991247816,1.18095989860617,0.264580042313462,0.6436898197403,-4.80253227200112,"Copz2","GSE41345",FALSE
-0.214168731900003,1.75843698233333,-1.57449881465528,0.146031399628409,0.580042267756514,-4.42708325020645,"Coq10b","GSE41345",FALSE
-0.0425213809500008,2.08981647166666,-0.456076478222414,0.657947969309874,0.866553044980333,-5.26713017086775,"Coq2","GSE41345",FALSE
-0.0506418231000004,0.119714022666667,-0.488468123335764,0.635610483632696,0.855749929624109,-5.25434263349716,"Coq4","GSE41345",FALSE
0.111016667699997,4.321765813,1.4943141726595,0.165548680807438,0.588386266586014,-4.5086467650856,"Coq5","GSE41345",FALSE
0.0251256963999981,1.77170713577778,0.327707076658519,0.749799647652486,0.910364715904999,-5.30951039384501,"Coq6","GSE41345",FALSE
0.11604736375,0.749393584111111,2.05084359663683,0.0670306726956103,0.564515411734788,-3.90615181338187,"Coq7","GSE41345",FALSE
0.248892885000001,5.972809412,1.66569417258291,0.126325526655455,0.573793150721065,-4.33174492930205,"Coro1a","GSE41345",FALSE
0.00191589900000049,1.22512743866667,0.0301115259530527,0.976562601498901,0.996391498954882,-5.35492051503607,"Coro1b","GSE41345",FALSE
0.0634083480999941,1.95976824044445,0.848536084640305,0.415723136090018,0.741776913579799,-5.05901439692815,"Coro1c","GSE41345",FALSE
0.156552085,0.804105873444445,1.0812146503455,0.304647333099518,0.678640513463071,-4.88620245708777,"Coro2b","GSE41345",FALSE
-0.16856103085,0.718868320888889,-0.945285888910927,0.366495015494713,0.720840235233947,-4.99119136653961,"Cort","GSE41345",FALSE
-0.0330529241499989,1.73825821788889,-0.45641239351006,0.657714450370469,0.866553044980333,-5.26700183007066,"Cotl1","GSE41345",FALSE
0.0687847796000001,2.20961624055555,1.05252020210956,0.316998412623959,0.686398881435218,-4.90926311311928,"Cox10","GSE41345",FALSE
0.0125493972000002,-0.165815536333334,0.122060897874252,0.905236230105875,0.973370215015763,-5.34892052130526,"Cox11","GSE41345",FALSE
0.0173252142000006,0.785910625,0.294797647823662,0.774096414711529,0.923346298606606,-5.31820182434903,"Cox15","GSE41345",FALSE
0.234095407300007,2.73596265744444,2.04631641673681,0.0675427025808842,0.564515411734788,-3.91131529868092,"Cox17","GSE41345",FALSE
-0.0833322222000035,1.911355348,-0.831985825949151,0.424578839202575,0.747794378738192,-5.07000765197011,"Cox18","GSE41345",FALSE
0.212547832249999,3.79175545622222,1.9705636971763,0.0766779971244136,0.568657558085909,-3.99726576947345,"Cox4i1","GSE41345",FALSE
0.2160229773,3.26358956633333,2.71832558555514,0.0213736198993145,0.537623773850961,-3.12985279313935,"Cox5a","GSE41345",FALSE
0.296810012600002,3.77233964455556,2.21834996845717,0.0504837501834474,0.551749088057453,-3.71339277337989,"Cox5b","GSE41345",FALSE
0.498161042350003,7.18343943511111,2.03381457663251,0.0689759721269468,0.564515411734788,-3.92555938248529,"Cox6a1","GSE41345",FALSE
-0.0946804267000004,0.583117702555556,-0.483070869392076,0.639306822782244,0.857079252409234,-5.25653097494188,"Cox6a2","GSE41345",FALSE
-0.0807694155999926,2.98243703555555,-1.04998710863239,0.318106712702973,0.688053934098933,-4.91127641227286,"Cox6c","GSE41345",FALSE
0.0517307888500001,0.232362512111111,0.44779800354655,0.663715053244562,0.868929131233729,-5.27026465205362,"Cox7a1","GSE41345",FALSE
-0.0612052124999998,0.636579711333333,-0.439706757988727,0.669374009929146,0.870617866134646,-5.27327536682775,"Cox7a2","GSE41345",FALSE
0.0506437636499989,2.481046246,0.896528735307871,0.390760322869242,0.731002939929819,-5.02611986004133,"Cox7a2l","GSE41345",FALSE
0.153310731349999,3.35880186022222,1.32905430063371,0.212961781289237,0.61049408975836,-4.66903533685107,"Cox7c","GSE41345",FALSE
0.306909059350001,3.82058310377778,2.42247943763003,0.0355978292849549,0.541735380587652,-3.47554744532312,"Cox8a","GSE41345",FALSE
0.427185019,0.169597304444444,2.04619286947649,0.0675567277141813,0.564515411734788,-3.9114561709517,"Cox8b","GSE41345",FALSE
-0.04872080515,0.166704100222222,-0.702809001162578,0.49799374670778,0.792438596723663,-5.14938965141708,"Cp","GSE41345",FALSE
-0.0131273097999995,0.127253878888889,-0.077942014338895,0.939390936546373,0.984078873136461,-5.35270313568324,"Cpd","GSE41345",FALSE
-0.0275793890500001,0.437916793555556,-0.344421300081851,0.73756656361977,0.904559382377067,-5.30475325317535,"Cpeb1","GSE41345",FALSE
-0.124323562049999,0.438170786333333,-1.29637710073174,0.22357463067265,0.619498276089108,-4.69938112463909,"Cpeb3","GSE41345",FALSE
0.0893737687500015,4.189438302,0.720572332383877,0.487453311331507,0.785729954642869,-5.13916539459625,"Cplx1","GSE41345",FALSE
0.233384457249996,2.66662546544445,1.47666062318303,0.170138398767219,0.590052931837169,-4.52629490698173,"Cplx2","GSE41345",FALSE
-0.0256317608000003,0.981248497111111,-0.209041041893478,0.838556373221574,0.947136437588345,-5.33660272186421,"Cpne2","GSE41345",FALSE
-0.0389785210499988,2.04299743566667,-0.542165671172905,0.599417000377354,0.838984161227586,-5.23132854647863,"Cpne4","GSE41345",FALSE
0.17927835175,3.96691739244445,1.71613248246903,0.11648080793344,0.573793150721065,-4.27795492083681,"Cpne6","GSE41345",FALSE
-0.00750996860000002,0.982927480777778,-0.0756740131971823,0.941150824057158,0.984489443211003,-5.35285256995978,"Cpne8","GSE41345",FALSE
-0.00985652720000021,-0.0603195575555556,-0.119192064707147,0.907451798028738,0.973806614461992,-5.34921707076722,"Cpsf1","GSE41345",FALSE
-0.0852567456000001,-0.0337574583333333,-1.48463974036728,0.16805046824483,0.5897571471234,-4.51833256858383,"Cpsf2","GSE41345",FALSE
-0.26939406595,0.145942379222222,-3.49505108006299,0.00565591935194448,0.537623773850961,-2.25407231197721,"Cpsf6","GSE41345",FALSE
0.12971078095,0.198582701777778,1.51773172358842,0.159626319575316,0.580042267756514,-4.48506020423563,"Cpt1c","GSE41345",FALSE
-0.0448508063999998,0.120680252666667,-0.460327793908797,0.654995421176777,0.866553044980333,-5.26549927662179,"Cpt2","GSE41345",FALSE
-0.456654429800001,0.842334747444445,-1.21236542810367,0.252865887613245,0.641105786819756,-4.77511062393534,"Crbn","GSE41345",FALSE
-0.0165325555500002,1.11093224533333,-0.308346004021461,0.764061064859833,0.917025341108887,-5.31473242460978,"Crcp","GSE41345",FALSE
0.0356324649499996,1.36290853888889,0.524659762920119,0.611098163541651,0.842934365082207,-5.2390780981148,"Creb3","GSE41345",FALSE
0.0555523671000003,0.633107206333334,0.312314818269371,0.761129883132304,0.916080668409596,-5.31368725523836,"Creg2","GSE41345",FALSE
0.107945161400001,2.07974343088889,1.17601967629576,0.266461439816131,0.645270027874055,-4.80680015631107,"Creld1","GSE41345",FALSE
0.108728028900001,1.103122378,1.07549618938326,0.307078985618924,0.679210230033436,-4.89083521141491,"Creld2","GSE41345",FALSE
-0.0883567181000017,2.15226710211111,-0.89691104965374,0.390565757537722,0.731002939929819,-5.02585183547233,"Crhbp","GSE41345",FALSE
0.0158989883000002,-0.0711016637777777,0.250303541556226,0.807351573556482,0.936246852256042,-5.32851915148548,"Crim1","GSE41345",FALSE
0.106520039149996,2.50975990322222,1.32969688098558,0.212757353785105,0.61049408975836,-4.66843380040191,"Crip2","GSE41345",FALSE
-0.221448707,0.276779420444444,-1.39046940391693,0.194150926265431,0.598108198629548,-4.61073319504594,"Cript","GSE41345",FALSE
-0.0194863799500005,1.48738432688889,-0.223289338887315,0.827744870933524,0.943562772348187,-5.33397354281614,"Crk","GSE41345",FALSE
-0.0902138568500009,0.589711471111111,-1.32758929804634,0.213428461447588,0.610837812575172,-4.67040607947095,"Crkl","GSE41345",FALSE
-0.1315693289,0.690119481111111,-1.29290044845974,0.224729045907144,0.62007056218564,-4.7025811778028,"Crlf3","GSE41345",FALSE
-0.0181848738,0.0243392636666667,-0.166962443906677,0.870682562483822,0.961851514261974,-5.34336458508319,"Crls1","GSE41345",FALSE
0.0658106449999998,1.52098011655556,0.932454523687283,0.372773812903229,0.725044125295751,-5.00052826128733,"Crmp1","GSE41345",FALSE
-0.0388392358499988,1.975196293,-0.378568234168111,0.71281484385866,0.895002416228976,-5.29432135009308,"Crtac1","GSE41345",FALSE
0.153630749250001,0.111912621,1.27408477958662,0.231062132696879,0.622502881230745,-4.71980282015573,"Crtap","GSE41345",FALSE
-0.157000341149999,0.682160868,-2.24807213696358,0.0479906041371578,0.551749088057453,-3.67890863084029,"Cry2","GSE41345",FALSE
0.00392982065000178,1.50828206855555,0.0309735351860718,0.975891886366798,0.996279724968771,-5.35489791669337,"Cryab","GSE41345",FALSE
0.0404796357000001,-0.14236404,0.591397072205936,0.567205166793417,0.821304791573776,-5.20827211303987,"Cryba4","GSE41345",FALSE
-0.126803741150001,0.847666609111111,-2.58870080303137,0.0267341779695242,0.537623773850961,-3.28111871172259,"Cryl1","GSE41345",FALSE
-0.0350625130999963,2.49688651244444,-0.270310994481495,0.792343601287192,0.929469360616727,-5.32408455151588,"Crym","GSE41345",FALSE
-0.187204871900001,0.0845640171111112,-1.67214768585258,0.125025491683997,0.573793150721065,-4.32490269257176,"Cryz","GSE41345",FALSE
-0.10074852085,1.45067807222222,-0.692923779380766,0.503919637187159,0.793649822090831,-5.15498147599002,"Cryzl1","GSE41345",FALSE
-0.0518549667499998,1.96466162411111,-0.768548804375207,0.459688211927762,0.76844598649671,-5.11043577479764,"Cs","GSE41345",FALSE
-0.211203496249999,5.44920690244445,-2.74705677727074,0.0203390849094355,0.537623773850961,-3.09642340314989,"Csde1","GSE41345",FALSE
-0.22447602155,0.749205741111111,-2.76461869786698,0.0197315848528478,0.537623773850961,-3.07601233730546,"Cse1l","GSE41345",FALSE
0.1001161587,0.205458452333333,1.1894394504347,0.261375382374094,0.642386604652324,-4.79517760509376,"Csf1r","GSE41345",FALSE
-0.0479881634500002,0.296300298555556,-0.63337289204784,0.540513262073293,0.811641100947509,-5.18716447474553,"Csf2ra","GSE41345",FALSE
-0.0215325435999999,1.16673579322222,-0.334760539067137,0.744628147021959,0.90748181378244,-5.30753094550963,"Csk","GSE41345",FALSE
0.349366371650004,3.07318166155556,1.59936030229075,0.140405599913619,0.579601639670235,-4.40135114062333,"Csnk1d","GSE41345",FALSE
0.0412314536500028,4.27921498111111,0.372489264583623,0.717196791301392,0.897074525332385,-5.29624826936361,"Csnk1e","GSE41345",FALSE
0.640020707950002,4.94935286877778,2.77714285974624,0.0193094980979138,0.537623773850961,-3.06146755479283,"Csnk1g2","GSE41345",FALSE
-0.13569376605,1.91656920833333,-2.02822439721841,0.0696261191017912,0.564515411734788,-3.93192137906275,"Csnk1g3","GSE41345",FALSE
0.0979307378499975,4.02399614777778,0.852041179541375,0.413863873284609,0.741776913579799,-5.05666291446964,"Csnk2a2","GSE41345",FALSE
0.1505656841,1.77730051522222,1.30100454772432,0.222045684951409,0.618319375599093,-4.69511323269624,"Cspg5","GSE41345",FALSE
-0.707699659699998,1.78976142611111,-1.41158085746316,0.188017291358883,0.59534225335633,-4.590324845562,"Csrp1","GSE41345",FALSE
0.1803148108,1.00262956211111,1.5744412002121,0.146044664763658,0.580042267756514,-4.42714264725218,"Csrp2","GSE41345",FALSE
-0.1345207448,1.22950285911111,-2.14543738525844,0.0571390115403251,0.552658308806149,-3.79766736599121,"Csrp2bp","GSE41345",FALSE
0.219417495549998,4.22273868711111,2.01565080419932,0.0711096616074705,0.564515411734788,-3.94621422833223,"Cst3","GSE41345",FALSE
0.0456673990499996,2.384798326,0.599561309396403,0.561956904893655,0.817642749100964,-5.20427033931885,"Cstb","GSE41345",FALSE
0.0307260549000001,1.508640933,0.544094863770455,0.59813686936089,0.838189183566567,-5.23046002841314,"Cstf1","GSE41345",FALSE
-0.154189489150002,1.96855627255555,-2.37683371267842,0.0385009117020338,0.551749088057453,-3.52889175051479,"Cstf2","GSE41345",FALSE
-0.0804752301000017,2.36288424566667,-0.842271287593014,0.419060420519589,0.744127359394468,-5.06319707209352,"Cstf3","GSE41345",FALSE
0.0210666453499998,0.857404532888889,0.275708486110823,0.788309711673608,0.928819625483433,-5.32283083385068,"Ctcf","GSE41345",FALSE
0.0601408936000003,1.62134831044444,0.842327937081787,0.419030161832943,0.744127359394468,-5.06315936665313,"Ctdsp2","GSE41345",FALSE
-0.0770279944500003,0.24035221,-1.06487815510855,0.31163332979571,0.679917145504823,-4.89938856636991,"Ctdspl","GSE41345",FALSE
-0.0741188054000009,1.51382008811111,-0.490677061934664,0.634100687512749,0.854517359290092,-5.25344039109856,"Ctgf","GSE41345",FALSE
-0.00638100724999866,2.14156941677777,-0.0930875288309201,0.92764779449426,0.982387196059335,-5.35159230225631,"Ctnna1","GSE41345",FALSE
-0.0398913789000024,4.39222801766667,-0.258566405456562,0.80114312302784,0.932632679923684,-5.32672836038524,"Ctnnb1","GSE41345",FALSE
0.0159550174000005,0.594617567444444,0.149268991023174,0.884268775473586,0.967272063968532,-5.34575893882934,"Ctnnbl1","GSE41345",FALSE
-0.0502129348500003,0.869332750666667,-0.768482492956801,0.459725872616131,0.76844598649671,-5.11047659398247,"Ctns","GSE41345",FALSE
-0.146441816799998,3.84307296388889,-1.71436199221276,0.116814301078268,0.573793150721065,-4.2798549815125,"Ctps","GSE41345",FALSE
0.0615730611999953,3.08849860577778,0.827039995237447,0.427249779729407,0.750477408281225,-5.07325745757981,"Ctsb","GSE41345",FALSE
0.0115075841500005,0.723409592444445,0.191867403806821,0.851634287512011,0.953955600436375,-5.33954367551291,"Ctsf","GSE41345",FALSE
0.0663856591999999,0.608882446222222,0.856410611386527,0.411554086184846,0.740973672484891,-5.05372023411288,"Ctsh","GSE41345",FALSE
-0.1054510596,-0.182384069,-1.20446845499634,0.255771603157468,0.641365508558957,-4.78205263929942,"Ctss","GSE41345",FALSE
0.0435314520999999,0.105156423444445,0.39935140359721,0.697916843001699,0.886358646230272,-5.28750624633023,"Ctsz","GSE41345",FALSE
0.0816958391500001,-0.0525302255555556,1.42659767852295,0.183755293821022,0.590993588481768,-4.57569796580708,"Cuedc1","GSE41345",FALSE
0.0438071479000017,1.65708848411111,0.418587482369224,0.684246361058684,0.881393205317737,-5.28088649264247,"Cuedc2","GSE41345",FALSE
-0.00925901529999922,0.922059153888889,-0.124042542296332,0.903706323891888,0.972554628977121,-5.34871157636819,"Cul1","GSE41345",FALSE
-0.150331406999998,2.23068017333334,-2.87075980751013,0.0164288648058328,0.537623773850961,-2.95308227148724,"Cul3","GSE41345",FALSE
-0.0110819570500003,0.918397217555556,-0.127735069523584,0.900856655242952,0.97233982170878,-5.34831329287211,"Cul4a","GSE41345",FALSE
-0.1514245057,0.837545857888889,-0.919733942209825,0.379073887666475,0.728556252861778,-5.00968298425433,"Cul4b","GSE41345",FALSE
-0.0649421352499997,1.30401479977778,-1.14335033562064,0.279170914232728,0.655253357727131,-4.83470438959512,"Cul5","GSE41345",FALSE
0.0926369436499998,0.862218028555555,1.50981111127369,0.161608502656511,0.582920175104468,-4.49306015763253,"Cul7","GSE41345",FALSE
-0.34433872665,0.801492810333333,-2.56817327545485,0.0276979179833178,0.537623773850961,-3.30511980884258,"Cutc","GSE41345",FALSE
-0.13878353345,0.437486367777778,-1.58615430068616,0.143369602541103,0.579936514910764,-4.41504466164295,"Cwf19l2","GSE41345",FALSE
0.0859443334500025,2.93709340133333,1.20638351848603,0.25506450298547,0.641365508558957,-4.78037202386827,"Cx3cl1","GSE41345",FALSE
0.0240142716000002,1.164764034,0.387542108791256,0.706366124210611,0.892112287601831,-5.29142175938818,"Cx3cr1","GSE41345",FALSE
0.0320602058500001,0.235232856777778,0.169092906332793,0.869049523948482,0.961265282514828,-5.34305832456364,"Cxadr","GSE41345",FALSE
0.382172721699997,2.84251040277778,2.56355048566947,0.0279196590446753,0.537623773850961,-3.31052590511986,"Cxcl12","GSE41345",FALSE
0.0807313537999998,1.66939840988889,0.991997500574946,0.344282359776647,0.708659567491277,-4.95634666444298,"Cxcl14","GSE41345",FALSE
-0.0141228392499974,1.98535618955556,-0.124254913154849,0.903542389723853,0.972554628977121,-5.3486889850515,"Cxx1c","GSE41345",FALSE
-0.0745695195500025,2.87349918811111,-0.95431467181321,0.36212275366512,0.71794356699861,-4.98456029025197,"Cxxc1","GSE41345",FALSE
-0.35007783135,1.37152731233333,-2.71845293306431,0.0213689201695602,0.537623773850961,-3.12970452577641,"Cxxc4","GSE41345",FALSE
-0.0558084011500006,1.65693988355556,-0.884117962041869,0.397113215476225,0.734372541783482,-5.03476956401649,"Cyb561","GSE41345",FALSE
0.0346601612500001,1.09088476311111,0.323704843982616,0.752739830518823,0.911423297156877,-5.31061529510119,"Cyb561d1","GSE41345",FALSE
-0.12826980175,-0.0813847157777776,-1.65558225916179,0.128386918792029,0.573793150721065,-4.34244152114473,"Cyb5d2","GSE41345",FALSE
-0.0601587878999999,0.859170001333333,-0.401586324710905,0.69632261482421,0.886085023103329,-5.28675250172061,"Cyb5r3","GSE41345",FALSE
-0.186422211,0.30096423,-1.93412535962168,0.081474537608246,0.572386052113846,-4.03827789732791,"Cyb5r4","GSE41345",FALSE
0.0393907851500004,0.581155245222222,0.508889697451495,0.621719852942922,0.848145032547552,-5.2458553762073,"Cyba","GSE41345",FALSE
0.0827593533499983,2.36292827022222,1.20437049043898,0.255807816855309,0.641365508558957,-4.78213856128635,"Cyc1","GSE41345",FALSE
-0.3290106262,-0.0455823217777778,-1.46092622887912,0.174321365876012,0.590052931837169,-4.54192597797048,"Cycs","GSE41345",FALSE
-0.0610376140499999,0.0819972833333333,-1.11928763856959,0.288832602758469,0.661829336875724,-4.85489643151228,"Cyfip1","GSE41345",FALSE
0.166591048800001,0.718548545333333,0.829839151831648,0.425736741839311,0.749385825164274,-5.07142019591431,"Cyfip2","GSE41345",FALSE
0.0759260894499997,2.36894324544444,1.04394807563788,0.320760762362297,0.690985273213611,-4.91606138713783,"Cygb","GSE41345",FALSE
0.188445560550002,3.36403157866667,1.45790360738048,0.175134985080609,0.590052931837169,-4.54491796260131,"Cyhr1","GSE41345",FALSE
-0.0636747475499951,1.820983168,-1.0440520987409,0.320714905166796,0.690985273213611,-4.91597914272129,"Cyld","GSE41345",FALSE
-0.0172083539000005,-0.138535966888889,-0.208096761333235,0.83927415790658,0.947136437588345,-5.33677090886652,"Cyp20a1","GSE41345",FALSE
-0.17919784205,-0.610989703555555,-1.07015657045103,0.309362898079605,0.67958968631025,-4.89514448328928,"Cyp27a1","GSE41345",FALSE
-0.0594401681500001,1.33511544588889,-0.647974217461404,0.531400552803539,0.808402107930089,-5.17951427545908,"Cyp2d22","GSE41345",FALSE
-0.1806328499,1.31563485177778,-2.51631432098423,0.0302885900828627,0.537623773850961,-3.36578117242357,"Cyp2j9","GSE41345",FALSE
0.13334588765,0.416716252555555,1.46613486171852,0.172926954054317,0.590052931837169,-4.53676194650464,"Cyp46a1","GSE41345",FALSE
0.0680927116999994,0.434782778222222,0.879000886687254,0.399753392120098,0.734986193986031,-5.03830700996518,"Cyp4f13","GSE41345",FALSE
0.0163509225999997,0.201822996111111,0.269817918147039,0.792712430691154,0.929685764645463,-5.32419786838297,"Cyp4f14","GSE41345",FALSE
-0.11250094475,0.190063054111111,-1.58620699201962,0.143357667205847,0.579936514910764,-4.41499013736415,"Cyp4f15","GSE41345",FALSE
-0.0683950158000003,0.215787365,-0.870477815802924,0.404177877497763,0.739003812586054,-5.0441613480402,"Cyp4v3","GSE41345",FALSE
-0.0743577785000006,0.870476258444444,-0.83371498041909,0.42364768913462,0.746751239533691,-5.06886760606625,"Cyp51","GSE41345",FALSE
-0.0765142976499999,1.48644097588889,-1.15540256378176,0.274427789484679,0.651868544930035,-4.82447508392753,"Cyp7b1","GSE41345",FALSE
-0.0170072589500002,1.51492694944444,-0.240914798738604,0.814422984848623,0.937488042134582,-5.33048440435065,"D10Bwg1379e","GSE41345",FALSE
0.233907108950002,1.82928377388889,2.09350923736312,0.0623826499274017,0.564515411734788,-3.85735547500382,"D10Jhu81e","GSE41345",FALSE
-0.0354836610000001,0.168010336,-0.443157078276619,0.66695820471498,0.870617866134646,-5.27199792003959,"D10Wsu102e","GSE41345",FALSE
-0.0126755697499999,0.586122997444444,-0.0908418547737351,0.929387911860054,0.982785330155221,-5.35176940888665,"D11Wsu47e","GSE41345",FALSE
0.1159576051,0.569321440777778,1.15521370101621,0.274501623854709,0.651868544930035,-4.8246359705401,"D130043K22Rik","GSE41345",FALSE
0.0418941864000003,1.156655016,0.578580298935437,0.575498586782267,0.825896428568402,-5.21445260770091,"D15Ertd621e","GSE41345",FALSE
-0.0746171147500003,1.32350402188889,-1.0719520584333,0.308593474292125,0.67958968631025,-4.89369724739539,"D16Ertd472e","GSE41345",FALSE
-0.0234409646999996,0.780578720666667,-0.45915856253297,0.65580683747822,0.866553044980333,-5.26594925200142,"D17Wsu104e","GSE41345",FALSE
-0.0236685569500001,0.120937478555556,-0.40951419601952,0.690679975411828,0.883254635185195,-5.28404615819228,"D17Wsu92e","GSE41345",FALSE
0.0811335448999995,1.68522208888889,1.53222628532828,0.156053791821038,0.580042267756514,-4.47036268273873,"D19Bwg1357e","GSE41345",FALSE
0.161317120099996,1.72482304122222,2.09155934804244,0.0625882194382287,0.564515411734788,-3.85959061685383,"D3Bwg0562e","GSE41345",FALSE
-0.0985968117499999,-0.145271729222222,-1.50552559406323,0.162689881989072,0.584779098268631,-4.49737919677743,"D3Ertd751e","GSE41345",FALSE
0.09499329165,1.01690873833333,1.69979760896598,0.119590596884783,0.573793150721065,-4.29545290623955,"D5Ertd579e","GSE41345",FALSE
-0.0419437084499999,0.0843941289999999,-0.570361457514514,0.580851405494183,0.828738955594799,-5.21835019484815,"D630023F18Rik","GSE41345",FALSE
-0.444302027300002,2.22299110311111,-2.93042888304593,0.0148229643934203,0.537623773850961,-2.88435564100165,"D6Wsu163e","GSE41345",FALSE
0.232839296100002,1.952553848,2.32531692717924,0.042055638774836,0.551749088057453,-3.58901319147003,"D8Ertd738e","GSE41345",FALSE
0.1351497794,0.124812002222222,1.46701612984291,0.172691980923244,0.590052931837169,-4.53588720285807,"D8Ertd82e","GSE41345",FALSE
-0.0663953423499997,0.536085255555556,-1.08127964949994,0.304619778526653,0.678640513463071,-4.88614969350917,"Daam1","GSE41345",FALSE
-0.119679443250001,0.839332279333333,-1.36088897515594,0.20302900624185,0.604970355956323,-4.63901632018261,"Dab1","GSE41345",FALSE
-0.200323479850001,0.984743591888889,-0.849602990355872,0.415156598874543,0.741776913579799,-5.05829949419363,"Dab2","GSE41345",FALSE
0.056621298500002,1.86651506555556,0.675037416617803,0.514750402499187,0.79824301346968,-5.16491997573196,"Dab2ip","GSE41345",FALSE
0.01196325815,0.0377311042222222,0.183849718072226,0.857756269337392,0.956159342676496,-5.34083117824514,"Dact2","GSE41345",FALSE
0.0682669072999972,2.52505377588889,0.676685646400754,0.513746534881236,0.79790350408315,-5.16401384908712,"Dad1","GSE41345",FALSE
0.182879843600005,2.73876802288889,1.50909329883107,0.161789193766565,0.582920175104468,-4.49378404708843,"Dag1","GSE41345",FALSE
-0.406681482050001,7.95242531044444,-1.69958454582494,0.119631649853282,0.573793150721065,-4.29568065755641,"Dap3","GSE41345",FALSE
-0.2752765483,1.16262206122222,-1.76866945440577,0.106969391096338,0.573793150721065,-4.22119929237554,"Dapk1","GSE41345",FALSE
-0.0896211782999999,-0.201306234,-0.817751836368107,0.432296186856642,0.752387765933359,-5.07931623790568,"Dapk2","GSE41345",FALSE
0.0863877220999998,0.422260122555555,1.18002771184251,0.264934239445452,0.6436898197403,-4.80333855249114,"Dapk3","GSE41345",FALSE
-0.3598479415,3.36781790855556,-2.81210285932493,0.0181786395873451,0.537623773850961,-3.02092017632352,"Dars","GSE41345",FALSE
-0.0554482663500003,0.477733958666666,-0.794763178022742,0.444956659948437,0.758336071686369,-5.09406163252989,"Daxx","GSE41345",FALSE
0.0653038123,0.0421930717777778,0.967033058690672,0.356027911116459,0.714464288006487,-4.97513439655981,"Dazap1","GSE41345",FALSE
0.215102488900005,5.92081166677778,1.27005391829919,0.232437716973432,0.624165818262522,-4.72347069394667,"Dbi","GSE41345",FALSE
0.15681675985,0.603990494111111,1.76723809255921,0.107218868878277,0.573793150721065,-4.22275490374275,"Dbn1","GSE41345",FALSE
-0.0480878189500001,0.466762047222222,-0.797073562480614,0.443673327446513,0.758336071686369,-5.09259592257699,"Dbnl","GSE41345",FALSE
0.101460557249996,2.906174553,1.12333870868665,0.28718803066607,0.661319287054334,-4.85151876567916,"Dbp","GSE41345",FALSE
-0.13941888675,-0.0788689856666667,-1.455486071541,0.175788077403815,0.590052931837169,-4.5473084707869,"Dbpht2","GSE41345",FALSE
-0.0597779944000002,0.841656828888889,-0.913633478759328,0.382121915406522,0.729663316696362,-5.01403721709519,"Dbr1","GSE41345",FALSE
-0.10222397095,0.780272241222222,-1.58575241647635,0.143460663913182,0.579936514910764,-4.41546049621628,"Dbt","GSE41345",FALSE
-0.0207531292999997,0.479992793777778,-0.386435584181759,0.707159983657879,0.892162685459139,-5.29178283632024,"Dcbld1","GSE41345",FALSE
-0.189699618800003,3.71021266411111,-0.717247503167608,0.489415587586174,0.787280002614697,-5.14109623620181,"Dcn","GSE41345",FALSE
0.0450956397499995,0.220432730555556,0.353104389124971,0.73124133049582,0.901625924129687,-5.30219115867576,"Dcp1a","GSE41345",FALSE
0.0944579218500002,1.088004674,1.30711278909096,0.2200407001638,0.617688005795592,-4.68946463878828,"Dcp1b","GSE41345",FALSE
0.0442392518499999,1.54195413011111,0.64074815582789,0.535899098562885,0.811057565110411,-5.18332000221251,"Dcps","GSE41345",FALSE
-0.0695030814499997,0.449181301777778,-0.930938606774894,0.373520649914408,0.725044125295751,-5.00162455809336,"Dctd","GSE41345",FALSE
0.343313303250003,5.61837084333333,1.69510669847754,0.12049738660338,0.573793150721065,-4.30046429140721,"Dctn2","GSE41345",FALSE
0.217050359599997,4.74087960588889,1.65924666339806,0.12763644568693,0.573793150721065,-4.33856870279489,"Dctn3","GSE41345",FALSE
0.113763126099998,2.75069649977778,1.12447072461826,0.286729782291921,0.660846423853167,-4.85057333987093,"Dctn4","GSE41345",FALSE
-0.033532843499994,2.220317903,-0.455207470177454,0.658552258125791,0.866769046304865,-5.26746176976445,"Dctn5","GSE41345",FALSE
0.212234634400002,1.83361571277778,2.58977096916583,0.0266848576454394,0.537623773850961,-3.27986769200314,"Dctn6","GSE41345",FALSE
-0.136892459150001,0.592059168444444,-2.4851936359576,0.0319567162901806,0.541735380587652,-3.40219187227083,"Dcun1d2","GSE41345",FALSE
-0.0583310731499999,-0.080714894,-0.972183605468375,0.353581015350383,0.7118199841964,-4.97128909175797,"Dcun1d3","GSE41345",FALSE
-0.0379170460499996,3.54667060833333,-0.414228340869369,0.687334047373425,0.882413228383843,-5.2824128030194,"Dcun1d4","GSE41345",FALSE
-0.22195556625,0.181804143666667,-1.57861028783042,0.14508751396635,0.579936514910764,-4.42284173518247,"Dcx","GSE41345",FALSE
0.11953369705,0.280237157777778,1.0758558272453,0.306925621739019,0.679210230033436,-4.89054439429192,"Dcxr","GSE41345",FALSE
-0.0904614679999999,2.46035870211111,-1.02575749281105,0.328855922943433,0.697108204877566,-4.93034729842593,"Ddah1","GSE41345",FALSE
-0.00237298994999979,-0.166334417,-0.033606317699375,0.973843485934732,0.995198249797534,-5.35482494811505,"Ddah2","GSE41345",FALSE
-0.0626741910000004,0.383348497,-0.707785712493715,0.495026607619833,0.790506390825465,-5.1465478885357,"Ddb1","GSE41345",FALSE
-0.13675041815,-0.0611085252222222,-1.62562518702789,0.134671623249665,0.57817881478681,-4.37395178598875,"Ddc","GSE41345",FALSE
-0.0295104029499999,0.712987397555556,-0.366126373262212,0.721794930612257,0.898650488762185,-5.29823286659088,"Ddhd1","GSE41345",FALSE
0.00320362559999964,0.989161644,0.0203246979961549,0.984178779327939,0.997338978781246,-5.35513236501964,"Ddit3","GSE41345",FALSE
0.1847885422,1.32790201077778,3.07611615156808,0.0115375816536512,0.537623773850961,-2.71796798949063,"Ddit4","GSE41345",FALSE
-0.0457650300999998,1.08743085222222,-0.372231526419004,0.717382817505466,0.897074525332385,-5.29632930112534,"Ddit4l","GSE41345",FALSE
-0.1138105736,-0.149205428555555,-1.11577742522942,0.290263517609705,0.663553453901061,-4.85781596581058,"Ddo","GSE41345",FALSE
0.0643400466000002,0.881537372666667,0.991336401440048,0.344589687584451,0.708713619285639,-4.95684903515583,"Ddost","GSE41345",FALSE
0.0413273759500003,0.0986949004444443,0.528413743296945,0.608583447848074,0.841790535767707,-5.23743628226763,"Ddr1","GSE41345",FALSE
0.0922873909500002,-0.136421864,1.17551217677638,0.266655311935263,0.645270027874055,-4.80723787695365,"Ddt","GSE41345",FALSE
-0.391421867299998,3.56894289444444,-2.79280970524648,0.0187942327907328,0.537623773850961,-3.04328687839146,"Ddx1","GSE41345",FALSE
-0.0492262349000004,1.08194893577778,-0.823951413162519,0.428923450048175,0.751062832844773,-5.07527860150196,"Ddx18","GSE41345",FALSE
-0.1152844882,0.635165575888889,-1.35553593788232,0.204671557291773,0.60599416791512,-4.64409485172932,"Ddx20","GSE41345",FALSE
-0.0811151549000002,0.453095882444444,-0.957865140479842,0.360413770133817,0.71724326589222,-4.98193893235188,"Ddx21","GSE41345",FALSE
-0.133909653299999,5.45930770833333,-1.14511017055049,0.278474351250908,0.654706831402484,-4.83321551438507,"Ddx24","GSE41345",FALSE
0.0223475071500044,2.187161599,0.375344492004234,0.715137287425721,0.89623194346121,-5.29534697052054,"Ddx25","GSE41345",FALSE
-0.1068886711,0.770001932555556,-1.84652186133626,0.0941742330338077,0.573793150721065,-4.13585876540535,"Ddx27","GSE41345",FALSE
0.08447851405,0.325520403444444,1.4552274954415,0.17585805495262,0.590052931837169,-4.54756402295433,"Ddx28","GSE41345",FALSE
-0.00355353970000004,0.599633978222222,-0.0279439035552542,0.97824927594039,0.996535899435461,-5.3549745233713,"Ddx3x","GSE41345",FALSE
0.130075523549996,2.098997212,2.07902758377677,0.0639248537976362,0.564515411734788,-3.87394438475492,"Ddx3y","GSE41345",FALSE
0.0241027367500004,1.14730495544444,0.351098554200998,0.732700638997492,0.902197571821654,-5.30278851536347,"Ddx41","GSE41345",FALSE
-0.13121846105,0.0238375537777779,-1.71846375889289,0.116042997758272,0.573793150721065,-4.27545174704009,"Ddx46","GSE41345",FALSE
-0.0656648730499982,3.79433745477778,-0.619749939675604,0.54909609134458,0.813549921088405,-5.19415937860738,"Ddx47","GSE41345",FALSE
0.0384963508500001,0.139038462666667,0.490477148803745,0.634237254773511,0.854517359290092,-5.25352220380839,"Ddx49","GSE41345",FALSE
-0.184276488650001,0.837943759777778,-2.25259515571934,0.0476217860265102,0.551749088057453,-3.6736552183406,"Ddx5","GSE41345",FALSE
-0.151734009400001,0.686938074888889,-0.839109595358806,0.420751552691625,0.744213894696896,-5.06529809323836,"Ddx50","GSE41345",FALSE
-0.0304418153500005,0.474622485888889,-0.511195218376042,0.620161235062513,0.847553687918767,-5.24487667098573,"Ddx51","GSE41345",FALSE
-0.18306958035,0.641057253666667,-1.80614774625877,0.100622988513158,0.573793150721065,-4.18029116297552,"Ddx52","GSE41345",FALSE
0.0450235244999995,1.57651045433333,0.695779023699158,0.50220360531855,0.792639120007653,-5.1533735580247,"Ddx54","GSE41345",FALSE
-0.34829801415,1.192746621,-1.23933381633596,0.243142390947328,0.631719256850786,-4.75117069127791,"Ddx6","GSE41345",FALSE
0.0969015826499947,2.62223961966667,1.68616677591067,0.122242719939676,0.573793150721065,-4.30999798666832,"Deb1","GSE41345",FALSE
-0.16100944295,0.485988927777778,-1.17990425959557,0.264981175050736,0.6436898197403,-4.80344529717369,"Decr2","GSE41345",FALSE
-0.0539031382000006,0.670191760888889,-0.727089341103184,0.48362129040573,0.783228662343953,-5.13535795657875,"Dedd","GSE41345",FALSE
-0.0674496991000002,0.801812800555555,-0.868328637044455,0.405298875108242,0.739003812586054,-5.04563011928813,"Dedd2","GSE41345",FALSE
-0.12850796235,-0.0759617053333334,-1.7438968509681,0.111362632102885,0.573793150721065,-4.24804979351392,"Def8","GSE41345",FALSE
-0.0775877747499987,1.20096688355555,-0.370766437659495,0.718440633435258,0.897694775622896,-5.29678888805043,"Dek","GSE41345",FALSE
-0.228219180200001,1.20426830644445,-1.52924341382546,0.156783232000755,0.580042267756514,-4.47339337677171,"Denr","GSE41345",FALSE
-0.0975738917000016,2.20560869011111,-0.720955978778486,0.487227203231841,0.785729954642869,-5.1389420920107,"Dexi","GSE41345",FALSE
-0.112247483149999,0.424948889111111,-1.8603307918102,0.0920575536119435,0.573793150721065,-4.12057993911172,"Dffa","GSE41345",FALSE
0.22229208165,1.65225528733333,2.15966288206572,0.0557777392341705,0.552626992058785,-3.78126478174062,"Dgat2","GSE41345",FALSE
0.00123962630000009,0.980299641222222,0.0167184148604579,0.986985676223544,0.997468690419906,-5.35518970104462,"Dgcr2","GSE41345",FALSE
0.349126654450006,2.52552150277778,2.83447914220949,0.0174900195834571,0.537623773850961,-2.99501148480618,"Dgcr6","GSE41345",FALSE
-0.0496402924000001,0.0281407852222223,-0.672899760817933,0.516054108933994,0.798537035531395,-5.16609222309473,"Dgcr8","GSE41345",FALSE
0.11523092035,-0.0118379602222222,1.06912647000957,0.309804988314813,0.67958968631025,-4.89597396575283,"Dgka","GSE41345",FALSE
-0.160767591449999,1.34652688033333,-1.59268372007219,0.141897268632109,0.579936514910764,-4.40828123761193,"Dgkb","GSE41345",FALSE
-0.02117276945,-0.00667537555555543,-0.20790522509972,0.839419770955416,0.947136437588345,-5.33680493170107,"Dgke","GSE41345",FALSE
0.11269620645,2.52168046166667,1.13059935893694,0.28425874590499,0.659088209470743,-4.8454429176889,"Dgkg","GSE41345",FALSE
0.00266759690000014,0.117099277222222,0.0422932727738066,0.967086216113253,0.993282237853184,-5.35454199843092,"Dgkh","GSE41345",FALSE
0.0581678553500006,0.195192509555556,0.807537271570214,0.437891711728417,0.755428570591941,-5.08591227074144,"Dgkq","GSE41345",FALSE
0.503400159499996,5.02187387722222,1.83372334667463,0.0961760550786506,0.573793150721065,-4.1499829939437,"Dgkz","GSE41345",FALSE
0.0190278447999998,1.02694029011111,0.315294893668955,0.758931532651171,0.915129841206041,-5.31289388428437,"Dguok","GSE41345",FALSE
0.5967800115,-0.572030193333333,1.37673345355675,0.198231962264294,0.601721825078704,-4.62391262234516,"Dhcr24","GSE41345",FALSE
-0.03395715445,-0.0563433084444444,-0.369494489324306,0.719359504410047,0.897815874070945,-5.29718646644693,"Dhcr7","GSE41345",FALSE
-0.0769500159000003,0.166166201333333,-1.26590749442311,0.233859720203479,0.625407662508162,-4.72723573618549,"Dhdds","GSE41345",FALSE
0.00466772154999979,0.885442489111111,0.0832739507844971,0.935254907978663,0.983216698131415,-5.35233447066788,"Dhodh","GSE41345",FALSE
0.11647774605,0.968335041333333,1.83079124488031,0.0966401542774834,0.573793150721065,-4.15321376047279,"Dhps","GSE41345",FALSE
0.0279622974999987,1.63950825977778,0.368661102217978,0.719961807404898,0.897815874070945,-5.29744624502535,"Dhrs1","GSE41345",FALSE
-0.198267361400002,2.05556794511111,-1.44402277770084,0.178913411260011,0.590052931837169,-4.55861286553576,"Dhrs7","GSE41345",FALSE
0.0852762832500001,0.369801923333333,0.609976771688734,0.555300967185874,0.815012449801619,-5.19909220763038,"Dhrsx","GSE41345",FALSE
-0.0607421734999983,2.53055164144445,-0.506447840517171,0.623372776419204,0.848392130082347,-5.24688742577769,"Dhx15","GSE41345",FALSE
0.0177975587,0.0111342778888889,0.303882086833404,0.767362572727467,0.91855020234886,-5.3158923645056,"Dhx29","GSE41345",FALSE
0.0958810609000009,2.59482347744444,1.17781515482255,0.265776438683608,0.644542108110698,-4.80525048369724,"Dhx30","GSE41345",FALSE
-0.0757170306000002,1.407120158,-1.04141204745671,0.32188026520574,0.691624276707519,-4.91806453455441,"Dhx32","GSE41345",FALSE
0.1058217656,0.808528286222222,1.19653162692435,0.258718870900903,0.641851050902518,-4.78899816413012,"Dhx33","GSE41345",FALSE
-0.0124233131000003,1.58632421911111,-0.144262247798542,0.888120633869796,0.968757882391497,-5.34638810351704,"Dhx36","GSE41345",FALSE
-0.0627753593000001,-0.119643203888889,-0.927887892734692,0.375026861374248,0.726011693631606,-5.00382644651046,"Dhx37","GSE41345",FALSE
0.0526617626000007,1.44543911422222,0.66319817581278,0.521995642958036,0.801590751351211,-5.17137048888794,"Dhx38","GSE41345",FALSE
0.00659952324999997,-0.0974291475555556,0.11593160665495,0.909970821681608,0.975187216045509,-5.34954556835869,"Dhx8","GSE41345",FALSE
-0.0856191479,0.433506638777778,-0.969516783590978,0.354846421832899,0.713640661936576,-4.97328210858094,"Dhx9","GSE41345",FALSE
0.0653654379000001,1.21654426633333,1.12497516683066,0.286525763800349,0.660699326403823,-4.85015182241765,"Diablo","GSE41345",FALSE
0.0366814093499998,0.221160959,0.652699758619151,0.528470672800021,0.806506299062429,-5.17700466173989,"Diap1","GSE41345",FALSE
-0.103533630400001,-0.297384617444444,-1.22255366938406,0.249156330111549,0.636522478598047,-4.76610856576405,"Diap3","GSE41345",FALSE
0.00412727030000007,-0.0636327304444445,0.0712647927803465,0.944573161220139,0.986275418198556,-5.35313047391807,"Dicer1","GSE41345",FALSE
-0.2255643018,0.186994996,-1.6219953483529,0.135451462872473,0.57817881478681,-4.3777512585902,"Dido1","GSE41345",FALSE
0.00163099384999842,3.04958052155556,0.0171310061049547,0.986664531785494,0.997468690419906,-5.35518370679729,"Diras1","GSE41345",FALSE
0.15311253465,3.241906648,1.69106586909946,0.121283474760747,0.573793150721065,-4.30477627697048,"Diras2","GSE41345",FALSE
-0.01214470655,-0.0580386655555555,-0.206999932932199,0.840108093865509,0.947136437588345,-5.33696532033273,"Dirc2","GSE41345",FALSE
0.0196182110500004,-0.194683301888889,0.2046172544376,0.841920394388269,0.947136437588345,-5.33738414302485,"Dixdc1","GSE41345",FALSE
0.162138409400003,6.78716020888889,0.848181865517153,0.41591134624878,0.741776913579799,-5.05925158273054,"Dkk3","GSE41345",FALSE
-0.1567676877,1.28463610533333,-1.59591841945321,0.141172835587992,0.579936514910764,-4.40492550385357,"Dlat","GSE41345",FALSE
-0.13481653955,-0.0172165502222222,-0.805110973834759,0.439227871379361,0.756210887037099,-5.08746867838816,"Dld","GSE41345",FALSE
-0.1396356253,-0.145341210111111,-1.8806230062278,0.0890268427580705,0.573793150721065,-4.09805544581986,"Dleu7","GSE41345",FALSE
0.0188432543999951,1.90471067533333,0.23068103420682,0.822150754046048,0.941441020130386,-5.33254212741835,"Dlg3","GSE41345",FALSE
0.1487122238,0.352692428888889,1.80387902839686,0.100997131276041,0.573793150721065,-4.18277697173344,"Dlgap1","GSE41345",FALSE
-0.0789641148499994,1.15759853644444,-0.379732532983583,0.711976814535916,0.894716938874813,-5.29394885050574,"Dlgap2","GSE41345",FALSE
0.18555791655,0.311958321333334,1.94145388695598,0.0804878592862157,0.572386052113846,-4.03004818098502,"Dlgap3","GSE41345",FALSE
0.276299239650007,2.24233646766666,1.54321942556608,0.15339105636383,0.580042267756514,-4.45916649924227,"Dlgap4","GSE41345",FALSE
-0.0742467799500002,1.56069436933333,-1.26593557110302,0.233850067542856,0.625407662508162,-4.72721026926769,"Dlst","GSE41345",FALSE
-0.0889003033000005,0.821393317888889,-1.42070536105252,0.185417702025444,0.591109774634124,-4.58144807158154,"Dlx1","GSE41345",FALSE
-0.0189168212000002,-0.0609457718888888,-0.262036674963252,0.798539961458249,0.931649799439166,-5.3259591919744,"Dlx1as","GSE41345",FALSE
0.0166353220000002,1.14344388944444,0.293876974740859,0.774779970689696,0.923474975865709,-5.31843204984941,"Dmap1","GSE41345",FALSE
0.23001817605,0.520847645666667,2.31758997386074,0.0426156654888619,0.551749088057453,-3.59802075924864,"Dmrta2","GSE41345",FALSE
0.0160859536499996,0.193486671333333,0.260419882085998,0.799752450834895,0.931725742827457,-5.32631880143658,"Dmrtc1a","GSE41345",FALSE
-0.403304321300001,1.00827814277778,-3.69850620977674,0.00402361110538601,0.537623773850961,-2.03828461911999,"Dmtf1","GSE41345",FALSE
0.171890256050002,3.75215185255556,1.40309722306126,0.190462034583758,0.596310596848497,-4.59854788925028,"Dmwd","GSE41345",FALSE
0.14290452285,0.178108171666666,1.39538156668231,0.19270883786252,0.597673275028176,-4.60600098136561,"Dnaic1","GSE41345",FALSE
-0.1150433514,0.414404243,-0.630373917521361,0.542396039225881,0.811641100947509,-5.18871619770659,"Dnaja2","GSE41345",FALSE
0.0933727968500003,2.31743969422222,1.92491847073865,0.0827301211740595,0.573793150721065,-4.04860317198606,"Dnaja3","GSE41345",FALSE
0.0235120840499995,1.27100793333333,0.372802158749616,0.716970981477146,0.897074525332385,-5.2961498239035,"Dnaja4","GSE41345",FALSE
0.0266954753999988,2.40443468033334,0.479187613377676,0.641972707779121,0.858517201095228,-5.25809124437268,"Dnajb1","GSE41345",FALSE
0.00431718139999992,0.160011727888889,0.0845396042456374,0.934273421044004,0.983216698131415,-5.35224338442226,"Dnajb12","GSE41345",FALSE
-0.23094213215,-0.0338112792222223,-2.07232941113745,0.0646503597685571,0.564515411734788,-3.88160823865462,"Dnajb4","GSE41345",FALSE
0.119985824199997,2.14735039677778,0.520090892071597,0.614165910329317,0.845448920354193,-5.24106153267013,"Dnajb6","GSE41345",FALSE
-0.0229499055500012,1.59044809377778,-0.238003894639328,0.816619001132246,0.938944282423601,-5.33107867198128,"Dnajb9","GSE41345",FALSE
-0.0520686184000001,1.47278354122222,-0.790017858414279,0.447600156825465,0.759616063442426,-5.09706063983367,"Dnajc10","GSE41345",FALSE
-0.2155886943,0.360578987333333,-3.48112587288613,0.00579017772907672,0.537623773850961,-2.26908626119086,"Dnajc12","GSE41345",FALSE
-0.0616810491499991,1.69868259577778,-0.860540296433602,0.409379159052219,0.740837121901425,-5.05092748193483,"Dnajc15","GSE41345",FALSE
0.0148129285499994,0.620000715,0.156294978477349,0.878868786039949,0.965780779034111,-5.3448400351342,"Dnajc3","GSE41345",FALSE
0.0659307555500003,0.229344410222222,1.25303387384274,0.238320004343467,0.629226152170424,-4.73887328566731,"Dnajc4","GSE41345",FALSE
0.145900482650003,2.60059157255556,1.28021285292767,0.228983627380182,0.622322174389639,-4.71421199636347,"Dnajc5","GSE41345",FALSE
0.0418802763500065,6.60303716055556,0.416730805811868,0.6855607500935,0.881510163875961,-5.28153846273878,"Dnajc6","GSE41345",FALSE
0.0316257590500036,2.02410868111111,0.499952962986471,0.627779888701526,0.849553148057883,-5.24960976464867,"Dnajc7","GSE41345",FALSE
-0.00946130164999971,0.0129816304444445,-0.120691582634229,0.906293632081619,0.973785658678499,-5.34906294325712,"Dnajc8","GSE41345",FALSE
-0.102932242399996,2.85630073911111,-1.53723164605069,0.154836430643763,0.580042267756514,-4.46527008238031,"Dner","GSE41345",FALSE
-0.17138534105,3.05469296011111,-1.55095330247884,0.15154169910277,0.580042267756514,-4.45126475315548,"Dnm1l","GSE41345",FALSE
-0.0141350040500007,0.693078392777778,-0.239562562727827,0.815442917733168,0.938233774612905,-5.33076135250917,"Dnmt1","GSE41345",FALSE
0.121348026550005,2.37928949644444,1.38012717449636,0.197216993884556,0.601672897858327,-4.62066374948096,"Dnttip1","GSE41345",FALSE
0.285466821100007,2.08420420911111,1.64031222126942,0.131556916765229,0.574906006279939,-4.35853711752369,"Doc2b","GSE41345",FALSE
-0.0102162661000001,1.61385827888889,-0.135836900792776,0.894609375900714,0.970635775100538,-5.34739864478879,"Dock4","GSE41345",FALSE
0.0460762347499999,0.472660369555556,0.426755207699498,0.678477365157197,0.877098526656689,-5.27798543774997,"Dok3","GSE41345",FALSE
-0.00527388225000024,0.635361021333333,-0.0916216299076836,0.928783638713756,0.982785330155221,-5.35170840052094,"Dok4","GSE41345",FALSE
0.0197397912500004,-0.189963964444444,0.120673640527991,0.906307488472725,0.973785658678499,-5.3490647987817,"Dok5","GSE41345",FALSE
-0.0839436206500002,0.417877627555555,-0.919036638269086,0.379421412360353,0.728645157095681,-5.01018187746111,"Dolpp1","GSE41345",FALSE
0.180202633650002,3.980657471,1.40056818625143,0.191196031599035,0.59648387540768,-4.60099355673963,"Dos","GSE41345",FALSE
0.14238660195,-0.121670006,1.94244082865482,0.080355838648001,0.572386052113846,-4.02893914111321,"Dot1l","GSE41345",FALSE
0.0108501365000002,1.37066446988889,0.179276096995917,0.861252958157837,0.956896410826267,-5.34154120883638,"Dpagt1","GSE41345",FALSE
-0.0804492247500006,1.411777929,-1.03329677622285,0.325482420205689,0.695474824687639,-4.92444963123162,"Dph2","GSE41345",FALSE
-0.0915099930999997,0.318085640555555,-1.61953197645169,0.135982983324294,0.57817881478681,-4.38032742665199,"Dph3","GSE41345",FALSE
-0.277162424350001,1.41209497788889,-2.27979826002714,0.0454607468586715,0.551749088057453,-3.64203007611143,"Dpm1","GSE41345",FALSE
0.0931628744999996,1.743558816,1.51121644133867,0.161255254605882,0.582907620637332,-4.49164239282335,"Dpm2","GSE41345",FALSE
0.21963666925,1.12852941644444,1.81808911265757,0.0986745807142592,0.573793150721065,-4.16718760181774,"Dpm3","GSE41345",FALSE
-0.28718362545,0.928966987333333,-2.33994695758651,0.0410148504274295,0.551749088057453,-3.57195075204894,"Dpp10","GSE41345",FALSE
0.187181643450003,2.66591366333333,2.26654590450785,0.0465013926156347,0.551749088057453,-3.6574427611126,"Dpp3","GSE41345",FALSE
0.0824582102000046,1.96002831422222,1.00482917235813,0.338357186440056,0.703063572813022,-4.94654416675639,"Dpp6","GSE41345",FALSE
-0.070513996199997,1.69210030633333,-0.853215771730572,0.413242087204718,0.741629838353521,-5.055873097196,"Dpp7","GSE41345",FALSE
0.0454245110499993,1.27758701277778,0.627610650713842,0.544134171879945,0.811641100947509,-5.19014004348358,"Dpp8","GSE41345",FALSE
0.0898070241499999,0.218150756555555,0.795284513421552,0.444666864379459,0.758336071686369,-5.0937312149037,"Dpp9","GSE41345",FALSE
-0.112676527200005,1.96884785966667,-0.977658850610137,0.350993331118526,0.710557775912246,-4.96718370045482,"Dpysl2","GSE41345",FALSE
0.0291625771500001,0.669963914,0.38244664694193,0.710024831776493,0.894269537125089,-5.29307622298735,"Dpysl3","GSE41345",FALSE
0.140766244350001,1.36876203466667,1.19249660372959,0.260227611182509,0.642039062227688,-4.79251702348167,"Dpysl4","GSE41345",FALSE
-0.03502415425,-0.0316373837777778,-0.418209124343083,0.684514121086715,0.881510163875961,-5.28101957808354,"Dpysl5","GSE41345",FALSE
0.154961438350003,2.63551420477778,1.77325532342138,0.106173664359959,0.573793150721065,-4.21621194339801,"Drap1","GSE41345",FALSE
-0.0840753818000002,0.137405957444445,-0.975521861568471,0.352001653888884,0.710557775912246,-4.96878819787203,"Drd1a","GSE41345",FALSE
-0.224617888199997,2.75570069766667,-1.89660747337033,0.086704935677233,0.573793150721065,-4.08025394209415,"Drg1","GSE41345",FALSE
-0.0489102235000002,1.04791232088889,-0.88853244921975,0.394845308318537,0.733184396287367,-5.03170423441943,"Drg2","GSE41345",FALSE
-0.0531313169999997,1.14520263233333,-0.954929847036754,0.361826226316216,0.71794356699861,-4.98410665334781,"Drp2","GSE41345",FALSE
-0.0098689421499999,-0.0299294721111111,-0.125385997784323,0.902669358455696,0.972554628977121,-5.34856801538673,"Dscr3","GSE41345",FALSE
0.2516797735,0.577178709111111,3.44355486038712,0.00616909550349415,0.537623773850961,-2.30974508698005,"Dst","GSE41345",FALSE
-0.0028678369500009,2.288510161,-0.0408561156146504,0.968203955730929,0.993823030480577,-5.35459327883508,"Dstn","GSE41345",FALSE
0.0186476332500019,2.38895826,0.0974911323975354,0.924236718757823,0.980215725067445,-5.35123248100431,"Dtna","GSE41345",FALSE
0.0052582336499996,0.773569006333333,0.0876560334465878,0.931857192456814,0.983216698131415,-5.35201325570013,"Dtnb","GSE41345",FALSE
0.062417439600003,2.61699898066667,0.860971681208131,0.409152422879735,0.740837121901425,-5.05063510711661,"Dtnbp1","GSE41345",FALSE
-0.0798458159999999,0.448103579666667,-1.27568541273747,0.23051774787654,0.622502881230745,-4.71834421077563,"Dtx1","GSE41345",FALSE
-0.0329815027000001,0.857053432555556,-0.352850140864231,0.731426242220712,0.901633473360804,-5.30226705899086,"Dtx2","GSE41345",FALSE
0.0167155699999995,2.57511497822222,0.234222990736555,0.819473834035366,0.940297279872662,-5.33183991149895,"Dtx3","GSE41345",FALSE
-0.03419863715,0.161904835111111,-0.463824170949424,0.652571832652336,0.864343106114561,-5.26414722195895,"Dtx4","GSE41345",FALSE
0.0888887829500003,1.02280876655556,1.65013063712687,0.12951072593548,0.574426201312774,-4.34819586233932,"Dtymk","GSE41345",FALSE
-0.0745025369999999,0.514750771333333,-0.868266988866538,0.405331061989496,0.739003812586054,-5.0456722058701,"Dus3l","GSE41345",FALSE
0.00730636359999993,1.53807703011111,0.0734030151140015,0.942913369421913,0.985311256111626,-5.35299778641836,"Dusp1","GSE41345",FALSE
-0.0217660180500018,1.71230214,-0.189400636720728,0.853516733503302,0.954810312124479,-5.33994559843564,"Dusp11","GSE41345",FALSE
-0.00441911634999991,0.489301955888889,-0.065359782023902,0.949158334146756,0.986441609221544,-5.35347655979926,"Dusp14","GSE41345",FALSE
0.1256423851,0.405767327444444,2.08377225098923,0.0634156275593047,0.564515411734788,-3.86851220567846,"Dusp15","GSE41345",FALSE
-0.0724815872500006,0.371115098222222,-0.515922760352084,0.616971396763711,0.84604722800647,-5.24285682521929,"Dusp16","GSE41345",FALSE
-0.0891890182,0.764204277555556,-1.08525018879539,0.302940195213833,0.67816321279793,-4.88292210633052,"Dusp19","GSE41345",FALSE
-0.0480583941000004,0.190722833333333,-0.824976114053929,0.428367688428258,0.750917738002808,-5.07460875373139,"Dusp22","GSE41345",FALSE
0.0570623070500002,0.382418339555555,0.860390289262373,0.409458023135601,0.740837121901425,-5.05102912203041,"Dusp23","GSE41345",FALSE
-0.304778392249996,2.15748798977778,-1.79356576620081,0.102714062521682,0.573793150721065,-4.19406193837002,"Dusp6","GSE41345",FALSE
-0.0398707019499996,1.28079606122222,-0.261563762534693,0.798894557137649,0.931649799439166,-5.32606460439195,"Dusp7","GSE41345",FALSE
-0.0683996417000003,1.58121075944444,-0.88258597357839,0.397902376791794,0.73460038065103,-5.03583040664102,"Dusp8","GSE41345",FALSE
0.0847719136000006,0.792432987444444,0.730621333458623,0.481552367213876,0.782115487233358,-5.13328187633862,"Dvl1","GSE41345",FALSE
0.0320605148999991,2.84154299433333,0.580528325856591,0.574233813773013,0.825502030461033,-5.21352126557373,"Dync1i2","GSE41345",FALSE
-0.11673262015,1.07433552788889,-1.82999455864258,0.096766611304207,0.573793150721065,-4.15409126869036,"Dync1li2","GSE41345",FALSE
-0.0467793766999998,0.813822042111111,-0.766327488056765,0.46095086324323,0.769217472976707,-5.11180148742369,"Dync2li1","GSE41345",FALSE
0.118878156350005,3.47381994655556,2.14559287512389,0.057123961868856,0.552658308806149,-3.79748819254386,"Dynll1","GSE41345",FALSE
0.0546681035999996,0.909617282333333,0.786987613477865,0.449293606397053,0.760076369359388,-5.09896767477529,"Dyrk1b","GSE41345",FALSE
-0.0776674498000001,0.886976281222222,-0.853656374892638,0.413009012677312,0.741629838353521,-5.05557659320999,"Dyrk3","GSE41345",FALSE
0.0175356798500002,-0.0683705571111112,0.270868575822878,0.791926585653583,0.929469360616727,-5.32395616545754,"Dzip1","GSE41345",FALSE
-0.0117953092999996,1.50437771311111,-0.108597931873955,0.915640579175174,0.977755249711254,-5.35025126047073,"E130012A19Rik","GSE41345",FALSE
-0.0739768757,0.451871122777778,-0.969383122586862,0.35490993062402,0.713640661936576,-4.97338188464065,"E2f1","GSE41345",FALSE
-0.0938835293500004,0.542937280555556,-0.859900882250725,0.409715394206439,0.740837121901425,-5.05136062610097,"E2f5","GSE41345",FALSE
-0.116324049349999,3.27022136911111,-1.28442136883706,0.227565095864701,0.620663703122923,-4.71036229117489,"E2f6","GSE41345",FALSE
-0.0869514106499997,0.311122625,-1.46973275837745,0.171969374819648,0.590052931837169,-4.53318883258027,"E430018J23Rik","GSE41345",FALSE
-0.0460420380499996,-0.191354091222222,-0.625899095770489,0.545212364060996,0.811641100947509,-5.19101911734494,"Ebag9","GSE41345",FALSE
-0.444121223849999,1.695099656,-4.80302185924756,0.000692838882028662,0.519305144899208,-0.996367464350492,"Ebna1bp2","GSE41345",FALSE
-0.0491125916499998,0.817386714888888,-0.694775421409746,0.502806374163093,0.792639120007653,-5.15393940174073,"Ebp","GSE41345",FALSE
0.11971750455,2.198234028,1.31960972928787,0.215985324145457,0.614740970650072,-4.67785545424857,"Ebpl","GSE41345",FALSE
0.0410782211999999,2.347618856,0.609185239060514,0.55580522835248,0.815414097078774,-5.19948858671603,"Ecd","GSE41345",FALSE
-0.1599734798,0.0950587674444445,-1.77941428498272,0.105113482211965,0.573793150721065,-4.20950567646944,"Ece1","GSE41345",FALSE
-0.0602675828999967,2.081216029,-0.774966815690714,0.45605262360838,0.766369003951037,-5.10647065717072,"Ech1","GSE41345",FALSE
-0.00270213874999989,0.955485144444445,-0.0257682504148896,0.979942312128567,0.996535899435461,-5.35502467705988,"Echdc2","GSE41345",FALSE
-0.00119656785000015,1.42862012466667,-0.0221364259066452,0.982768730611147,0.997040630069024,-5.35509934789486,"Echs1","GSE41345",FALSE
0.0108168865,-0.0354212098888889,0.158305664352344,0.877324608654592,0.965341900844179,-5.3445693328494,"Ecm1","GSE41345",FALSE
0.0348477631500003,1.48240675933333,0.363219047427399,0.723899788694526,0.89927300843159,-5.29912864859115,"Ecsit","GSE41345",FALSE
-0.25045120895,0.200806221777778,-3.43100490760733,0.00630129811799739,0.537623773850961,-2.32337479359051,"Edil3","GSE41345",FALSE
-0.0328351037500001,-0.113349836444444,-0.470427012395724,0.648006472723438,0.86148839876386,-5.26156742096325,"Edn1","GSE41345",FALSE
0.0417353644499998,0.623864792666667,0.716951823641236,0.489590331591643,0.78728806312102,-5.14126756634152,"Ednra","GSE41345",FALSE
-0.366486935000001,3.39952508877778,-2.83930779078567,0.0173448985357643,0.537623773850961,-2.98942530842687,"Ednrb","GSE41345",FALSE
-0.0356746984500002,0.00225298766666672,-0.285580147610889,0.780948992401368,0.927101169651624,-5.32047493824872,"Eed","GSE41345",FALSE
0.237784732099992,8.58301285455556,1.02995500041749,0.326974506594326,0.696928333370747,-4.92706784489629,"Eef1a1","GSE41345",FALSE
0.649609840350001,9.058399781,1.66750157100373,0.125960216093964,0.573793150721065,-4.32982987962555,"Eef1a2","GSE41345",FALSE
-0.177928729549995,4.51119650344444,-1.06438110274056,0.311847780597393,0.679917145504823,-4.89978740735153,"Eef1b2","GSE41345",FALSE
0.1249468823,1.61074052688889,1.48940176975502,0.166814956627086,0.5897571471234,-4.51356926331643,"Eef1d","GSE41345",FALSE
-0.19425182955,1.15518827933333,-1.89199026959265,0.0873697891312989,0.573793150721065,-4.08540120552024,"Eef1e1","GSE41345",FALSE
0.246390078449998,5.76613124433333,0.695710200265543,0.502244926949785,0.792639120007653,-5.15341238472159,"Eef2","GSE41345",FALSE
-0.1266806359,0.159992783555556,-1.54287930060494,0.153472840581492,0.580042267756514,-4.45951353455946,"Eef2k","GSE41345",FALSE
-0.19901774615,-0.0348157652222221,-1.60783430732879,0.138532371491622,0.579351577338652,-4.3925348480681,"Efcab1","GSE41345",FALSE
-0.0749361377,0.0596466681111111,-1.06281954522435,0.312522236595898,0.680798980195728,-4.90103951000289,"Efcab2","GSE41345",FALSE
0.0440003076500005,0.334508940888889,0.409270602475779,0.690853059646438,0.883254635185195,-5.28413007072132,"Efemp2","GSE41345",FALSE
0.0266692111,0.712455600111111,0.261732186657964,0.798768265122016,0.931649799439166,-5.32602708404448,"Efhd1","GSE41345",FALSE
-0.0847852577500001,-0.0962152807777778,-1.08289879101493,0.30393400427518,0.67857764272554,-4.88483458128111,"Efna1","GSE41345",FALSE
0.023910762,0.00526548733333332,0.404181298692408,0.694473492313318,0.884848363248122,-5.28587225145563,"Efna3","GSE41345",FALSE
-0.30774151465,1.06220054888889,-2.99789306751921,0.0131975087481409,0.537623773850961,-2.80703838349369,"Efna5","GSE41345",FALSE
-0.0365514026499999,0.352207356555556,-0.445247784776473,0.665496292035675,0.869829062360083,-5.27121922432815,"Efnb1","GSE41345",FALSE
-0.0360543463,0.0565467608888889,-0.526464656692953,0.609888438190608,0.842417801642081,-5.23829008769509,"Efnb3","GSE41345",FALSE
0.0380890459000006,0.924125764444444,0.426372534293089,0.678747172370983,0.877222447531232,-5.27812255599451,"Efs","GSE41345",FALSE
-0.01452818255,-0.0310110952222222,-0.266930235441529,0.794873537823158,0.930921330989825,-5.32485742202271,"Eftud1","GSE41345",FALSE
0.1138696142,2.24382954822222,1.2047736212834,0.255658821335185,0.641365508558957,-4.78178495558243,"Eftud2","GSE41345",FALSE
0.131179708900001,2.04073637244445,1.49394044690707,0.165644722898722,0.588386266586014,-4.50902157101073,"Egfl7","GSE41345",FALSE
-0.0715632922000002,0.200286269555556,-0.980598340490841,0.349609805936634,0.710557775912246,-4.9649721538188,"Egfr","GSE41345",FALSE
0.0875370661500003,0.190042929333333,1.70539442522252,0.118516746123709,0.573793150721065,-4.28946577816374,"Egln2","GSE41345",FALSE
0.0442064436500018,3.06177258788889,0.348753370303635,0.734408249352476,0.903322146703545,-5.30348274420067,"Egr1","GSE41345",FALSE
-0.0258336578999997,-0.121958106333333,-0.220681842542314,0.829720679756366,0.944959202850969,-5.33446750066776,"Egr2","GSE41345",FALSE
0.119215503750002,1.66302468633333,1.04948460803676,0.318326918513573,0.688053934098933,-4.91167536239842,"Egr4","GSE41345",FALSE
-0.1469014298,0.356036443444444,-1.19332430130275,0.259917554720474,0.641851050902518,-4.7917958780851,"Ehbp1","GSE41345",FALSE
0.17441729605,0.137284260444445,1.8048482238091,0.100837141757412,0.573793150721065,-4.18171518134061,"Ehd1","GSE41345",FALSE
0.0476882948000005,1.14773083788889,0.699408918376081,0.500027156792827,0.792639120007653,-5.15132092348301,"Ehd3","GSE41345",FALSE
-0.0960080902499998,0.828447237666667,-1.08297503012965,0.303901742985518,0.67857764272554,-4.88477262166279,"Ehd4","GSE41345",FALSE
-0.01918302215,1.50515803777778,-0.349580174198139,0.73380605097856,0.902801638225147,-5.303238506623,"Ei24","GSE41345",FALSE
-0.0810534065500003,1.09403397755556,-0.813962101954783,0.43436660774718,0.753788989287347,-5.08177166760043,"Eif1a","GSE41345",FALSE
0.0458294842500003,0.849758960666667,0.634839577326252,0.539593841062634,0.811572269569108,-5.18640315402516,"Eif2ak1","GSE41345",FALSE
-0.0510490242999998,0.0307252175555555,-0.533684966997552,0.605061359950051,0.840972840261782,-5.23511244047841,"Eif2ak3","GSE41345",FALSE
-0.0800530522999998,1.75019686344444,-1.06688810506552,0.310767290072346,0.67958968631025,-4.89777433201883,"Eif2b1","GSE41345",FALSE
-0.0550050776500003,0.908188164222222,-0.762378233622669,0.463201232990466,0.769838850724009,-5.11422112037235,"Eif2b2","GSE41345",FALSE
-0.00931635719999976,1.571576092,-0.178724643446461,0.861674776878977,0.957142268678564,-5.34162562021252,"Eif2b4","GSE41345",FALSE
-0.00852369035000072,4.13155868377778,-0.103814728142743,0.91934122659451,0.979142092020299,-5.35068676114458,"Eif2b5","GSE41345",FALSE
-0.297980062000002,1.57347345388889,-2.56306738804583,0.0279429330203086,0.537623773850961,-3.31109088097108,"Eif2s2","GSE41345",FALSE
-0.206340305399999,1.314299083,-2.30375157311237,0.0436368050394305,0.551749088057453,-3.61414506578617,"Eif2s3x","GSE41345",FALSE
0.201233891700005,4.776878593,2.15453773187382,0.0562645587326374,0.552658308806149,-3.7871766721908,"Eif4a1","GSE41345",FALSE
-0.223920959899999,7.17590268377778,-1.95696265314432,0.078436562033638,0.572386052113846,-4.01260095421513,"Eif4a2","GSE41345",FALSE
-0.12627546195,0.165983175666667,-1.78133357446889,0.104785084584202,0.573793150721065,-4.20741394721368,"Eif4b","GSE41345",FALSE
-0.0698411739500001,-0.0460127045555556,-0.856719976335602,0.411390883383375,0.740973672484891,-5.05351141012244,"Eif4e","GSE41345",FALSE
0.0354511012500001,-0.018368307,0.374355763911641,0.715850197028944,0.896650658871088,-5.29565983165714,"Eif4ebp1","GSE41345",FALSE
-0.0272144156499992,0.443181736555555,-0.315969294900742,0.758434349440557,0.915020197183907,-5.31271332099077,"Eif4ebp2","GSE41345",FALSE
-0.0804309246999995,1.35161347455556,-0.846525144884612,0.416792395429459,0.74245286123305,-5.06035982529984,"Eif4enif1","GSE41345",FALSE
0.1428499853,0.907625311555556,1.96921033854129,0.0768513106416195,0.569105961183094,-3.99879308191226,"Eif4g1","GSE41345",FALSE
-0.11065472885,0.511441621111111,-0.806543007497491,0.438438925549892,0.755554029455419,-5.08655054801656,"Eif4g2","GSE41345",FALSE
-0.13359340865,7.12100582911111,-1.28502866018162,0.227360998047606,0.620663703122923,-4.7098060964877,"Eif5","GSE41345",FALSE
0.0804212190500008,4.11190452822222,0.784474180963193,0.450701412387375,0.762202287950883,-5.10054468777203,"Eif5a","GSE41345",FALSE
0.0232601580500004,0.173468853222222,0.213503730726832,0.835166216438493,0.946959984349339,-5.3357976736368,"Elac2","GSE41345",FALSE
-0.0198868625000001,0.908715003444444,-0.201862279394838,0.844017073897204,0.949137019534633,-5.33786242304797,"Elavl1","GSE41345",FALSE
-0.169956787400004,4.13258511344445,-1.36983085245992,0.200309924542099,0.603082357890033,-4.63050561812573,"Elavl2","GSE41345",FALSE
-0.0427649504500003,1.31979437955556,-0.74227462542718,0.474765774742775,0.776942859103912,-5.1263696694273,"Elavl3","GSE41345",FALSE
-0.33988676175,-0.034397268,-2.05052789407703,0.0670662594877185,0.564515411734788,-3.90651198048973,"Elavl4","GSE41345",FALSE
-0.1008623522,-0.185045296888889,-1.19027897312157,0.261059792539961,0.642386604652324,-4.79444745765832,"Elf1","GSE41345",FALSE
-0.0834118565999996,0.593261250333333,-1.01957568745315,0.3316414606273,0.699020705811636,-4.9351583192371,"Elk3","GSE41345",FALSE
-0.0657824352500003,1.33046099911111,-1.09646302473379,0.298235389127762,0.673232348868085,-4.873760072068,"Ell","GSE41345",FALSE
-0.0986729590000007,0.657762307555556,-0.500092885800278,0.627684781304544,0.849553148057883,-5.24955146416841,"Elmo1","GSE41345",FALSE
-0.11381157455,1.33507904877778,-0.861854092369372,0.408688895388923,0.740837121901425,-5.05003666539091,"Elmo2","GSE41345",FALSE
-0.02650808635,-0.268859146111111,-0.241598425932324,0.813907492540407,0.937488042134582,-5.33034380731503,"Elmo3","GSE41345",FALSE
0.1262594939,0.825651886222222,0.736063906150898,0.478375187066961,0.779067807570135,-5.13006550421073,"Elovl1","GSE41345",FALSE
-0.13843712065,1.17910702122222,-0.988551085348048,0.345886724979346,0.709874904317257,-4.9589627260666,"Elovl4","GSE41345",FALSE
-0.182309621250003,2.44983092966667,-2.47562024154002,0.0324878497109608,0.541735380587652,-3.41339222908561,"Elovl5","GSE41345",FALSE
-0.10432193385,1.30375154766667,-1.2768117068938,0.230135318763104,0.622502881230745,-4.71731713284073,"Elovl6","GSE41345",FALSE
-0.140247235599997,3.19522075388889,-2.19924194886454,0.0521520131402014,0.551749088057453,-3.73552504359403,"Elp3","GSE41345",FALSE
-0.1039729263,-0.0716012386666666,-1.13742273480589,0.281527177137922,0.656983597550459,-4.83970723279158,"Eltd1","GSE41345",FALSE
-0.465105247750002,0.733312287555557,-0.869328957605028,0.404776848022902,0.739003812586054,-5.04494686428171,"Emb","GSE41345",FALSE
-0.20160817655,0.543626764777778,-2.24385210290375,0.0483372044386599,0.551749088057453,-3.68380881533186,"Emcn","GSE41345",FALSE
0.15405934115,0.830964370888889,0.902675938144247,0.387640153375644,0.730501050085571,-5.02179898393806,"Emd","GSE41345",FALSE
0.000902993750001043,1.11673495855556,0.00965313254897366,0.992485335515812,0.99802662951271,-5.35526967227317,"Eml1","GSE41345",FALSE
0.0140933473499996,0.436755226333334,0.270579810578699,0.792142544896352,0.929469360616727,-5.32402268763436,"Eml4","GSE41345",FALSE
-0.16509256215,0.467520189333333,-2.117452169831,0.0599102914823519,0.559762518320677,-3.82987270958807,"Eml5","GSE41345",FALSE
-0.1400650673,0.0627300217777779,-1.29345168456976,0.224545682225955,0.62007056218564,-4.70207416827154,"Emp1","GSE41345",FALSE
0.0356271434500001,0.815563824777778,0.358672311897547,0.727196383039983,0.900147499235423,-5.30051568019059,"Emp2","GSE41345",FALSE
0.0425631978999998,-0.248319460555556,0.329214756387055,0.748693136267058,0.909797466552958,-5.30909073616891,"Emp3","GSE41345",FALSE
0.13424966115,3.18457320266667,1.94917363246823,0.0794605976785287,0.572386052113846,-4.0213687990209,"Enc1","GSE41345",FALSE
0.0697767685500002,-0.107847439666667,0.88400930987993,0.397169148726679,0.734372541783482,-5.03484485136506,"Eng","GSE41345",FALSE
0.154590926699992,3.42794760133333,1.36230030164062,0.202597795423731,0.604970355956323,-4.63767531747344,"Eno1","GSE41345",FALSE
0.079634870449999,3.81689704155556,0.689686042196664,0.505869864330469,0.795479178615078,-5.15679767851494,"Eno2","GSE41345",FALSE
0.399413373499996,3.19174026588889,1.07741833120533,0.306259987071278,0.679186066315065,-4.88928005073205,"Enpp2","GSE41345",FALSE
-0.1651377553,0.936374548888889,-1.79944246536543,0.1017324711796,0.573793150721065,-4.18763460078813,"Enpp4","GSE41345",FALSE
-0.135930622349998,2.34716939866667,-0.885144186684397,0.396585193691587,0.734372541783482,-5.03405809569452,"Enpp5","GSE41345",FALSE
0.0157085787499999,0.615673151555556,0.126470897271929,0.90183210292183,0.972365337177544,-5.34845095916955,"Enpp6","GSE41345",FALSE
-0.162585191450004,3.77569879911111,-1.69708769510933,0.120113690850536,0.573793150721065,-4.29834870074764,"Ensa","GSE41345",FALSE
0.2124080513,0.680066213555556,3.1541261582848,0.010093465915033,0.537623773850961,-2.62982374610036,"Entpd2","GSE41345",FALSE
-0.1682272115,0.356420519444444,-1.5625359698535,0.14880860153899,0.580042267756514,-4.43939252674514,"Entpd5","GSE41345",FALSE
-0.1079955711,0.120135484,-1.20085659656889,0.257109484362127,0.641365508558957,-4.78521731232385,"Entpd6","GSE41345",FALSE
-0.0693593753999996,1.37572134533333,-1.1497023353973,0.27666314118892,0.653189242048559,-4.82932268699955,"Ep300","GSE41345",FALSE
0.16067940725,1.55763172288889,2.42038399807247,0.0357262736259027,0.541735380587652,-3.47799742819631,"Ep400","GSE41345",FALSE
0.220193889149995,3.86755176033334,1.00884801432117,0.336517044334872,0.701842619760446,-4.94345392659871,"Epb4.1l1","GSE41345",FALSE
-0.1021755902,0.216776286777778,-1.45758233190686,0.175221656630218,0.590052931837169,-4.54523577568165,"Epb4.1l2","GSE41345",FALSE
-0.126046093550003,3.56641530077778,-1.21321083427652,0.252556394375559,0.641105786819756,-4.77436560572016,"Epb4.1l3","GSE41345",FALSE
0.00801012645000206,2.482426117,0.103374652814848,0.919681804812602,0.979298002886392,-5.35072584639854,"Epc1","GSE41345",FALSE
-0.0446154526500002,1.64276272233333,-0.769395670941328,0.459207420548893,0.76844598649671,-5.10991420308435,"Epc2","GSE41345",FALSE
-0.28165540745,0.260882342111111,-1.58807470925434,0.142935169529471,0.579936514910764,-4.41305686500444,"Epha3","GSE41345",FALSE
-0.0940069642500001,0.220411488,-0.938643250543807,0.369735926142139,0.723516011453055,-4.99603774965279,"Epha5","GSE41345",FALSE
-0.0708373727999992,1.825325227,-0.377292624973038,0.713733450676173,0.895362634766154,-5.29472819320957,"Epha7","GSE41345",FALSE
0.0456488838,1.506174306,0.677943957747562,0.512980941918592,0.797215066285196,-5.16332075327118,"Ephb1","GSE41345",FALSE
-0.00428999674999987,0.698241080777778,-0.0543263366082182,0.957730751063007,0.990568817932501,-5.35404311835535,"Ephb2","GSE41345",FALSE
0.0101580888999998,-0.0757738802222222,0.133792036465657,0.896185466373622,0.970643617857129,-5.34763478031303,"Ephb6","GSE41345",FALSE
0.0463905729,0.890700068,0.274254964049423,0.789395382673408,0.928819625483433,-5.32317084987247,"Ephx1","GSE41345",FALSE
-0.0866550135499998,0.211233523444444,-1.44625982455084,0.178299790881652,0.590052931837169,-4.5564108335249,"Ephx2","GSE41345",FALSE
-0.271326736999998,1.63237515311111,-0.983553387098847,0.348222986442746,0.710557775912246,-4.96274364376295,"Epm2aip1","GSE41345",FALSE
0.178198697049995,5.03755368211111,1.28125715433878,0.228630957659095,0.621891002952975,-4.71325749947952,"Epn2","GSE41345",FALSE
-0.2905025267,0.804687319111111,-1.68309872567018,0.122846917994078,0.573793150721065,-4.31326463132565,"Eprs","GSE41345",FALSE
-0.1523461281,0.863157567333333,-1.60124329917148,0.139987423119617,0.579601639670235,-4.39939406060675,"Eps15","GSE41345",FALSE
-0.072386984,0.265086992111111,-1.36103198981979,0.202985275088443,0.604970355956323,-4.63888047053799,"Eps8","GSE41345",FALSE
-0.0920018584499999,-0.312681490666667,-0.678250325098882,0.512794643012375,0.797215066285196,-5.16315182757199,"Eps8l2","GSE41345",FALSE
-0.0250324023999995,0.528032774222222,-0.494433285152146,0.63153736445567,0.853158927203159,-5.25189734533433,"Eral1","GSE41345",FALSE
-0.03422384845,0.219151855888889,-0.53541559595176,0.603907302914617,0.840169259478524,-5.23434479112343,"Ercc1","GSE41345",FALSE
-0.00470422199999623,2.16646349966666,-0.0671431598435522,0.947773348922505,0.986441609221544,-5.35337518777232,"Ercc3","GSE41345",FALSE
-0.19422781785,1.067682465,-1.67451927600127,0.124550770160999,0.573793150721065,-4.32238523025541,"Ercc5","GSE41345",FALSE
0.200707718899999,1.15227273422222,0.935165418841693,0.371440914851032,0.724913519192629,-4.99856418813726,"Erdr1","GSE41345",FALSE
0.249731722050006,3.19472265466667,2.46094253251075,0.0333190917870452,0.541735380587652,-3.43056318129794,"Ergic3","GSE41345",FALSE
-0.2877718573,0.448902157555555,-1.60798318777178,0.138499659702875,0.579351577338652,-4.39237975018036,"Erlin2","GSE41345",FALSE
0.13545445125,2.83026406333334,1.53238347526629,0.156015434528654,0.580042267756514,-4.4702028861809,"Erp29","GSE41345",FALSE
0.0331451508000007,1.36668049733333,0.563462270534268,0.585365433720411,0.831314526119976,-5.22158217889527,"Esrra","GSE41345",FALSE
-0.101262336650003,2.01048955444445,-1.52314442122038,0.158283971585639,0.580042267756514,-4.47958040616954,"Etf1","GSE41345",FALSE
0.0339750146499967,5.85061984811111,0.132722091154656,0.897010321555761,0.97094291727961,-5.3477569135712,"Etfa","GSE41345",FALSE
0.328955267650001,3.24102621377778,2.36426616460595,0.0393400550607511,0.551749088057453,-3.54356798592054,"Etfb","GSE41345",FALSE
-0.1217458545,0.791237439333334,-1.25855783784851,0.236397716701922,0.627422127475989,-4.73388937648278,"Etfdh","GSE41345",FALSE
-0.0307473710499999,0.530113448555555,-0.363263848547461,0.723867335051055,0.89927300843159,-5.29911489729878,"Ethe1","GSE41345",FALSE
-0.0507369060999997,0.272324072555556,-0.775035137168699,0.456014022336432,0.766369003951037,-5.10642829431224,"Ets1","GSE41345",FALSE
0.0157830427999998,2.22033763788889,0.249804074559376,0.807727311151804,0.936246852256042,-5.32862556417469,"Ets2","GSE41345",FALSE
-0.0764227924500002,0.0947997266666668,-1.27671806551206,0.230167094525619,0.622502881230745,-4.7174025479081,"Etv3","GSE41345",FALSE
0.0155619981999997,0.406818639444444,0.266254391340663,0.795379594658583,0.93108154500075,-5.3250107790894,"Etv5","GSE41345",FALSE
0.10814044575,0.529020966333333,1.14150726950644,0.279901884752427,0.656108933667308,-4.83626192098664,"Evc2","GSE41345",FALSE
-0.0722173198499984,1.70877385,-0.371142303089148,0.718169193494636,0.897578003170619,-5.29667114918024,"Evi2a","GSE41345",FALSE
-0.0808795516500008,1.321791378,-1.18201872426219,0.264178183545304,0.6436898197403,-4.80161591681655,"Evi5","GSE41345",FALSE
-0.0577713600499999,0.824804509777778,-0.651870687737265,0.528984017430281,0.806916636388659,-5.17744614927351,"Evl","GSE41345",FALSE
-0.0226171396000003,0.599746012555555,-0.326198435217721,0.750907459910222,0.910951724880262,-5.30992844029771,"Exoc7","GSE41345",FALSE
-0.0133985173500019,2.007547934,-0.21612187145267,0.833178940689724,0.946120557959531,-5.33531754520248,"Exoc8","GSE41345",FALSE
0.00708021859999982,1.38773661022222,0.140809643788285,0.890778623829418,0.970075728066428,-5.34680952802847,"Exosc1","GSE41345",FALSE
0.0218363262999997,0.562367648111111,0.423367828164725,0.680867315240724,0.879229664900373,-5.2791951001318,"Exosc10","GSE41345",FALSE
-0.0716404065499999,-0.0206992598888891,-0.469088791157247,0.648930525518129,0.861816153070185,-5.26209307236211,"Exosc2","GSE41345",FALSE
0.0658680232500004,1.336879848,1.07575259503204,0.306969638071795,0.679210230033436,-4.89062787928959,"Exosc4","GSE41345",FALSE
0.0296802443500005,0.322523856111111,0.46368136184545,0.652670741242167,0.864343106114561,-5.2642026367326,"Exosc5","GSE41345",FALSE
0.00999736514999974,1.992638258,0.137038194040199,0.893683695873752,0.970635775100538,-5.34725825990255,"Exosc7","GSE41345",FALSE
-0.0473020172000002,0.225868282444444,-0.484096908538005,0.638603333871597,0.856965570174152,-5.256116730653,"Exosc8","GSE41345",FALSE
0.0255885881499998,1.11042015944444,0.431087696671698,0.675426030536267,0.875265882937777,-5.27642482834149,"Ext1","GSE41345",FALSE
0.0997866841000001,1.41185080777778,1.37902374299458,0.197546517933177,0.60170478966327,-4.62172061656789,"Ext2","GSE41345",FALSE
0.0806848730000001,1.15656526355556,1.14130689524737,0.27998144462662,0.656108933667308,-4.83643114387015,"Extl1","GSE41345",FALSE
-0.152207862500003,2.23515633711111,-2.65113309266578,0.0240030674991314,0.537623773850961,-3.20818688233007,"Extl2","GSE41345",FALSE
0.117395536599995,3.18219877144444,0.51733430690061,0.616020587092128,0.846021737664924,-5.24225036141947,"Extl3","GSE41345",FALSE
-0.1818557517,0.291065786666667,-2.86109232659494,0.0167051143551014,0.537623773850961,-2.9642449688273,"Ezh2","GSE41345",FALSE
-0.2724960035,1.20895316011111,-3.27637730574648,0.00819177547451122,0.537623773850961,-2.4932133039503,"F2r","GSE41345",FALSE
0.162450668450001,-0.355337288111111,0.982075935242191,0.348915857966966,0.710557775912246,-4.9638585033347,"F5","GSE41345",FALSE
0.0406463216500001,1.60455964444444,0.546544752104596,0.596513293127489,0.83743700209695,-5.22935295750746,"F8a","GSE41345",FALSE
-0.0683711682499996,1.17482751511111,-0.501728543338225,0.626573532702455,0.849411377800667,-5.24886880970809,"Fa2h","GSE41345",FALSE
0.123456208100003,3.86367721622222,1.52581699811088,0.157624811566299,0.580042267756514,-4.47687086702172,"Faah","GSE41345",FALSE
0.0228911429499948,2.16596843711111,0.298275410149153,0.771516169487447,0.921892913020512,-5.31732580583823,"Fabp3","GSE41345",FALSE
0.0604173805499998,-0.146145126666667,0.738938867655808,0.476702231521689,0.778752625061185,-5.12835806643993,"Fabp5","GSE41345",FALSE
0.0354914757499998,-0.0931878027777777,0.242879551579783,0.812941704326684,0.937488042134582,-5.33007926893287,"Fadd","GSE41345",FALSE
0.00698452680000284,3.45701776533333,0.109272713289009,0.915118684968885,0.977755249711254,-5.35018824879031,"Fads1","GSE41345",FALSE
-0.0683996430999994,0.939591152222222,-0.860201794860874,0.409557136095529,0.740837121901425,-5.05115681893702,"Fads2","GSE41345",FALSE
-0.00101716340000032,0.272491957777778,-0.0142300099166906,0.988922600060504,0.99767409443427,-5.35522275514837,"Fads3","GSE41345",FALSE
-0.029755111699998,2.26455776111111,-0.386253595023364,0.707290584268419,0.892162685459139,-5.29184212697771,"Faf1","GSE41345",FALSE
-0.058526970850001,1.87385887255556,-0.812608138051181,0.435107909730435,0.754556117183833,-5.08264657458874,"Fah","GSE41345",FALSE
-0.1594160267,1.05729954877778,-1.92419608626517,0.0828293959833377,0.573793150721065,-4.04941264904155,"Fahd1","GSE41345",FALSE
-0.0912634243000003,0.528279531888889,-0.610871647885355,0.554731179668982,0.814650360824309,-5.19864351067095,"Fahd2a","GSE41345",FALSE
-0.140388828699999,1.23082093022222,-0.626896425779335,0.544583948370519,0.811641100947509,-5.19050714262307,"Faim","GSE41345",FALSE
0.117409222900001,2.10542181844444,1.05675164889877,0.315153552819316,0.683578222308735,-4.90589178721116,"Faim2","GSE41345",FALSE
-0.27694832495,-0.342233229222222,-2.06111313523218,0.065882773843574,0.564515411734788,-3.89442846775793,"Fancl","GSE41345",FALSE
0.11540950625,0.736610276888889,1.09390353314595,0.299304347037228,0.674739303580126,-4.87585757084339,"Farp1","GSE41345",FALSE
-0.0105643470499971,1.91758878544445,-0.166333795174265,0.871164555249485,0.962173204582381,-5.34345421827794,"Fars2","GSE41345",FALSE
-0.142378380849999,4.36053803122222,-1.94130246096972,0.0805081330827575,0.572386052113846,-4.03021832509755,"Farsb","GSE41345",FALSE
0.0824102848999998,0.649870902888889,0.981750847334067,0.349068447909517,0.710557775912246,-4.96410363235198,"Fastk","GSE41345",FALSE
0.214184706600004,2.84731656033333,1.97650388965186,0.0759216146530494,0.566379737714982,-3.99055844923779,"Fau","GSE41345",FALSE
0.00202388454999995,-0.0133091965555556,0.0358505977774511,0.972097511088603,0.994556490641638,-5.35475805092276,"Fbf1","GSE41345",FALSE
0.00177807699999969,1.29854718144444,0.0281701013352929,0.978073261101186,0.996535899435461,-5.35496907587586,"Fbl","GSE41345",FALSE
0.2151833753,0.852401425888889,1.21971184838842,0.250186609051715,0.638184658294284,-4.76862469341449,"Fbln1","GSE41345",FALSE
-0.0159737589,-0.141966143,-0.201731672212462,0.84411650458315,0.949137019534633,-5.33788493784803,"Fbn1","GSE41345",FALSE
0.0782465407,0.091621761111111,1.02470097550538,0.329330750064107,0.697528337914024,-4.93117112166392,"Fbxl12","GSE41345",FALSE
-0.0428242751000003,1.47338871944444,-0.681064202929972,0.511085455828953,0.79711713755638,-5.16159711536746,"Fbxl14","GSE41345",FALSE
0.10672013155,0.900884076777778,1.79184087743666,0.103003815041855,0.573793150721065,-4.19594689816444,"Fbxl15","GSE41345",FALSE
0.0513854053,-0.0668708818888889,0.949872725685853,0.364269075222958,0.718704595598348,-4.98782891120941,"Fbxl19","GSE41345",FALSE
-0.142567119900001,0.561051306,-1.5878929769721,0.14297623093159,0.579936514910764,-4.4132450257541,"Fbxl4","GSE41345",FALSE
-0.00922509884999987,0.499740961666666,-0.104864117384986,0.918529163948132,0.978897416270167,-5.3505928914576,"Fbxl5","GSE41345",FALSE
0.0299146496500001,1.59816660744444,0.362590538965036,0.72435513653692,0.899513162658382,-5.29932139029504,"Fbxl6","GSE41345",FALSE
-0.1977582954,1.20693940366667,-1.6548142402107,0.1285447096253,0.573793150721065,-4.34325271954531,"Fbxo18","GSE41345",FALSE
0.159821167649998,3.03639522266666,1.50041910413191,0.163986625803576,0.58623681373689,-4.50251694337881,"Fbxo2","GSE41345",FALSE
0.122530723800001,1.68621276566667,1.54475755304482,0.153021684889406,0.580042267756514,-4.45759662326052,"Fbxo21","GSE41345",FALSE
0.023296155450002,1.63652266366667,0.300461279962321,0.769895903095008,0.920599259371826,-5.3167700576951,"Fbxo25","GSE41345",FALSE
0.00589502764999979,0.836015238888889,0.0893339347746009,0.930556581117638,0.983196488283312,-5.35188590986607,"Fbxo27","GSE41345",FALSE
-0.1232111558,1.35957147111111,-2.37842111927519,0.0383961713963607,0.551749088057453,-3.52703761307848,"Fbxo28","GSE41345",FALSE
-0.293470345599999,0.789064829888889,-2.10127328531746,0.0615704722073261,0.562699041155405,-3.84845101781326,"Fbxo3","GSE41345",FALSE
-0.0965460530500002,0.036530271888889,-0.993120744898711,0.343760655313617,0.708659567491277,-4.9554925085487,"Fbxo30","GSE41345",FALSE
0.0295233601999993,2.12480731522222,0.243910774134995,0.812164546159402,0.937488042134582,-5.32986533084298,"Fbxo31","GSE41345",FALSE
0.0375724802,1.20687701588889,0.446924994317409,0.664324573649118,0.86927577190257,-5.27059201285888,"Fbxo33","GSE41345",FALSE
-0.0382059500999934,3.56426517133333,-0.216212899106468,0.83310986901527,0.946120557959531,-5.33530074797766,"Fbxo34","GSE41345",FALSE
-0.146528491149998,1.51585417655556,-1.36620403224171,0.201409069719138,0.604227209157413,-4.63396166520863,"Fbxo38","GSE41345",FALSE
0.0225921353500002,0.574500536444444,0.367605699610786,0.7207248526633,0.898495107646719,-5.2977744143243,"Fbxo4","GSE41345",FALSE
0.0414270990000004,0.501077993,0.580528876328962,0.574233456588826,0.825502030461033,-5.21352100198795,"Fbxo42","GSE41345",FALSE
-0.0296155342499998,1.40530134233333,-0.494185337936901,0.631706411694744,0.853158927203159,-5.25199954328609,"Fbxo44","GSE41345",FALSE
0.09377773085,0.0162726338888888,0.988091489269802,0.346101089359785,0.709874904317257,-4.959311052024,"Fbxo7","GSE41345",FALSE
-0.0491063495500025,1.83676652155555,-0.51985749296018,0.614322835133748,0.845448920354193,-5.24116241968941,"Fbxo9","GSE41345",FALSE
-0.0109619422999995,0.785181684444444,-0.182566884422809,0.858736717861641,0.956245294157048,-5.34103212187844,"Fbxw17","GSE41345",FALSE
0.0883749768000048,2.64239631266667,1.06478879288668,0.311671876419229,0.679917145504823,-4.89946028203744,"Fbxw5","GSE41345",FALSE
-0.289677394750007,2.66364296222222,-2.67805504011462,0.0229128341781432,0.537623773850961,-3.17677756074416,"Fbxw7","GSE41345",FALSE
-0.0839066108,0.742421089777778,-1.1183463860566,0.289215759332815,0.66194701573614,-4.85567995043565,"Fcf1","GSE41345",FALSE
0.0415608131000003,0.357387858888889,0.559624567282681,0.587884498621297,0.832440312614089,-5.22336422450296,"Fcgr3","GSE41345",FALSE
0.0554561267999998,0.893753026666667,0.74829938676339,0.471280960813296,0.775675550059221,-5.12275858889161,"Fcgrt","GSE41345",FALSE
0.117772913300001,2.03573673822222,1.14320993587359,0.27922654486528,0.655253357727131,-4.83482310148101,"Fcho1","GSE41345",FALSE
0.0033074597,-0.0614197891111111,0.0469192004407534,0.963488950384909,0.992214575615907,-5.35436490655144,"Fchsd1","GSE41345",FALSE
-0.12419811545,1.51198030477778,-2.30273536489566,0.0437127212179058,0.551749088057453,-3.61532873672572,"Fchsd2","GSE41345",FALSE
-0.00856530350000098,1.95966304844444,-0.110150373729937,0.914439941850382,0.977755249711254,-5.35010570978708,"Fdps","GSE41345",FALSE
0.02738978525,-0.0788493601111111,0.369016587258985,0.719704867775905,0.897815874070945,-5.29733550471658,"Fdxr","GSE41345",FALSE
0.0421856585000061,2.02603342555556,0.800817100668127,0.441599113978741,0.758336071686369,-5.09021329969754,"Fem1b","GSE41345",FALSE
-0.0367074839499995,0.787481938888889,-0.644960354066706,0.53327412949217,0.809786641080703,-5.18110626464587,"Fen1","GSE41345",FALSE
-0.0991446341999997,-0.226609221666667,-1.07390717431283,0.307757305250174,0.67958968631025,-4.89211928143727,"Fert2","GSE41345",FALSE
-0.0603480193999924,5.85724864044444,-0.744814077671902,0.473294929914339,0.776942859103912,-5.12485069509286,"Fez1","GSE41345",FALSE
-0.15605406885,1.39219756366667,-2.16873722632732,0.0549256846851278,0.551749088057453,-3.77079106228166,"Fez2","GSE41345",FALSE
0.0958018731499996,0.958293829888889,1.0055015042272,0.338048821968618,0.703063572813022,-4.94602785170333,"Fezf2","GSE41345",FALSE
-0.1152103846,-0.103051779777778,-1.54276156469924,0.153501159483551,0.580042267756514,-4.4596336532143,"Fgd2","GSE41345",FALSE
-0.40735848085,0.662836701888889,-3.80652980384238,0.00336427984194812,0.537623773850961,-1.92654759862172,"Fgf1","GSE41345",FALSE
-0.417781559900002,1.81256979111111,-1.50416947921064,0.163033382577227,0.585351403139727,-4.49874453575884,"Fgf10","GSE41345",FALSE
-0.301253655199997,1.82590247777778,-1.96550536355177,0.0773276581996555,0.570032513007941,-4.00297270281023,"Fgf12","GSE41345",FALSE
-0.00636272689999584,3.55190698177778,-0.0487707463787038,0.962049366046065,0.99194211377848,-5.35428888098885,"Fgf13","GSE41345",FALSE
0.0360856735,-0.0688572368888889,0.533175262374169,0.60540147003176,0.840972840261782,-5.23533808639251,"Fgf5","GSE41345",FALSE
-0.0433051150999998,0.353397256777778,-0.598133357213575,0.562872887408625,0.81790776627274,-5.20497389269911,"Fgf9","GSE41345",FALSE
0.0103423591999998,0.238732325888889,0.0673440397033954,0.947617355367546,0.986441609221544,-5.35336359840505,"Fgfr1op2","GSE41345",FALSE
0.00326331520000034,0.0492142731111109,0.0265557386174142,0.979329496969954,0.996535899435461,-5.35500699277393,"Fgfr3","GSE41345",FALSE
0.1167600326,0.0674724072222223,1.60302142144365,0.139593550593039,0.579351577338652,-4.39754494245789,"Fgfrl1","GSE41345",FALSE
-0.203781630050003,1.74364243844445,-2.45839838991865,0.0334652867188768,0.541735380587652,-3.43353929086727,"Fh1","GSE41345",FALSE
0.0107194950999957,4.60185676944444,0.104229417889789,0.919020310129123,0.979007060410048,-5.35064977895718,"Fhl1","GSE41345",FALSE
-0.0740888298,0.716909796,-1.02318680219917,0.330012152827344,0.697723443657858,-4.93235066670166,"Fhl2","GSE41345",FALSE
0.1620952561,2.68816106444444,1.1512225466541,0.276065593244774,0.6523995215362,-4.82803153629972,"Fibcd1","GSE41345",FALSE
0.1017294505,1.15559242211111,1.2442964685742,0.241386485847535,0.630197490903886,-4.746726592081,"Fibp","GSE41345",FALSE
-0.2593934427,-0.387985915333334,-2.36629949869616,0.0392030871420848,0.551749088057453,-3.54119385922183,"Fign","GSE41345",FALSE
0.168168714199998,4.38896089355556,1.30583702977179,0.220458217774033,0.617688005795592,-4.69064579922506,"Fis1","GSE41345",FALSE
-0.0236125052000002,0.598073364444445,-0.318346411820272,0.756682807763726,0.913489046529031,-5.31207387196578,"Fiz1","GSE41345",FALSE
0.10360446485,1.51500142822222,1.02330336744659,0.329959659185159,0.697723443657858,-4.93225990968652,"Fjx1","GSE41345",FALSE
-0.111557054100001,0.347548498666667,-1.32722410688072,0.213544926347418,0.610837812575172,-4.67074762539974,"Fkbp14","GSE41345",FALSE
0.193895635750001,3.05285656211111,2.04928250514411,0.0672068174896854,0.564515411734788,-3.9079326399983,"Fkbp1a","GSE41345",FALSE
0.0950185868499998,0.443199881444444,1.64074928139706,0.131465221467295,0.574906006279939,-4.35807739949415,"Fkbp1b","GSE41345",FALSE
0.0584411768500004,2.44567508777778,0.501801804684244,0.626523782559571,0.849411377800667,-5.24883818444115,"Fkbp2","GSE41345",FALSE
0.0481722189000004,2.14566723066667,0.539883136686828,0.600933441258271,0.839274208391953,-5.23235242806698,"Fkbp4","GSE41345",FALSE
-0.00357627555000009,0.530313816,-0.0417565387247983,0.967503648928058,0.99330637246421,-5.3545613573929,"Fkbp5","GSE41345",FALSE
0.182003601750004,1.97657313866667,1.31033863599319,0.218987894257648,0.617688005795592,-4.68647469886477,"Fkbp8","GSE41345",FALSE
-0.02120471035,1.47633503288889,-0.204874186676052,0.841724921222309,0.947136437588345,-5.33733921084827,"Fkbp9","GSE41345",FALSE
0.0658848771500002,0.0817704512222223,0.954120120013802,0.362216568245207,0.71794356699861,-4.98470370639631,"Fkrp","GSE41345",FALSE
0.1218391215,0.197799471666667,1.62826237373541,0.134107555968065,0.57817881478681,-4.37118880560821,"Flii","GSE41345",FALSE
0.00450924059999996,-0.0125140896666667,0.0684471325249287,0.946760788476284,0.986441609221544,-5.35329934126947,"Flna","GSE41345",FALSE
0.14577435295,2.90086275511112,0.884620419313948,0.396854625824177,0.734372541783482,-5.03442130178674,"Flot1","GSE41345",FALSE
0.167631911149994,3.67695153722222,1.13923723414689,0.28080425350196,0.656983597550459,-4.83817779503601,"Flot2","GSE41345",FALSE
0.0815688842000001,0.202367106222222,1.00486581007457,0.338340377217097,0.703063572813022,-4.94651603784783,"Flrt1","GSE41345",FALSE
-0.18381025755,0.334013188,-1.87555289000005,0.0897752957322779,0.573793150721065,-4.10369122023502,"Flrt2","GSE41345",FALSE
-0.530370789050002,4.13911471311111,-3.8708652717666,0.00302609678102311,0.537623773850961,-1.86097115985685,"Flrt3","GSE41345",FALSE
0.0483584982000037,1.78783267166667,0.550088934816709,0.594168616870942,0.836046968437545,-5.22774320684361,"Flt1","GSE41345",FALSE
-0.32385519615,1.33824968466667,-2.47636326975319,0.0324463170502734,0.541735380587652,-3.41252294334329,"Fmn2","GSE41345",FALSE
-0.0776802875500001,0.734729101555556,-0.63860423679466,0.537238030085271,0.811057565110411,-5.18444170850381,"Fmnl3","GSE41345",FALSE
-0.1064740125,0.365531147666667,-0.942211162850372,0.367992612619055,0.721815147972732,-4.99343805194683,"Fmo1","GSE41345",FALSE
-0.0200308107999997,0.709094780222222,-0.241850630081768,0.813717340281665,0.937488042134582,-5.33029183897751,"Fn3k","GSE41345",FALSE
-0.1180351921,0.346904691222222,-1.189652713707,0.261295184546942,0.642386604652324,-4.79499216028888,"Fndc3b","GSE41345",FALSE
-0.190755547749999,1.89282930555556,-1.27036214507492,0.232332294500949,0.624165818262522,-4.72319049354082,"Fndc5","GSE41345",FALSE
-0.24940691865,1.219436513,-1.73029843728376,0.113843357440717,0.573793150721065,-4.26272206481472,"Fnip1","GSE41345",FALSE
-0.0986996245500055,4.416387856,-1.59980429828104,0.140306897488824,0.579601639670235,-4.4008897785153,"Fnta","GSE41345",FALSE
-0.00555243085000166,2.32499282155556,-0.0867517570435592,0.932558222178264,0.983216698131415,-5.35208088713642,"Fntb","GSE41345",FALSE
0.304308075249999,0.567754221444444,0.42436634215565,0.680162432363779,0.878601215781388,-5.27883948139091,"Folr1","GSE41345",FALSE
-0.1956357511,0.420000649888889,-1.23518532871884,0.244618153860678,0.634708493931174,-4.75487652646097,"Fos","GSE41345",FALSE
-0.00824334114999996,1.43149174322222,-0.0590955501032695,0.954024559038617,0.988523906149938,-5.35381102973817,"Foxg1","GSE41345",FALSE
-0.0325675494000001,0.759139048,-0.605111251782324,0.558404714389658,0.816330483850141,-5.20152129252505,"Foxj2","GSE41345",FALSE
-0.117020963799996,2.03234322555556,-0.910051308866591,0.383919764752221,0.730086829836255,-5.01658303460935,"Foxj3","GSE41345",FALSE
0.104493209600001,0.326974142888889,1.39344582784315,0.193276036291705,0.597673275028176,-4.60786699964813,"Foxk1","GSE41345",FALSE
0.0394045788999997,0.387208405777778,0.537598276309768,0.602453427400133,0.839274208391953,-5.23337332196231,"Foxo1","GSE41345",FALSE
-0.00576716840000057,0.446406364444444,-0.0937643310960816,0.927123434994341,0.982072970606157,-5.35153807943124,"Foxp1","GSE41345",FALSE
0.1228635852,0.273562816666667,1.5323576076059,0.156021746156321,0.580042267756514,-4.47022918338914,"Foxq1","GSE41345",FALSE
-0.348017835250002,1.30130668355556,-1.679257321242,0.123607201150862,0.573793150721065,-4.31735092741716,"Foxred1","GSE41345",FALSE
0.03424090055,0.0676801962222221,0.353629452794463,0.73085951498897,0.901596021059044,-5.30203424438545,"Fpgs","GSE41345",FALSE
0.0592357239499998,0.338694846222222,1.01907047823815,0.331869884634012,0.699020705811636,-4.93555051154485,"Frat2","GSE41345",FALSE
-0.1476050465,0.225649856111111,-1.72881815260061,0.114116406035003,0.573793150721065,-4.26431632827554,"Frmd3","GSE41345",FALSE
-0.0415889820499998,0.673966942777778,-0.532517326529499,0.605840636262355,0.840972840261782,-5.2356290566498,"Frmd6","GSE41345",FALSE
0.0261533215500005,0.435390047666667,0.338403732605954,0.741962183051432,0.906426754532264,-5.30649247006052,"Frs2","GSE41345",FALSE
0.0778651530499999,0.0157454308888888,0.742028195783709,0.474908660196118,0.776942859103912,-5.12651683027059,"Frs3","GSE41345",FALSE
0.0341886004000004,0.922062500111111,0.310739730122065,0.76229269962488,0.916191806089253,-5.31410361057697,"Fscn1","GSE41345",FALSE
-0.00801187379999978,1.233203259,-0.124391227269723,0.903437168083486,0.972554628977121,-5.34867446411439,"Fsd1","GSE41345",FALSE
-0.18618659565,0.304182908333333,-2.36298334905426,0.0394267073288455,0.551749088057453,-3.54506572734727,"Fstl1","GSE41345",FALSE
-0.1896573378,-0.255194704333333,-1.52369519222476,0.158147933912371,0.580042267756514,-4.47902222454101,"Fstl5","GSE41345",FALSE
0.626000933499998,9.12740066111111,1.66195350745456,0.127084607721119,0.573793150721065,-4.33570537258192,"Fth1","GSE41345",FALSE
0.155902538600003,3.17183350955555,1.34769921150584,0.207096288623606,0.60599416791512,-4.65150739969403,"Fto","GSE41345",FALSE
0.00735449140000016,0.303768373444444,0.130335926569887,0.898850353679081,0.971817243307693,-5.34802577460008,"Fubp1","GSE41345",FALSE
-0.0508641558999994,1.50165223888889,-0.623077880904203,0.546992252661781,0.812513086943552,-5.19246336153996,"Fubp3","GSE41345",FALSE
0.04663277265,0.121355726333333,0.505764365846112,0.623835821867756,0.848436906601697,-5.24717546053379,"Fuk","GSE41345",FALSE
-0.528311730200001,2.99458292777778,-3.15407077939843,0.0100944227917679,0.537623773850961,-2.62988606178923,"Fundc1","GSE41345",FALSE
-0.21913997355,-0.0196623159999999,-1.58839301307418,0.142863275663485,0.579936514910764,-4.41272727587193,"Fundc2","GSE41345",FALSE
0.0922558623999997,1.04361448011111,0.812037663821481,0.435420499272631,0.754579236368343,-5.08301483417571,"Furin","GSE41345",FALSE
-0.0002879387000014,1.67494922544445,-0.00346041640281584,0.997306133032122,0.998627926207612,-5.35530452823186,"Fus","GSE41345",FALSE
-0.101911208549999,1.11567130833333,-0.475086134485622,0.644794196519559,0.860209926291696,-5.2597262571762,"Fut8","GSE41345",FALSE
-0.370962219600001,-0.800623073,-1.07093039500419,0.309031110542837,0.67958968631025,-4.89452097207496,"Fv1","GSE41345",FALSE
0.0295885296499997,-0.379649361777778,0.237218459342451,0.817211827328651,0.939190513968695,-5.33123779960165,"Fxyd1","GSE41345",FALSE
-0.10678283415,-0.152948014,-0.634794724887796,0.539621944314797,0.811572269569108,-5.18642645949646,"Fxyd5","GSE41345",FALSE
0.0715462214500022,3.06499813644445,0.612643632194067,0.553603891766962,0.814417860612833,-5.19775325407525,"Fxyd6","GSE41345",FALSE
0.0357169959500001,-0.0429169487777778,0.419072687572464,0.683903053420481,0.881316085897443,-5.28071565545746,"Fxyd7","GSE41345",FALSE
-0.0549180089999993,0.415898267,-0.625283428348047,0.545600502124143,0.811641100947509,-5.19133479751983,"Fyco1","GSE41345",FALSE
0.0447380276499997,-0.0364883805555556,0.430289235847041,0.675987919333788,0.875270912053587,-5.27671357568861,"Fzd2","GSE41345",FALSE
-0.0704462180999999,-0.0412953526666668,-0.983220523727268,0.348378999265961,0.710557775912246,-4.96299493153081,"Fzd6","GSE41345",FALSE
0.0097218897499998,-0.025667876111111,0.0885440195964586,0.931168850920801,0.983216698131415,-5.35194616140963,"Fzd7","GSE41345",FALSE
0.327194013150004,4.448725555,1.54688588546981,0.152511865069471,0.580042267756514,-4.4554230165709,"Fzr1","GSE41345",FALSE
0.1279424546,0.0599387035555557,1.57352194502542,0.146256457583769,0.580042267756514,-4.42809019567496,"G0s2","GSE41345",FALSE
-0.0651862873000009,2.92087587955556,-1.00989126534726,0.336040577483751,0.701546929562768,-4.94265016874724,"G3bp2","GSE41345",FALSE
-0.0138485336000003,0.984267712777778,-0.182508342060813,0.858781466832693,0.956245294157048,-5.34104125867926,"G6pc3","GSE41345",FALSE
-0.0300445461499996,0.190027078777778,-0.447351593432726,0.664026697258905,0.869111506430485,-5.27043212285541,"G6pdx","GSE41345",FALSE
0.0634275962500016,2.38297263877778,0.928759433335127,0.374596119504757,0.725605452186926,-5.00319799670455,"Gaa","GSE41345",FALSE
0.0694042648999992,1.55495143355556,0.954145150989902,0.362204497105361,0.71794356699861,-4.98468525582404,"Gab1","GSE41345",FALSE
-0.115392156550001,-0.194037173111111,-0.856854033833856,0.411320176270108,0.740973672484891,-5.05342090063256,"Gab3","GSE41345",FALSE
-0.150942543499997,2.58772821211111,-2.1119042658921,0.0604747164812923,0.559762518320677,-3.83624684203847,"Gabarap","GSE41345",FALSE
0.0638216095999998,3.00140476822222,0.544964205857272,0.597560478895457,0.838075595907721,-5.23006771429144,"Gabarapl1","GSE41345",FALSE
-0.07701913805,-0.208296505222222,-0.508135901551709,0.622229872512592,0.848145032547552,-5.24617446518849,"Gabarapl2","GSE41345",FALSE
0.0270149134499992,1.352971583,0.318598579191608,0.756497086540605,0.913489046529031,-5.31200576405451,"Gabbr1","GSE41345",FALSE
-0.17980643135,0.494984499111111,-1.70438373464303,0.118710019058809,0.573793150721065,-4.29054758917091,"Gabra3","GSE41345",FALSE
0.0916335204500036,2.02896021388889,1.10085256640366,0.296408969306976,0.670911325051653,-4.87015444130796,"Gabrb1","GSE41345",FALSE
-0.3052037148,0.411558476333333,-3.3058879056451,0.0077904858305142,0.537623773850961,-2.46053533975685,"Gabrb2","GSE41345",FALSE
0.00480668240000157,3.02269008588889,0.0574306736927618,0.955318221535126,0.989254577248797,-5.35389426490031,"Gabrb3","GSE41345",FALSE
-0.230876723549998,1.13757460466667,-0.779303535373154,0.453606605474165,0.764093802277136,-5.10377528401232,"Gabrd","GSE41345",FALSE
-1.1058143427,6.391882944,-3.17104850439858,0.00980536808510109,0.537623773850961,-2.61079941352788,"Gabrg2","GSE41345",FALSE
-0.357580631150002,5.58437516444444,-1.89285092381611,0.0872455013531019,0.573793150721065,-4.08444206495738,"Gad1","GSE41345",FALSE
0.0123017801500007,0.497737137444444,0.157277504675486,0.878114153400162,0.965341900844179,-5.34470818559276,"Gadd45a","GSE41345",FALSE
0.13290760655,0.0263974155555556,2.2110384357252,0.0511159363377552,0.551749088057453,-3.72186511729434,"Gadd45b","GSE41345",FALSE
0.432794145250002,2.17044191344445,3.54356276405476,0.00521282124006446,0.537623773850961,-2.2020070314769,"Gadd45g","GSE41345",FALSE
0.0159034507000019,2.85162547311111,0.212960929352866,0.835578377417361,0.947052648798916,-5.33589649106214,"Gak","GSE41345",FALSE
0.12408341075,0.953712927555556,2.04965056140435,0.0671652486365914,0.564515411734788,-3.9075128073844,"Gal3st1","GSE41345",FALSE
0.1640846691,0.538663275,2.87295693394844,0.0163667269056618,0.537623773850961,-2.95054636222565,"Galk1","GSE41345",FALSE
-0.374815533450001,1.40067199466667,-2.95412664619315,0.0142300819719807,0.537623773850961,-2.85714758873701,"Galnt1","GSE41345",FALSE
-0.0680611663499997,1.47948134033333,-0.975884846257206,0.351830233212346,0.710557775912246,-4.9685158561743,"Galnt11","GSE41345",FALSE
0.0897368452999999,2.71052245355556,0.755367528893353,0.467213444752327,0.772789665710527,-5.11848972768519,"Galnt2","GSE41345",FALSE
0.0553033118999967,2.05381681133333,0.683774742084079,0.509442288529289,0.796625569318823,-5.16009406712919,"Galnt9","GSE41345",FALSE
0.0407775812999998,1.14129933866667,0.50453819407882,0.624666967599715,0.848880495177948,-5.24769128624833,"Galt","GSE41345",FALSE
0.15388181985,1.03037647533333,2.21441226817895,0.0508232785036537,0.551749088057453,-3.71795618488764,"Gamt","GSE41345",FALSE
-0.312538375300005,2.18586482922222,-2.5938839972297,0.0264961412186999,0.537623773850961,-3.27505981758226,"Ganab","GSE41345",FALSE
-0.1385827612,1.15769261888889,-1.25693737821546,0.236960307696512,0.627621235143651,-4.73535292111672,"Ganc","GSE41345",FALSE
-0.0665846193499979,1.72300242044444,-0.572336599736258,0.579562569585273,0.827501143380105,-5.21741822999716,"Gap43","GSE41345",FALSE
0.0826900710999996,3.48807364011111,1.08282020707937,0.303967260542732,0.67857764272554,-4.88489844314452,"Gapvd1","GSE41345",FALSE
0.0337918552000041,1.99467612011111,0.246167428442729,0.810464614204576,0.937016424904449,-5.32939404712096,"Garnl3","GSE41345",FALSE
0.081780087599995,3.227006662,0.887960946368461,0.395138403435627,0.733184396287367,-5.03210178198766,"Gars","GSE41345",FALSE
0.0898446534500001,0.490466895888889,0.964588454771303,0.357193581492501,0.715096161757317,-4.97695383568668,"Gart","GSE41345",FALSE
0.12934512625,0.200141258777778,1.17999306233826,0.264947412256715,0.6436898197403,-4.80336851345076,"Gas2l1","GSE41345",FALSE
0.167782947499999,1.82940869188889,1.72500642597651,0.114822239433336,0.573793150721065,-4.26841888557248,"Gas6","GSE41345",FALSE
-0.1522539849,0.676998493666667,-1.47506293344072,0.170559155247267,0.590052931837169,-4.52788637329376,"Gas7","GSE41345",FALSE
0.00636570329999993,0.198563763666667,0.115049489275189,0.910652524680488,0.975450442218288,-5.34963288264952,"Gas8","GSE41345",FALSE
-0.1225466242,-0.0219574521111111,-1.82113719392729,0.0981828265571271,0.573793150721065,-4.16383765821153,"Gata2","GSE41345",FALSE
-0.1426161378,1.36001081166667,-2.11477094685752,0.0601824397368988,0.559762518320677,-3.83295367960692,"Gatad1","GSE41345",FALSE
0.0996117732000003,1.324089472,1.78632545151646,0.103935343381048,0.573793150721065,-4.20196940755,"Gba","GSE41345",FALSE
0.0144432713999997,0.217850476333333,0.19704184951172,0.847688732432143,0.951668361009639,-5.33868383181301,"Gba2","GSE41345",FALSE
0.01934068385,0.909212472888889,0.304828958851437,0.766661857440756,0.918512806566329,-5.31564770369491,"Gbas","GSE41345",FALSE
0.0480573896999987,1.82269347566667,0.648890108887322,0.5308319498712,0.807780785516133,-5.17902915413208,"Gbf1","GSE41345",FALSE
-0.0529973650000003,0.120572270555556,-0.586414787871353,0.570421225954787,0.823142516731666,-5.21068946535352,"Gbp2","GSE41345",FALSE
-0.5472936531,-0.417863119,-1.61301108548035,0.137398955304604,0.57817881478681,-4.38713777561951,"Gbx2","GSE41345",FALSE
-0.249777244950001,1.58950458133333,-2.06784485968356,0.0651404619873474,0.564515411734788,-3.88673608037213,"Gcc2","GSE41345",FALSE
-0.00749322344999971,0.811842705666667,-0.149247138567614,0.884285580534258,0.967272063968532,-5.34576173127432,"Gcdh","GSE41345",FALSE
0.08725657585,0.387424177777778,1.46398423575291,0.173501533313382,0.590052931837169,-4.53889541037495,"Gclm","GSE41345",FALSE
-0.0865192770999998,0.972740433555556,-0.988502906391281,0.345909191985972,0.709874904317257,-4.9589992466483,"Gcnt2","GSE41345",FALSE
-0.0736477011999997,-0.0901965944444445,-0.61825765296452,0.550040970520409,0.813829637516672,-5.19491720622705,"Gda","GSE41345",FALSE
-0.127515398599993,4.47348738511111,-1.03160303379044,0.32623802865205,0.695652591328662,-4.92577745515004,"Gdap1","GSE41345",FALSE
0.0317138549999994,1.63444470866667,0.320895033474099,0.754806496655529,0.912525767849341,-5.31138309310747,"Gdap1l1","GSE41345",FALSE
-0.0679781516000006,0.855286642777778,-0.732775832361911,0.480293065603485,0.781328364463992,-5.13201114368925,"Gdf10","GSE41345",FALSE
-0.0840097491500022,12.1770716581111,-0.323966200784483,0.752547701510434,0.911423297156877,-5.31054354594791,"Gdi1","GSE41345",FALSE
0.0804257975999998,0.410433742333333,0.807326345578492,0.438007761334689,0.755428570591941,-5.08604773264533,"Gemin7","GSE41345",FALSE
-0.00495998924999989,0.693132804333334,-0.0783163993925655,0.939100459756943,0.984078873136461,-5.3526780444663,"Gfap","GSE41345",FALSE
0.123449117950003,1.79589634344445,1.61591132104403,0.136767576825544,0.57817881478681,-4.3841104415447,"Gfer","GSE41345",FALSE
0.120517266600002,1.802725924,1.6609157875968,0.127295912035304,0.573793150721065,-4.33680333815462,"Gfod1","GSE41345",FALSE
-0.10200588365,-0.0580080218888888,-1.47274658631111,0.171170767206411,0.590052931837169,-4.5301919925333,"Gfpt2","GSE41345",FALSE
0.14838569135,0.510272262555555,2.12776437214168,0.0588744923337149,0.557043273618994,-3.81801545379199,"Gfra4","GSE41345",FALSE
0.0958199321000003,-0.254785333111111,0.980355778190747,0.349723821072837,0.710557775912246,-4.96515484500154,"Gga1","GSE41345",FALSE
-0.0439176134000001,0.603680002111111,-0.637431968408896,0.537970960796019,0.811057565110411,-5.1850536044539,"Gga3","GSE41345",FALSE
-0.0448023258499977,2.29223851677778,-0.917374524141215,0.38025069353385,0.728945967725167,-5.01136981695723,"Ggnbp2","GSE41345",FALSE
-0.243291240250002,1.64964681988889,-1.6233893314312,0.135151503520304,0.57817881478681,-4.37629261214972,"Ghitm","GSE41345",FALSE
-0.1152883233,-0.353065096,-0.811142231556599,0.435911449840348,0.754805695723738,-5.08359242141244,"Ghr","GSE41345",FALSE
0.3584900721,1.08887310133333,1.48373975625135,0.168284857170449,0.5897571471234,-4.51923184840782,"Gipc1","GSE41345",FALSE
0.161673394349999,0.444121463333333,1.51288938471241,0.160835614579538,0.582216674597469,-4.48995372109324,"Git1","GSE41345",FALSE
-0.0303036252000014,3.37368907033333,-0.470475958652382,0.647972686774412,0.86148839876386,-5.261548168037,"Gja1","GSE41345",FALSE
-0.1369627611,-0.323603901666667,-0.47173096677741,0.647106682890837,0.86148839876386,-5.26105386442878,"Gjb2","GSE41345",FALSE
-0.199106795150004,2.19354032244445,-2.25015711452092,0.0478202481803501,0.551749088057453,-3.67648714308989,"Gjb6","GSE41345",FALSE
-0.00455021900000023,0.796646139444445,-0.0335526244209787,0.973885259320014,0.995198249797534,-5.35482649566001,"Gkap1","GSE41345",FALSE
0.0499288778499994,1.00333132277778,0.72850810478911,0.482789557910759,0.782864225255292,-5.13452507853047,"Glb1","GSE41345",FALSE
0.179076738849992,2.45195140211111,1.54964894786241,0.151852224262667,0.580042267756514,-4.45259885774522,"Gldc","GSE41345",FALSE
0.174888436600001,3.29947541144445,1.59345538578244,0.141724150673791,0.579936514910764,-4.40748100442928,"Glg1","GSE41345",FALSE
-0.0911610199000033,2.52259440655556,-0.764679513690544,0.461889056380894,0.769760120934921,-5.11281248635033,"Glo1","GSE41345",FALSE
-0.18841916335,0.596966022222222,-1.69386716783997,0.120738030738782,0.573793150721065,-4.30178748391161,"Glra2","GSE41345",FALSE
-0.175112912,-0.0394342488888888,-2.00092659701604,0.0728848519746342,0.564652545006905,-3.9629214966483,"Glrb","GSE41345",FALSE
-0.170827171149998,2.18032994922222,-2.16694417025497,0.0550930518996853,0.551749088057453,-3.77286127018107,"Glrx","GSE41345",FALSE
-0.1800355579,0.957345022888889,-0.959852456984086,0.359459746412456,0.716504150655343,-4.98046829119566,"Glrx2","GSE41345",FALSE
-0.188545854000001,0.848125834666667,-1.70223652799244,0.1191215710856,0.573793150721065,-4.29284496055108,"Gls2","GSE41345",FALSE
-0.0338264596000002,1.16828988255556,-0.448237953698491,0.663407984661661,0.868771786463804,-5.27009944903015,"Glt25d1","GSE41345",FALSE
-0.277966746199999,2.34757154911111,-1.55664362193321,0.150193525469308,0.580042267756514,-4.44543786282083,"Glt8d1","GSE41345",FALSE
0.0202164103000001,-0.0798909665555555,0.290063326085104,0.777613563198529,0.924525123054158,-5.31937818579204,"Glt8d2","GSE41345",FALSE
-0.0173590891499995,1.13462368566667,-0.190004689130795,0.853055677888465,0.954506275480703,-5.33984765377166,"Gltp","GSE41345",FALSE
-0.208837010749995,2.06673902277778,-1.63670097098537,0.132316744984161,0.576515142417924,-4.36233337039363,"Glud1","GSE41345",FALSE
0.0110500802000004,-0.256334344444445,0.0959679640716753,0.925416402156523,0.98105421822059,-5.35135881702022,"Glul","GSE41345",FALSE
0.16387515015,1.51200636266667,1.34185501819561,0.20892011856549,0.607253116960096,-4.6570178906277,"Gm1673","GSE41345",FALSE
0.12138426495,-0.295499328,1.06624537817252,0.311044026487203,0.679633893230053,-4.8982907683967,"Gm266","GSE41345",FALSE
0.0512641460499995,1.68698490611111,0.915808990885689,0.38103296144892,0.72896404574617,-5.01248713329152,"Gm2a","GSE41345",FALSE
-0.08389129705,-0.0466112331111111,-1.22542654829973,0.248118269239846,0.636522478598047,-4.76356089032898,"Gm527","GSE41345",FALSE
-0.0449962334000006,1.66021311044444,-0.6273321346604,0.544309539418513,0.811641100947509,-5.19028324103694,"Gm561","GSE41345",FALSE
-0.730254368250005,1.584246704,-2.37762507475544,0.0384486611732384,0.551749088057453,-3.52796742674083,"Gmcl1","GSE41345",FALSE
0.0138648264499996,0.657348150888889,0.216179702915155,0.83313505807321,0.946120557959531,-5.33530687444164,"Gmds","GSE41345",FALSE
0.19954455245,1.21071493555556,2.41641930776748,0.0359705420491093,0.541735380587652,-3.48263268130663,"Gmppa","GSE41345",FALSE
0.089907268700002,1.77369031988889,1.04946053588867,0.318337470299433,0.688053934098933,-4.91169447035931,"Gmpr","GSE41345",FALSE
-0.0421745283499997,0.676478668777778,-0.640936509444345,0.535781559669505,0.811057565110411,-5.18322129237024,"Gmpr2","GSE41345",FALSE
0.121479976900001,1.61498981844445,1.53284972751252,0.155901708707362,0.580042267756514,-4.46972885139731,"Gna11","GSE41345",FALSE
0.0212719366499997,0.221644136666667,0.318596191004839,0.75649884536362,0.913489046529031,-5.31200640932696,"Gna12","GSE41345",FALSE
-0.1663558059,1.65694279066667,-2.32642638534695,0.0419758186473259,0.551749088057453,-3.58771962098334,"Gna13","GSE41345",FALSE
-0.0810446795999999,-0.24130499,-0.864351072586928,0.407379195067799,0.740837121901425,-5.04834047803221,"Gna14","GSE41345",FALSE
0.2402303143,1.16772105977778,1.95606992492861,0.0785533003687014,0.572386052113846,-4.01360640237049,"Gnai2","GSE41345",FALSE
0.2980257254,0.586264607555556,0.623337448762241,0.546828354229269,0.812508954147969,-5.19233073067971,"Gnaq","GSE41345",FALSE
0.260641092349998,4.33326561288889,1.20837157227997,0.254332111013055,0.641365508558957,-4.77862541076433,"Gnas","GSE41345",FALSE
0.126607602899998,2.61797907333334,1.18090290108743,0.264601688496593,0.6436898197403,-4.80258158391161,"Gnaz","GSE41345",FALSE
0.0940560659499995,2.34952521977778,0.777206178551503,0.454788499762895,0.76526473283426,-5.10508045920892,"Gnb1","GSE41345",FALSE
0.0258625097499999,0.298019828777778,0.452908751859159,0.660151975679267,0.867477451081127,-5.26833602171341,"Gnb1l","GSE41345",FALSE
0.169159962899997,1.96373723733333,1.6718615058354,0.12508288609735,0.573793150721065,-4.32520636555461,"Gnb2","GSE41345",FALSE
-0.0958696928000003,0.369651206444445,-0.746951454851772,0.472059209603139,0.776196476696651,-5.12356871409006,"Gnb4","GSE41345",FALSE
-0.111007403899991,4.04203158344444,-1.52556401528971,0.157687104022429,0.580042267756514,-4.47712745679703,"Gnb5","GSE41345",FALSE
0.0688469213500001,0.155225742111111,0.981623881089776,0.349128056665103,0.710557775912246,-4.96419935255973,"Gne","GSE41345",FALSE
-0.0881265455499989,2.16796608822222,-1.31153373973107,0.218598913153771,0.617688005795592,-4.68536579760058,"Gng10","GSE41345",FALSE
0.192476273549995,2.46163999166667,2.00104254543853,0.0728707112199244,0.564652545006905,-3.96279006258819,"Gng13","GSE41345",FALSE
-0.00949665029999555,2.38096159733333,-0.0817814655187126,0.936412443882585,0.983336584249126,-5.35244011902579,"Gng2","GSE41345",FALSE
-0.0409117967999997,0.827126727,-0.739163842374704,0.476571473600034,0.778752625061185,-5.12822420847215,"Gng3","GSE41345",FALSE
-0.0801629380499995,0.647507508333334,-1.06077720568725,0.313406019689028,0.681252826418866,-4.90267503088177,"Gng4","GSE41345",FALSE
-0.00703599640000431,2.43598287088889,-0.106997749398996,0.916878370905229,0.978792892564578,-5.35039913099909,"Gng7","GSE41345",FALSE
-0.14816320805,-0.301176132888889,-0.873233945734886,0.402743432622311,0.738021486451422,-5.04227337767191,"Gng8","GSE41345",FALSE
-0.0497539611,0.378657168,-0.407892948592692,0.691832295819758,0.883268422232668,-5.28460373919352,"Gnl2","GSE41345",FALSE
-0.18543943265,1.14842453277778,-2.78595753926543,0.0190178721462095,0.537623773850961,-3.05123657953173,"Gnl3","GSE41345",FALSE
0.0462831734,0.166921479888889,0.848677259997465,0.415648140396722,0.741776913579799,-5.05891984254228,"Gnpat","GSE41345",FALSE
-0.325536361600001,1.66489007822222,-3.19218845097236,0.00945724272788981,0.537623773850961,-2.58708385997881,"Gnpda1","GSE41345",FALSE
-0.0952418594999999,0.829257580666667,-1.20254509475077,0.256483346287945,0.641365508558957,-4.78373868375212,"Gnpda2","GSE41345",FALSE
0.0458604379499995,0.560065075666667,0.632270206196365,0.541205097517201,0.811641100947509,-5.18773580068245,"Gnptab","GSE41345",FALSE
-0.1070572778,1.32881347144444,-0.94730436753175,0.365514267530403,0.719588656397314,-4.98971329088266,"Gns","GSE41345",FALSE
-0.0489385202999999,1.09254777033333,-0.864509753107466,0.407296062588321,0.740837121901425,-5.0482325492279,"Golga1","GSE41345",FALSE
0.0261592337499953,3.08037837711111,0.0823142486108716,0.935999212098851,0.983336584249126,-5.35240262390681,"Golga2","GSE41345",FALSE
-0.00572441239999998,0.961863015111111,-0.0692082324568929,0.946169825147177,0.986441609221544,-5.35325439786675,"Golga3","GSE41345",FALSE
-0.0196639804000001,0.0745666595555557,-0.340209129820201,0.740642375560332,0.905985904830685,-5.30597379815824,"Golga4","GSE41345",FALSE
-0.0937092976499998,0.618212245666667,-1.77727819267816,0.105480081316567,0.573793150721065,-4.21183263629349,"Golga5","GSE41345",FALSE
-0.0847109815500001,1.20535100166667,-1.30863184931563,0.219544410536912,0.617688005795592,-4.68805725517814,"Golga7","GSE41345",FALSE
0.0458383552999999,1.04020240155556,0.749017880774615,0.470866461191488,0.775499530956458,-5.12232624426102,"Gorasp1","GSE41345",FALSE
-0.0157330414500014,5.47074192533334,-0.116195942030326,0.909766557365823,0.975187216045509,-5.34951927430315,"Gorasp2","GSE41345",FALSE
-0.0218264951499999,0.149317298888889,-0.31198551421765,0.761372942093102,0.91608888219618,-5.31377447276401,"Gosr1","GSE41345",FALSE
-0.258789907799998,3.110897772,-1.3547829962969,0.20490348466698,0.60599416791512,-4.64480819249584,"Gosr2","GSE41345",FALSE
0.14119446425,0.941355104222222,1.10000241846016,0.296762027506099,0.671028416755176,-4.87085359282331,"Got1","GSE41345",FALSE
0.0656436235500029,3.702058266,0.755073486776334,0.467382209085288,0.772789665710527,-5.11866801265432,"Got2","GSE41345",FALSE
-0.0342557381,-0.0156259208888889,-0.414066528006475,0.687448779736564,0.882413228383843,-5.28246916519695,"Gp5","GSE41345",FALSE
0.0996800522499999,0.0122540724444444,1.39895078229084,0.191666703796449,0.597388867271626,-4.60255626771535,"Gpaa1","GSE41345",FALSE
-0.08423456305,0.782220100222222,-1.24153122651917,0.242363621601417,0.630828583318305,-4.74920436248669,"Gpatch2","GSE41345",FALSE
-0.241499361649995,3.34585268277778,-1.9837374017499,0.0750100101323938,0.564707806576065,-3.98238294331174,"Gpbp1","GSE41345",FALSE
0.139923399350007,3.05897612388889,1.60406829913597,0.139362116085033,0.579351577338652,-4.39645579470096,"Gpc1","GSE41345",FALSE
-0.0725310170499999,0.223035722222222,-0.649140663725521,0.530676462695674,0.807780785516133,-5.17889633474314,"Gpc3","GSE41345",FALSE
-0.223934426099998,1.86929673,-1.48622755602051,0.167637631334182,0.5897571471234,-4.51674526165326,"Gpc5","GSE41345",FALSE
0.0653471052000001,0.0842079716666667,0.89905391818713,0.389476477406936,0.731002939929819,-5.02434782876077,"Gpd1","GSE41345",FALSE
0.066384700299997,2.14902029444444,0.617684365411754,0.550404207646054,0.813829637516672,-5.19520789621927,"Gpd2","GSE41345",FALSE
-0.0521900298500045,4.07459036977778,-0.556614291910155,0.589864481434853,0.833514260793808,-5.2247541530314,"Gphn","GSE41345",FALSE
-0.257649818749999,3.92597420444444,-1.35472573116872,0.204921132959731,0.60599416791512,-4.64486243576553,"Gpm6a","GSE41345",FALSE
-0.0244117754000003,0.132877868444444,-0.230873743812696,0.822005047236355,0.941441020130386,-5.33250419319276,"Gpnmb","GSE41345",FALSE
0.0110455743500003,1.07989005755556,0.0896031205619244,0.930347943796481,0.983182037000347,-5.35186525544229,"Gpr108","GSE41345",FALSE
-0.264392340549999,1.45395251888889,-1.93358271076452,0.08154804480843,0.572386052113846,-4.0388868913154,"Gpr12","GSE41345",FALSE
-0.0232243014000021,1.90374875566667,-0.318304500907221,0.756713676715614,0.913489046529031,-5.31208518658854,"Gpr123","GSE41345",FALSE
-0.0364416190500001,0.283524828666667,-0.395754221710112,0.70048603836405,0.887798716127143,-5.2887109223009,"Gpr135","GSE41345",FALSE
0.0394582061000003,1.43445536988889,0.636207655122077,0.538737049085475,0.811572269569108,-5.18569157958031,"Gpr137","GSE41345",FALSE
0.0458581636000002,-0.188904144555556,0.474560260531629,0.645156384213722,0.860209926291696,-5.25993492923352,"Gpr146","GSE41345",FALSE
-0.253960035349999,-0.484147633222222,-1.63638971416237,0.132382418187578,0.576515142417924,-4.36266038776268,"Gpr151","GSE41345",FALSE
0.0162195864499959,2.27823504588889,0.227152603145785,0.824819829666416,0.943212335829419,-5.33323115757224,"Gpr158","GSE41345",FALSE
0.0519608740499974,2.075558843,0.379979041435375,0.711799436168068,0.894716938874813,-5.29386984218928,"Gpr162","GSE41345",FALSE
0.0950086000500003,1.06804788066667,1.4403865877214,0.179914676899206,0.590052931837169,-4.56218797121696,"Gpr17","GSE41345",FALSE
-0.0513191825499995,1.12042755722222,-0.987741433460579,0.346264427532154,0.709874904317257,-4.95957627276483,"Gpr19","GSE41345",FALSE
-0.1210066152,1.64916983833333,-1.15529379295472,0.274470310649447,0.651868544930035,-4.82456774486776,"Gpr22","GSE41345",FALSE
0.2762699434,0.707581641111111,1.66413163573051,0.126642111417515,0.573793150721065,-4.33339976736612,"Gpr27","GSE41345",FALSE
-0.0872034576999999,0.148125598888889,-0.554216540582181,0.59144411510835,0.834308439857737,-5.22585628695367,"Gpr34","GSE41345",FALSE
0.0157695166500046,1.87273574366667,0.248296687912423,0.808861593644497,0.937016424904449,-5.32894544705827,"Gpr37l1","GSE41345",FALSE
-0.00143868040000015,0.318065706888889,-0.0276948968209223,0.978443040883136,0.996535899435461,-5.35498046939744,"Gpr45","GSE41345",FALSE
-0.105212071299999,0.364914338222222,-1.67267418716438,0.124919961751343,0.573793150721065,-4.32434394685258,"Gpr68","GSE41345",FALSE
-0.0654686178,1.44650859033333,-0.991424646442217,0.3445486531065,0.708713619285639,-4.95678199272115,"Gpr83","GSE41345",FALSE
-0.1549824367,1.21561215722222,-0.691861382356552,0.50455905932335,0.794408784317095,-5.1555782596068,"Gpr85","GSE41345",FALSE
-0.1770279647,0.665835159777778,-1.69118705524436,0.121259832605401,0.573793150721065,-4.30464702508078,"Gpr89","GSE41345",FALSE
-0.145903114250001,5.51035412044445,-1.41987913231748,0.185651828945306,0.591109774634124,-4.58225324829983,"Gprasp1","GSE41345",FALSE
0.0917905344999998,0.420592771111111,0.960290406898557,0.359249752042061,0.716476020472341,-4.98014387665763,"Gprc5b","GSE41345",FALSE
0.235814188550002,2.85551887722222,1.94844854228738,0.079556560520405,0.572386052113846,-4.02218447146222,"Gprin1","GSE41345",FALSE
-0.0681014609500001,1.29970648922222,-0.489283515369308,0.635052964117516,0.855387846699955,-5.25401003334444,"Gps1","GSE41345",FALSE
0.000662956999999621,0.404911191555556,0.0116900166316619,0.990899756830429,0.997703222706498,-5.35525101289457,"Gps2","GSE41345",FALSE
-0.00299805874999998,0.441902140444444,-0.0471342088668967,0.963321773324417,0.992214575615907,-5.35435622908473,"Gpsm1","GSE41345",FALSE
-0.0118569156500004,1.19136020011111,-0.206910711131472,0.840175939735253,0.947136437588345,-5.33698109006399,"Gpt2","GSE41345",FALSE
0.112369294499994,2.56801694866667,1.02740440529748,0.328116777327994,0.697009031408964,-4.92906181309533,"Gpx1","GSE41345",FALSE
-0.0188059412499999,-0.166062411111111,-0.266576242721589,0.795138587190177,0.931015531739044,-5.32493779484623,"Gpx3","GSE41345",FALSE
0.1943358512,1.53492255522222,2.76698295019861,0.0196512025742527,0.537623773850961,-3.07326591017061,"Gpx4","GSE41345",FALSE
0.0473629933,-0.0128596853555556,0.908728699418691,0.384585074213332,0.730086829836255,-5.01752094461504,"Gpx7","GSE41345",FALSE
0.245935358349996,2.77149361911111,1.58634947023333,0.143325398264042,0.579936514910764,-4.41484269830678,"Grasp","GSE41345",FALSE
-0.1087310006,0.928716581444445,-1.57951805631852,0.144879841091275,0.579936514910764,-4.4219045038024,"Grb10","GSE41345",FALSE
-0.12301326065,0.0699072311111112,-0.798737988906309,0.442750313156334,0.758336071686369,-5.09153775475883,"Grb14","GSE41345",FALSE
-0.1057827789,0.407036072,-1.13893995708001,0.280922593501011,0.656983597550459,-4.83842848930625,"Grb7","GSE41345",FALSE
0.185245493999999,2.25063713166667,2.00839944429588,0.0719787494418934,0.564515411734788,-3.95444634903323,"Grcc10","GSE41345",FALSE
0.0884604805499999,1.49980712333333,1.20481391774082,0.255643931751089,0.641365508558957,-4.78174960511467,"Grhpr","GSE41345",FALSE
0.10838879285,6.97714165822222,0.611018757277736,0.554637543429192,0.814650360824309,-5.19856969154649,"Gria1","GSE41345",FALSE
-0.136029612200002,5.58712353177778,-1.39172453706748,0.193781584769951,0.597700631189519,-4.6095249919591,"Gria2","GSE41345",FALSE
-0.5048833733,1.09705670844444,-2.29352689786079,0.0444065141521215,0.551749088057453,-3.62605207290858,"Gria3","GSE41345",FALSE
-0.195035226650001,0.807558786444444,-1.40597061540473,0.1896309987871,0.596239110339268,-4.59576604241968,"Grik1","GSE41345",FALSE
0.0622174552500002,0.0356386323333334,0.808498775541209,0.43736295928364,0.755275809732671,-5.08529438740245,"Grik4","GSE41345",FALSE
0.13304372905,0.438047297444445,1.67103944804981,0.125247884279274,0.573793150721065,-4.32607854091371,"Grik5","GSE41345",FALSE
0.0770164695000001,-0.191057056,0.66835266375088,0.518833838249119,0.799901879024857,-5.16857468365065,"Grin1","GSE41345",FALSE
0.173758862700002,4.075133385,1.55717110966337,0.150069086025964,0.580042267756514,-4.44489715782964,"Grina","GSE41345",FALSE
-0.0697546688999977,1.83418459033334,-0.868904097813082,0.404998508593845,0.739003812586054,-5.04523713854219,"Grip1","GSE41345",FALSE
-0.0847638466500022,2.53965329766667,-1.1930397041651,0.260024131864732,0.641851050902518,-4.79204387730397,"Gripap1","GSE41345",FALSE
0.08428219855,0.0164810201111111,0.790752525930461,0.447190219546849,0.759561306368887,-5.09659734224464,"Grm1","GSE41345",FALSE
-0.0547882349499999,0.211402229555555,-0.943958358921033,0.367141072967438,0.721267016351691,-4.99216210442062,"Grm7","GSE41345",FALSE
0.0386819144999997,1.396179615,0.667333818052,0.51945790048563,0.800293435299939,-5.16912884743869,"Grn","GSE41345",FALSE
-0.00487512310000032,1.13275678022222,-0.0377195133794783,0.970643674594644,0.994556490641638,-5.35469904456756,"Grp","GSE41345",FALSE
0.0266839014,1.34850380733333,0.356678184582209,0.728644063109534,0.900147499235423,-5.30111866746397,"Grpel1","GSE41345",FALSE
-0.101862382200004,1.80572497233333,-1.38279312893171,0.196422757872972,0.600685983285625,-4.61810818918023,"Grsf1","GSE41345",FALSE
-0.0908165752499998,0.354815190666667,-0.48602398654871,0.637283075008921,0.856105100498132,-5.25533646462865,"Grwd1","GSE41345",FALSE
0.17642489225,0.919153444222223,1.42217474316418,0.185001947573403,0.591109774634124,-4.58001545261496,"Gse1","GSE41345",FALSE
0.0720088774999999,1.13369320155556,0.544449577273584,0.597901652336951,0.838189183566567,-5.23030002473736,"Gsk3b","GSE41345",FALSE
0.0177490104499936,2.25653647088889,0.310069876023621,0.762787410596172,0.916544415448295,-5.31428005503439,"Gspt1","GSE41345",FALSE
-0.076696870200004,1.85668266233334,-1.43714860210931,0.180810327415173,0.590052931837169,-4.56536720052618,"Gspt2","GSE41345",FALSE
-0.0113252197499998,1.2418797,-0.206964266867374,0.840135214821349,0.947136437588345,-5.33697162502823,"Gsta4","GSE41345",FALSE
-0.00534011030000046,0.953652949444444,-0.0635482488728803,0.950565366511579,0.98656125608518,-5.3535767413539,"Gstk1","GSE41345",FALSE
-0.0817168517999967,1.858632491,-0.794233673250151,0.445251123781768,0.758581559875492,-5.09439703800565,"Gstm1","GSE41345",FALSE
0.2340817574,0.880158784222222,0.772546208205439,0.457421621664544,0.767135762572097,-5.10796947945755,"Gstm2","GSE41345",FALSE
-0.01021986325,-0.0456381344444444,-0.168681171775255,0.869365076050565,0.961265282514828,-5.34311781332663,"Gstm4","GSE41345",FALSE
0.0420710649999979,2.59983231011111,0.63323876259899,0.540597388887275,0.811641100947509,-5.18723401840806,"Gstm5","GSE41345",FALSE
-0.0351854300999996,-0.235361317333333,-0.352521289152877,0.731665438847378,0.901707919869826,-5.30236515186438,"Gstm6","GSE41345",FALSE
0.0316860761500002,1.64633232711111,0.492406530994828,0.632919830644363,0.853654641866682,-5.25273130833793,"Gsto1","GSE41345",FALSE
0.374811653850006,4.38013399366667,1.94237521839969,0.0803646088760696,0.572386052113846,-4.02901287362758,"Gstp1","GSE41345",FALSE
-0.06899763965,0.00419207077777777,-1.15989634813926,0.272675591054241,0.65170758563343,-4.82064145023946,"Gstt1","GSE41345",FALSE
0.000442686650000308,0.167797160222222,0.0044794651823315,0.996512828513638,0.998627926207612,-5.35530105537788,"Gstt3","GSE41345",FALSE
-0.0650532538000001,1.28886840655556,-1.01616299752042,0.333186744563369,0.699023829446508,-4.93780466691281,"Gstz1","GSE41345",FALSE
-0.10369224585,1.274100653,-1.31202955828557,0.218437702635708,0.617688005795592,-4.68490555286609,"Gtdc1","GSE41345",FALSE
-0.06553221725,1.25334308211111,-0.883838198711495,0.397257246477363,0.734372541783482,-5.03496340240768,"Gtf2e1","GSE41345",FALSE
-0.24456531365,0.264255001444444,-2.03185414913968,0.0692033169932107,0.564515411734788,-3.92779099407908,"Gtf2e2","GSE41345",FALSE
0.2056904255,0.558387367888889,2.17432523524159,0.0544072122056527,0.551749088057453,-3.76433732716953,"Gtf2f1","GSE41345",FALSE
0.0973184262000002,1.24000829166667,1.92078456764251,0.0832997324169543,0.573793150721065,-4.05323416468616,"Gtf2f2","GSE41345",FALSE
-0.0169005919000049,2.03771117922222,-0.271499266108784,0.791454974567212,0.929469360616727,-5.32381063241339,"Gtf2h1","GSE41345",FALSE
-0.10749548955,1.54282174666667,-1.53970051610136,0.154239038514696,0.580042267756514,-4.46275496955755,"Gtf2h2","GSE41345",FALSE
0.105799251150001,1.118488486,2.07976971993647,0.0638449477017683,0.564515411734788,-3.87309490007293,"Gtf2h3","GSE41345",FALSE
0.135078068799999,0.763058317444444,2.38440530914065,0.0380038205218908,0.551749088057453,-3.52004717544965,"Gtf2h4","GSE41345",FALSE
-0.2665092196,0.734583188555556,-2.80558302217677,0.0183843692582627,0.537623773850961,-3.02847586397283,"Gtf2ird2","GSE41345",FALSE
0.223219873099999,1.62039593688889,2.84084812812388,0.0172988605434448,0.537623773850961,-2.98764368276561,"Gtf3a","GSE41345",FALSE
-0.00970244085000001,0.672304525666667,-0.105052135393947,0.918383677836265,0.978897416270167,-5.35057597345405,"Gtf3c1","GSE41345",FALSE
-0.18523977325,0.828412779888889,-2.27065353419293,0.0461763967415962,0.551749088057453,-3.65266672654147,"Gtf3c2","GSE41345",FALSE
-0.0744629499499998,1.02410394977778,-1.06668226675093,0.310855896677044,0.67958968631025,-4.89793975022519,"Gtf3c3","GSE41345",FALSE
-0.1356282829,0.263147018555556,-1.43699828514974,0.180851998697989,0.590052931837169,-4.56551468976965,"Gtf3c4","GSE41345",FALSE
0.13458541635,-0.196767333,1.50735262281136,0.162228094679267,0.583535150832771,-4.49553868797398,"Gtl3","GSE41345",FALSE
-0.00640250410000088,0.307904023222222,-0.0915933723621009,0.928805535580977,0.982785330155221,-5.35171062043385,"Gtpbp1","GSE41345",FALSE
0.0864197988499983,2.30005157888889,1.25595410736516,0.23730221097203,0.627867287477411,-4.73624036747582,"Gtpbp2","GSE41345",FALSE
-0.105280808900001,0.790110322777778,-1.44759933150894,0.177933229473244,0.590052931837169,-4.55509136014164,"Gtpbp3","GSE41345",FALSE
-0.0617705030000002,1.52360361511111,-0.849178668237324,0.415381854961402,0.741776913579799,-5.05858391021147,"Gtpbp4","GSE41345",FALSE
0.0162405008999996,0.471952592,0.177113543146517,0.862907402610909,0.957878501291397,-5.34187075407659,"Gtpbp6","GSE41345",FALSE
-0.1178828871,-0.0989102216666668,-1.39086824211409,0.194033497734902,0.598108198629548,-4.61034934043729,"Gtpbp8","GSE41345",FALSE
-0.31523120675,1.07560521144445,-1.4743160767157,0.170756150133308,0.590052931837169,-4.52862999170222,"Gucy1a3","GSE41345",FALSE
0.0484415974000004,1.19195324344444,0.733682296856233,0.479763857711332,0.78071930765997,-5.13147552682124,"Gucy1b3","GSE41345",FALSE
0.0922550350500006,2.977833508,1.28338317478927,0.227914359550209,0.620663703122923,-4.71131273625472,"Guk1","GSE41345",FALSE
0.0547435540000003,-0.137536724555555,0.451487727037657,0.661141789213529,0.86803906352612,-5.26887436148459,"Gusb","GSE41345",FALSE
0.1505710399,-0.245110500222222,0.747655768133788,0.471652461852288,0.776012270749723,-5.1231455711662,"Gyltl1b","GSE41345",FALSE
-0.194933652849999,1.88008753555555,-1.36703953163131,0.201155414556515,0.603955273419923,-4.63316600258181,"Gzf1","GSE41345",FALSE
-0.224650950200001,1.75679834544444,-0.922689966189241,0.377603163422067,0.728482308009748,-5.00756466450503,"H13","GSE41345",FALSE
0.0867557607999998,0.0359279351111111,0.800847268711389,0.441582424567696,0.758336071686369,-5.0901940601306,"H1f0","GSE41345",FALSE
0.32810309875,0.588225517444445,1.84112454627271,0.095013697328347,0.573793150721065,-4.14181950081168,"H1fx","GSE41345",FALSE
0.0127144226000003,0.769063900888889,0.191393264136064,0.851996038938218,0.953955600436375,-5.33962132972748,"H2-DMa","GSE41345",FALSE
0.0340090643500012,1.92940546811111,0.600899318124515,0.561099372762512,0.817337994466016,-5.20360970651615,"H2-Ke6","GSE41345",FALSE
0.0790929565499998,0.806702463333333,1.19519593340949,0.259217526268432,0.641851050902518,-4.7901639071419,"H2afx","GSE41345",FALSE
-0.00277525025000023,1.71058358444444,-0.0485304944035648,0.962236154966988,0.99194211377848,-5.35429891189506,"H2afy","GSE41345",FALSE
0.117085528549996,2.26019544588889,1.98300947492651,0.0751012797138652,0.564707806576065,-3.98320605153618,"H2afz","GSE41345",FALSE
-0.1180770129,1.540540091,-1.85132191830716,0.0934334190536149,0.573793150721065,-4.13055236523646,"H3f3a","GSE41345",FALSE
-0.0198608139499984,2.49255235377778,-0.242030314951306,0.813581872507123,0.937488042134582,-5.33025478110492,"H3f3b","GSE41345",FALSE
0.1665255304,0.393066282444444,2.53229409984465,0.0294657479334878,0.537623773850961,-3.34708620158169,"Habp4","GSE41345",FALSE
-0.0613972840999998,0.762439906777778,-0.334802850446304,0.744597164652208,0.90748181378244,-5.30751894763052,"Hace1","GSE41345",FALSE
-0.00153098660000042,1.31344608111111,-0.0121144864805443,0.990569340287662,0.997703222706498,-5.3552466760193,"Hadhb","GSE41345",FALSE
0.064057492899999,1.71044083544444,0.706998152696725,0.495495427876628,0.790710958640946,-5.14699877670301,"Hagh","GSE41345",FALSE
0.1150368092,4.52648738055556,1.02733569535419,0.328147589962582,0.697009031408964,-4.92911547575553,"Haghl","GSE41345",FALSE
-0.0773518318500032,2.64074125466667,-0.377598144837923,0.713513392405329,0.895309290345875,-5.29463087144845,"Hap1","GSE41345",FALSE
-0.0135802781999999,0.226388709,-0.170405044766014,0.868044065915081,0.960877194250267,-5.34286778160853,"Hapln2","GSE41345",FALSE
0.0210114356500029,2.21177980544445,0.208390762934833,0.839050659185188,0.947136437588345,-5.3367186246526,"Hapln4","GSE41345",FALSE
-0.0276819937499999,0.830164475666667,-0.212566749389736,0.835877719572472,0.947052648798916,-5.33596809588688,"Hars2","GSE41345",FALSE
-0.0588227752000014,1.73631082355556,-0.985541296608747,0.347292320931826,0.710557775912246,-4.96124152650178,"Hat1","GSE41345",FALSE
0.0112397636999994,0.381432678333333,0.164244337630321,0.8727669638983,0.962677996268401,-5.34374972103254,"Hax1","GSE41345",FALSE
0.418277431449999,3.68316073644444,3.10463019567042,0.0109867575926743,0.537623773850961,-2.68566707371603,"Hba-a1","GSE41345",FALSE
-0.1345242102,-0.135701589666667,-0.62824021187358,0.543737888368425,0.811641100947509,-5.18981614520848,"Hbb-b2","GSE41345",FALSE
-0.180641876449995,2.01661554277778,-1.58292329269582,0.144103151246365,0.579936514910764,-4.41838633393767,"Hbp1","GSE41345",FALSE
-0.199719889349998,2.11002176233333,-1.85504112904663,0.0928631216162245,0.573793150721065,-4.12643744451545,"Hbs1l","GSE41345",FALSE
-0.04693057425,0.230579631,-0.688306162319965,0.506702415828687,0.795639872514673,-5.15756941868846,"Hccs","GSE41345",FALSE
0.0234450260500002,1.49952880777778,0.315054261291313,0.759108959913095,0.915129841206041,-5.31295821970454,"Hcfc1","GSE41345",FALSE
0.120202783599995,1.85012136377778,1.66714109358983,0.126032999884294,0.573793150721065,-4.33021190332951,"Hcn2","GSE41345",FALSE
0.0771863571000001,0.399074315,1.07284727156202,0.30821039242878,0.67958968631025,-4.89297499139055,"Hdac1","GSE41345",FALSE
0.00985089274999972,1.20582949955556,0.12754750138733,0.901001373778072,0.97233982170878,-5.34833380490663,"Hdac11","GSE41345",FALSE
-0.0100256398999932,2.37074340444445,-0.165601188808879,0.871726323281699,0.962387528484949,-5.34355825003198,"Hdac2","GSE41345",FALSE
-0.0875752470499983,1.88355511677778,-1.46173256585685,0.174104868980759,0.590052931837169,-4.54112722290311,"Hdac3","GSE41345",FALSE
0.204207814700003,3.31067047155556,0.876037488839611,0.40128792591619,0.737229511983732,-5.04034786186701,"Hdac5","GSE41345",FALSE
0.0465741583,-0.0721542708888889,0.628485407553922,0.543583592349927,0.811641100947509,-5.18968991649061,"Hdac6","GSE41345",FALSE
0.00138603540000014,0.128003439333333,0.0258936706273119,0.97984471049356,0.996535899435461,-5.35502189618393,"Hdac8","GSE41345",FALSE
0.0462570048999997,0.421764937444445,0.249967153425281,0.807604625018581,0.936246852256042,-5.32859084283649,"Hdc","GSE41345",FALSE
0.42984560655,4.404123628,1.35066215474505,0.20617672421567,0.60599416791512,-4.64870795971981,"Hdgf","GSE41345",FALSE
0.125632095499998,2.66931283188889,1.3061520223588,0.220355069342776,0.617688005795592,-4.69035423239116,"Hdgfrp2","GSE41345",FALSE
-0.0887404832000001,0.0864462144444445,-0.977748817670914,0.350950927164946,0.710557775912246,-4.96711609059418,"Hdhd3","GSE41345",FALSE
-0.0542967227999982,2.669233092,-0.716617340544482,0.489788054863436,0.78728806312102,-5.14146130595525,"Hdlbp","GSE41345",FALSE
0.00260848035000038,1.071488814,0.0242285377048379,0.9811405396877,0.996582008029983,-5.35505771610684,"Heatr1","GSE41345",FALSE
0.00309490650000011,-0.0324589329999999,0.0252704084321665,0.980329734674996,0.996535899435461,-5.35503558229759,"Heatr3","GSE41345",FALSE
0.0697569798000004,1.38683560533333,0.955816003859716,0.361399388697968,0.71794356699861,-4.98345278248868,"Hebp1","GSE41345",FALSE
0.00743521089999997,0.0240148897777778,0.149549787779182,0.884052841406212,0.967272063968532,-5.34572302065998,"Heca","GSE41345",FALSE
-0.276997942700001,1.79505552044445,-1.34395581367074,0.208262972804215,0.606675670396084,-4.65503876611248,"Hectd2","GSE41345",FALSE
-0.0635038133500003,0.462773298555556,-0.649448800398833,0.530485278450317,0.807740718365021,-5.17873292773465,"Helb","GSE41345",FALSE
0.18674425405,0.138930385444444,1.85195350887256,0.0933363445321151,0.573793150721065,-4.1298537832589,"Helz","GSE41345",FALSE
0.193679896099999,0.896111149222222,0.975342576791544,0.352086344192309,0.710557775912246,-4.96892268295622,"Hemk1","GSE41345",FALSE
-0.0149723691500023,2.39262324211111,-0.186670033928698,0.85560164110998,0.954948543501973,-5.3403844962471,"Herc2","GSE41345",FALSE
-0.14253048265,0.0756323052222221,-0.989083623491171,0.345638461054669,0.709874904317257,-4.95855895902923,"Herc3","GSE41345",FALSE
-0.339790641050001,-0.483290309888889,-1.675350390936,0.124384789259595,0.573793150721065,-4.32150261262226,"Herc4","GSE41345",FALSE
-0.138036842550003,4.128557638,-1.65553886051014,0.128395830496503,0.573793150721065,-4.34248736439368,"Herpud1","GSE41345",FALSE
0.1220744969,0.432195661555555,1.63199035733139,0.13331376889787,0.57817881478681,-4.36727935423719,"Hes1","GSE41345",FALSE
0.29770785215,0.337992243555555,1.98490802588959,0.0748634524591222,0.564707806576065,-3.98105907200912,"Hes5","GSE41345",FALSE
0.26785288205,0.392934366555556,2.87865580146384,0.0162066575327331,0.537623773850961,-2.94397057526064,"Hes6","GSE41345",FALSE
0.0307748308999999,0.939975036222222,0.554656868319865,0.591153860015578,0.834308439857737,-5.22565421983649,"Hexa","GSE41345",FALSE
-0.0892203564999999,0.980505113222222,-0.702737726719834,0.498036320054961,0.792438596723663,-5.14943022100613,"Hexb","GSE41345",FALSE
-0.0378834647499996,0.977342345555556,-0.573520614319442,0.578790709431322,0.827501143380105,-5.21685813015698,"Hexdc","GSE41345",FALSE
-0.00355219455000042,-0.151340714333333,-0.0449565220700785,0.965015090502346,0.992747428297358,-5.354442284653,"Hexim2","GSE41345",FALSE
0.0508075760500002,2.02444003811111,0.965943881300698,0.356546925974323,0.714835980344854,-4.97594548637545,"Hey1","GSE41345",FALSE
0.1022933127,0.561943769333333,0.682371865603834,0.510292333587955,0.796866349704223,-5.16087265528732,"Hgs","GSE41345",FALSE
0.0769379347499957,2.56334116366667,1.27997521422357,0.229063942358818,0.622322174389639,-4.71442912834596,"Hibadh","GSE41345",FALSE
-0.2140762408,0.261735021888889,-1.87986439740058,0.0891384596800405,0.573793150721065,-4.09889902150998,"Hif1a","GSE41345",FALSE
-0.0367174978000003,-0.139283844111111,-0.520919842833228,0.613608733941093,0.845364080974348,-5.24070287506898,"Higd1b","GSE41345",FALSE
0.16178216795,2.91969651255556,1.6834612408952,0.122775387341558,0.573793150721065,-4.31287878926044,"Hint1","GSE41345",FALSE
0.326440682449999,1.59019521955556,1.94781640419625,0.0796403099860208,0.572386052113846,-4.02289550449422,"Hint2","GSE41345",FALSE
-0.0858530066499999,0.419778257555555,-0.66450621717276,0.521192198664231,0.801088771064833,-5.1706628438325,"Hint3","GSE41345",FALSE
-0.1178318275,-0.0694939057111111,-1.74332959694121,0.111465125631392,0.573793150721065,-4.24866280212552,"Hip1","GSE41345",FALSE
0.0840858467500001,0.00624627244444446,1.18480413057173,0.263123348338992,0.6436898197403,-4.79920256073728,"Hip1r","GSE41345",FALSE
-0.0224204554499975,1.71776494533333,-0.184767485479829,0.857054990150543,0.955858511062868,-5.34068656237427,"Hist1h1c","GSE41345",FALSE
-0.0908223289000002,0.079042111888889,-0.749712486545164,0.470465963415102,0.775441422965574,-5.12190793042878,"Hist2h2bb","GSE41345",FALSE
0.2019269644,0.782801253111112,2.15063359940436,0.0566381262414179,0.552658308806149,-3.79167832226094,"Hk1","GSE41345",FALSE
-0.0740021343,0.275273875333333,-1.1575767583119,0.27357893173877,0.651868544930035,-4.8226216052237,"Hk2","GSE41345",FALSE
-0.17251994795,1.12028802477778,-2.27508768981691,0.0458280351234018,0.551749088057453,-3.64750981435948,"Hmg20a","GSE41345",FALSE
0.0206994856000002,0.0956507027777777,0.309414937083483,0.763271214327625,0.916688910181999,-5.3144522110169,"Hmg20b","GSE41345",FALSE
-0.0774116726000004,-0.183764462222222,-1.14664527553103,0.27786785304141,0.653890612640146,-4.83191542910514,"Hmgb2","GSE41345",FALSE
-0.019818860400003,3.513332539,-0.176270564822125,0.863552504893147,0.958172779356687,-5.34199813789992,"Hmgcl","GSE41345",FALSE
0.143192242000001,3.58021755444445,1.5365113918518,0.15501109149789,0.580042267756514,-4.46600342807119,"Hmgcs1","GSE41345",FALSE
-0.0413740376999999,0.275118927,-0.408951367660366,0.691079918662596,0.883254635185195,-5.28423996738457,"Hmgcs2","GSE41345",FALSE
0.0510444570499957,2.52576832355556,0.933990107402242,0.372018375062277,0.725044125295751,-4.99941627749028,"Hmgn1","GSE41345",FALSE
0.00503882074999899,5.02665562688889,0.0460148406461577,0.964192143996186,0.992310264991324,-5.35440097120152,"Hmgn3","GSE41345",FALSE
-0.146808827650001,1.54633676955556,-2.50998409005281,0.0306207908662146,0.537623773850961,-3.37318735590082,"Hmox2","GSE41345",FALSE
0.263111719950004,4.050881037,2.60844027248545,0.0258388431222668,0.537623773850961,-3.25804768016271,"Hn1","GSE41345",FALSE
-0.247406524450005,3.13448735088889,-1.66647311473794,0.126167970850725,0.573793150721065,-4.33091970859162,"Homer1","GSE41345",FALSE
0.0335091500999988,3.181144797,0.440522457086963,0.668802525399361,0.870617866134646,-5.27297422213276,"Hp1bp3","GSE41345",FALSE
0.230858248149997,3.81874872944444,1.82952761837134,0.0968407989636631,0.573793150721065,-4.15460551351865,"Hpca","GSE41345",FALSE
0.20591644255,0.425971228111111,1.25822872292917,0.23651189060715,0.627422127475989,-4.73418672332799,"Hpcal1","GSE41345",FALSE
0.0331975051999914,2.83987244055556,0.381118634382762,0.710979661266802,0.894716938874813,-5.293503948257,"Hpcal4","GSE41345",FALSE
-0.386041726949997,3.60936113833333,-1.13747464528016,0.281506475015792,0.656983597550459,-4.839663501922,"Hprt","GSE41345",FALSE
-0.3300850083,0.476289056666667,-2.14664777609522,0.0570219594280186,0.552658308806149,-3.79627254661009,"Hps3","GSE41345",FALSE
-0.0698169871000008,0.628477231555556,-0.984443946484251,0.347805833719538,0.710557775912246,-4.96207100763931,"Hps6","GSE41345",FALSE
-0.0276727100999999,0.397460198333333,-0.157797490024407,0.87771482852019,0.965341900844179,-5.34463807408727,"Hr","GSE41345",FALSE
-0.1641324132,0.22625566,-1.86919277512459,0.0907224238866037,0.573793150721065,-4.1107535049583,"Hrasls","GSE41345",FALSE
0.0320143135500002,0.299480165,0.261169296562247,0.799190369298797,0.931649799439166,-5.32615238777906,"Hrh3","GSE41345",FALSE
-0.279626580699997,4.39521965488889,-1.16288316286677,0.271515873509367,0.651405589965622,-4.81808756886862,"Hrsp12","GSE41345",FALSE
-0.14660895865,0.724491611222222,-2.68040968352166,0.0228198625985802,0.537623773850961,-3.17403182990088,"Hs2st1","GSE41345",FALSE
-0.0754158758999997,1.66225118133333,-1.30737175873559,0.219956027078866,0.617688005795592,-4.6892247817945,"Hs3st1","GSE41345",FALSE
-0.2186717759,-0.140455890555556,-2.29992497089036,0.0439233410940772,0.551749088057453,-3.61860196577018,"Hs3st3a1","GSE41345",FALSE
-0.0413957092500002,0.574697745,-0.70342237506337,0.49762746116488,0.792401416689134,-5.14904036681097,"Hs6st1","GSE41345",FALSE
0.000689225849999011,2.682612783,0.00983010566574085,0.992347572261052,0.99802662951271,-5.35526819234088,"Hsbp1","GSE41345",FALSE
-0.111707148850005,5.03053686588889,-0.425861970725934,0.679107223639215,0.877462907715235,-5.27830531610354,"Hsd11b1","GSE41345",FALSE
-0.204196901700002,1.37766315566667,-1.67149460444888,0.125156504070684,0.573793150721065,-4.32559565952954,"Hsd17b12","GSE41345",FALSE
-0.0373184452500033,1.87584083433334,-0.755655626814701,0.467048129875994,0.772789665710527,-5.11831498831588,"Hsd17b4","GSE41345",FALSE
-0.0499670263000001,1.47533436055556,-0.6301936131954,0.542509355668977,0.811641100947509,-5.18880927741837,"Hsd17b7","GSE41345",FALSE
0.13973949325,2.25112672944444,2.02075361273593,0.0705040254765554,0.564515411734788,-3.94041650881547,"Hsd3b2","GSE41345",FALSE
-0.20045173475,1.11817437911111,-1.25694728238903,0.236956865856337,0.627621235143651,-4.73534397980466,"Hsd3b7","GSE41345",FALSE
0.0267156216499976,1.98887007822222,0.405908403151199,0.693243955845063,0.884039926840297,-5.28528337361462,"Hsf1","GSE41345",FALSE
-0.0948702035000001,-0.262836975888889,-0.900851683922438,0.388564268249215,0.730895040947702,-5.02308377343179,"Hsf2","GSE41345",FALSE
-0.01364616025,-0.0342408391111111,-0.254435411562308,0.804245238057769,0.934948993897033,-5.32763081806374,"Hspa12b","GSE41345",FALSE
-0.14905651465,-0.194140905444444,-1.79037069186731,0.103251372257655,0.573793150721065,-4.19755296039204,"Hspa1a","GSE41345",FALSE
0.14260419025,3.92094101011111,1.07999432662707,0.305165009343785,0.678724210086633,-4.88719262629763,"Hspa2","GSE41345",FALSE
0.320263716750003,8.40459947766667,1.19802087052147,0.258163794442066,0.641655995747332,-4.78769734529701,"Hspa8","GSE41345",FALSE
-0.126304141750003,4.93867244688889,-1.70489624737878,0.118611976433105,0.573793150721065,-4.28999904684049,"Hspa9","GSE41345",FALSE
0.1128859553,0.064433357888889,1.18863540743264,0.261677919803942,0.642386604652324,-4.79587655910585,"Hspb1","GSE41345",FALSE
-0.0845234238,1.17070587066667,-0.773509582831419,0.456876457155572,0.766731438747271,-5.10737344978058,"Hspb6","GSE41345",FALSE
-0.1809301401,0.191041325,-1.73885203626011,0.112277160550136,0.573793150721065,-4.25349860518046,"Hspb8","GSE41345",FALSE
-0.420542721049994,3.34507793677778,-3.11081682233402,0.0108708290531609,0.537623773850961,-2.6786711797577,"Hspd1","GSE41345",FALSE
-0.0299625805,0.631184285555555,-0.219658691930269,0.83049630413932,0.944989364118815,-5.33465975734702,"Hspe1","GSE41345",FALSE
0.16284792835,0.163255293444445,1.30300362352837,0.22138784872279,0.617688005795592,-4.69326645862056,"Hspg2","GSE41345",FALSE
0.0709572548500006,1.39943030311111,0.770626472055443,0.458509237658717,0.768193383891333,-5.10915528703397,"Htatip2","GSE41345",FALSE
-0.157644058750007,2.41792473388889,-2.36831185203206,0.0390679909699593,0.551749088057453,-3.53884408311261,"Htatsf1","GSE41345",FALSE
-0.0654982047999996,0.836177647555556,-0.932156706779017,0.372920452183476,0.725044125295751,-5.00074375306507,"Htr1a","GSE41345",FALSE
-0.0403565870499999,0.166959654888889,-0.460115537825895,0.655142686523506,0.866553044980333,-5.26558104354307,"Htr5b","GSE41345",FALSE
0.0110028705999989,3.75284914811111,0.126515243758202,0.901797881833853,0.972365337177544,-5.34844615299359,"Htra1","GSE41345",FALSE
-0.385176682900002,1.84310246555556,-1.63917207789032,0.131796387861111,0.575453838946826,-4.35973609620615,"Hus1","GSE41345",FALSE
0.0509916266499995,1.21327871577778,0.97491133429925,0.352290114868978,0.710557775912246,-4.96924608673972,"Hyal2","GSE41345",FALSE
-0.0616443512499943,1.95246433655556,-0.441548566784335,0.668083940089073,0.870617866134646,-5.27259464055515,"Iars","GSE41345",FALSE
-0.0177354726999996,0.450887113888889,-0.259093876099126,0.800747285058879,0.932387106569367,-5.32661209928292,"Iars2","GSE41345",FALSE
-0.116406659200001,0.683849026222222,-1.12686314484035,0.285763186087096,0.659844798338244,-4.84857299145869,"Ibtk","GSE41345",FALSE
0.0469200062,1.13761789888889,0.526813231454756,0.609654948334731,0.84232600121974,-5.23813760963882,"Ica1","GSE41345",FALSE
0.007099951,0.0944253367777778,0.109514431180069,0.914931744069805,0.977755249711254,-5.3501655822825,"Icam2","GSE41345",FALSE
0.1328474239,1.32221723711111,1.46751840226466,0.172558182789555,0.590052931837169,-4.53538851706026,"Icam5","GSE41345",FALSE
-0.0318407861000002,0.548341620111111,-0.499839018713453,0.627857343409028,0.849553148057883,-5.24965722952245,"Ick","GSE41345",FALSE
0.0755280034000001,0.794561185111111,0.943630733918771,0.367300641240764,0.721299506922576,-4.9924015076101,"Icmt","GSE41345",FALSE
0.14610285595,0.625169875444445,1.97935507302629,0.0755610582583035,0.564707806576065,-3.98733698838351,"Ict1","GSE41345",FALSE
-0.0504696059000003,0.374837140444445,-0.326779664949123,0.750480586090308,0.910652934469062,-5.3097676034146,"Id2","GSE41345",FALSE
-0.1578813138,0.898877177,-2.56380207326167,0.0279075460291918,0.537623773850961,-3.31023167844657,"Ide","GSE41345",FALSE
-0.230890086,1.2824817,-2.60272790594833,0.0260948354841143,0.537623773850961,-3.26472318009894,"Idh1","GSE41345",FALSE
0.0150545156499999,0.759178796444445,0.127049254769088,0.901385815286248,0.97233982170878,-5.34838814624001,"Idh2","GSE41345",FALSE
0.00879027530000196,2.37541269222222,0.155479511557007,0.879495204716854,0.965780779034111,-5.3449488424537,"Idh3a","GSE41345",FALSE
0.0171318063999971,2.88704274977778,0.28179801757214,0.783766474784151,0.928412698091011,-5.32138716035075,"Idh3b","GSE41345",FALSE
-0.062605030850001,5.06891954644444,-0.508692184664301,0.621853470175016,0.848145032547552,-5.24593902819953,"Idh3g","GSE41345",FALSE
-0.319609110150001,3.667752497,-2.39638187497278,0.037230321987752,0.548535783677393,-3.50605347647235,"Ids","GSE41345",FALSE
0.0162938867499999,0.712256304444444,0.158526549573634,0.87715500474319,0.965341900844179,-5.34453938499019,"Ier3","GSE41345",FALSE
-0.118262937900001,1.97951586766667,-2.36334465158177,0.0394022830552026,0.551749088057453,-3.54464389748792,"Ier3ip1","GSE41345",FALSE
0.0638503706499999,0.657095477111111,0.514333855191593,0.618042561276407,0.846723345970367,-5.24353763171839,"Ier5l","GSE41345",FALSE
0.0779409177999999,0.941413738111111,0.576205623130123,0.577042416611479,0.826416412310977,-5.21558402516574,"Ifitm2","GSE41345",FALSE
0.00301373695000014,1.24318606644444,0.0225425836022591,0.982452630706377,0.997040630069024,-5.35509155945389,"Ifitm3","GSE41345",FALSE
-0.0226865745,0.043882818,-0.411443649912985,0.689309671060423,0.883254635185195,-5.28337981090209,"Ifngr1","GSE41345",FALSE
0.144358193199996,1.76332016977778,1.22532176772562,0.248156068356496,0.636522478598047,-4.7636538813872,"Ifngr2","GSE41345",FALSE
0.00620286170000011,0.165309054222222,0.0867304287945568,0.932574757385489,0.983216698131415,-5.3520824738401,"Ift140","GSE41345",FALSE
-0.0382302757500038,2.28329042833333,-0.275233713019089,0.78866427919594,0.928819625483433,-5.32294208951056,"Ift172","GSE41345",FALSE
0.0915724962999997,4.93668934044444,0.619326623253199,0.549364030987343,0.813639591268479,-5.19437452034077,"Ift20","GSE41345",FALSE
-0.0855664129499999,1.22012057433333,-1.225163503335,0.248213170322533,0.636522478598047,-4.76379432822275,"Ift52","GSE41345",FALSE
-0.178345647049998,3.22135589077778,-1.45918546634179,0.174789540590933,0.590052931837169,-4.54364952396319,"Ift81","GSE41345",FALSE
-0.0288485629999999,0.189458872444444,-0.532544188995289,0.605822702587778,0.840972840261782,-5.23561718336695,"Ift88","GSE41345",FALSE
-0.0571794932500007,1.01035257988889,-0.982131850186389,0.348889617504611,0.710557775912246,-4.96381633485071,"Igbp1","GSE41345",FALSE
0.16503171955,-0.094371622888889,2.26582600403991,0.0465585787836852,0.551749088057453,-3.65827969232568,"Igf1r","GSE41345",FALSE
0.331842365949995,3.18997846477778,1.28574589455744,0.227120144425519,0.620458769413808,-4.70914898876817,"Igf2","GSE41345",FALSE
0.0603767625500001,0.679236539888889,0.575341833666821,0.577604543517107,0.826577671100105,-5.21599451430989,"Igf2r","GSE41345",FALSE
0.75130946085,2.06224576833333,1.20675670518417,0.254926893577726,0.641365508558957,-4.78004430991045,"Igfbp2","GSE41345",FALSE
-0.0287318567499998,0.206903781888889,-0.450630795355765,0.661739014977377,0.868235354607994,-5.26919822240411,"Igfbp3","GSE41345",FALSE
0.0831904666500026,2.81909177333333,1.02635942279229,0.32858562843275,0.697108204877566,-4.92987764992254,"Igfbp4","GSE41345",FALSE
0.00356565490000623,2.13839211911111,0.0359076836152387,0.972053102187464,0.994556490641638,-5.35475629295228,"Igfbp5","GSE41345",FALSE
0.0615443530499998,0.274602626,0.429779693523458,0.676346600779447,0.875270912053587,-5.27689757390329,"Igfbp6","GSE41345",FALSE
0.138041456500004,1.95411418544445,1.04192121619831,0.321655262366285,0.691624276707519,-4.91766265179885,"Igfbp7","GSE41345",FALSE
-0.0907142753000002,1.43414342211111,-0.56117131074262,0.586868521887352,0.832219505437654,-5.22264734791663,"Igsf1","GSE41345",FALSE
-0.0108128519999999,-0.068704364,-0.066987495861126,0.947894231609657,0.986441609221544,-5.35338414471537,"Igsf11","GSE41345",FALSE
0.0215790264000001,0.412952598,0.310762467454828,0.762275909264564,0.916191806089253,-5.3140976148696,"Igsf3","GSE41345",FALSE
-0.00415638739999993,-0.00087839288888882,-0.0514301668808732,0.959981907205423,0.991234389442454,-5.35417453894432,"Igsf9","GSE41345",FALSE
-0.143124058950001,1.71994836533333,-1.71423725322738,0.11683782970016,0.573793150721065,-4.27998881743272,"Ik","GSE41345",FALSE
0.0440835787499996,1.01304531866667,0.630059545127959,0.542593622685718,0.811641100947509,-5.18887847261,"Ikbkap","GSE41345",FALSE
-0.03148381315,-0.0495625284444444,-0.442985773142982,0.667078053503443,0.870617866134646,-5.27206156873122,"Ikbkb","GSE41345",FALSE
-0.11782030985,0.500772252444444,-1.98609851094085,0.0747146843443547,0.564707806576065,-3.9797125125935,"Ikbkg","GSE41345",FALSE
0.1079217304,0.253825670111111,1.3019655009496,0.221729262747842,0.618120880064881,-4.69422571827928,"Ikzf5","GSE41345",FALSE
0.10831333365,0.500771726,1.09944679937109,0.29699294590473,0.671028416755176,-4.87131031253899,"Il16","GSE41345",FALSE
0.02318218015,0.300046119777778,0.356766142264809,0.728580184718007,0.900147499235423,-5.30109213940589,"Il17d","GSE41345",FALSE
-0.16161766085,0.671539745111111,-1.38777257610006,0.194946521945574,0.598730395963173,-4.61332697430588,"Il18","GSE41345",FALSE
-0.6675077536,0.369428966888889,-2.36813251138311,0.0390800122473358,0.551749088057453,-3.53905350069109,"Il1rap","GSE41345",FALSE
-0.0689255803500018,1.96099854933333,-1.07122097928353,0.308906588742651,0.67958968631025,-4.89428674588396,"Ilf2","GSE41345",FALSE
-0.31548138535,1.43803058655556,-2.52877674400788,0.029644948801495,0.537623773850961,-3.35120106137767,"Ilf3","GSE41345",FALSE
0.0403229514499999,1.67543952855556,0.515470048453645,0.617276498023839,0.84604722800647,-5.24305100161961,"Ilk","GSE41345",FALSE
-0.0513448765499956,2.07214373966667,-0.470215781327524,0.648152287993615,0.86148839876386,-5.26165048656633,"Ilvbl","GSE41345",FALSE
-0.0557673922999995,0.302263213111111,-0.961562935253241,0.358640086814826,0.716410933064045,-4.97920057537023,"Immp2l","GSE41345",FALSE
-0.125217797099997,2.28088771733333,-2.09785290492511,0.06192702118605,0.562699041155405,-3.85237469460145,"Immt","GSE41345",FALSE
-0.164662550199998,2.81662752655556,-2.19360432726341,0.0526542687659435,0.551749088057453,-3.74204897606356,"Impact","GSE41345",FALSE
-0.1751662405,1.42968097355556,-2.53861568566473,0.0291463662911673,0.537623773850961,-3.3396910117317,"Ina","GSE41345",FALSE
-0.0796478625499999,0.704649576777778,-1.44271763638707,0.179272245913362,0.590052931837169,-4.55989667663314,"Ing1","GSE41345",FALSE
-0.3561049436,0.414006599777778,-2.92334916046055,0.0150048928680798,0.537623773850961,-2.89249397484825,"Ing3","GSE41345",FALSE
-0.000808402650003034,2.28785026033333,-0.00632411443209544,0.995076824988401,0.998627926207612,-5.35529250159406,"Ing4","GSE41345",FALSE
0.0132865188499999,0.0512285058888889,0.153000298097163,0.881400199346158,0.966492977887079,-5.34527616686307,"Inhba","GSE41345",FALSE
-0.1370408389,-0.164995156111111,-1.28158833075905,0.228519209624233,0.621891002952975,-4.71295469638097,"Inpp4b","GSE41345",FALSE
-0.00889513025000004,1.06728777977778,-0.0841211794694052,0.934597887751768,0.983216698131415,-5.35227364928859,"Inpp5a","GSE41345",FALSE
-0.13541404835,0.580874144111111,-2.19512822399106,0.0525180479503009,0.551749088057453,-3.74028577781607,"Inpp5e","GSE41345",FALSE
-0.27302943555,0.945420732,-2.94467343935357,0.0144636539976007,0.537623773850961,-2.86799487208236,"Inpp5f","GSE41345",FALSE
0.335990926850003,2.53030011222222,2.69558747534633,0.0222295494754511,0.537623773850961,-3.1563389075537,"Inppl1","GSE41345",FALSE
-0.392964525749998,1.36042602966667,-1.95523127399621,0.0786631154657143,0.572386052113846,-4.01455081997011,"Insig1","GSE41345",FALSE
-0.182092443299997,1.9892694,-1.28704815316003,0.22668337051526,0.620458769413808,-4.70795529037717,"Insig2","GSE41345",FALSE
0.0929655038000002,0.285192863888889,1.01607883179298,0.333224922861274,0.699023829446508,-4.93786984620432,"Insm1","GSE41345",FALSE
0.0403439464500002,0.198361844666667,0.549156719204449,0.594784858586883,0.836240137393894,-5.22816755196336,"Ints5","GSE41345",FALSE
-0.0607059604000046,1.69709733355556,-0.57017870656977,0.580970733842958,0.828738955594799,-5.21843627489706,"Ipmk","GSE41345",FALSE
0.0754549573999994,1.72629092222222,1.12814074251947,0.285248046324473,0.659844798338244,-4.84750350659995,"Ipo13","GSE41345",FALSE
0.1221978136,0.867708911777778,1.53476265695689,0.155435875187272,0.580042267756514,-4.46778319652823,"Ipo4","GSE41345",FALSE
-0.0794198259500001,0.173395218777778,-0.810579851665655,0.436219981507585,0.754805695723738,-5.08395490045456,"Ipp","GSE41345",FALSE
0.0215388757000001,0.690304556444444,0.289451134837188,0.778068748937691,0.924769581919526,-5.31952893766119,"Iqce","GSE41345",FALSE
-0.0141829469500006,0.674355250222222,-0.144531738779597,0.887913226637798,0.968757882391497,-5.34635478210985,"Iqgap1","GSE41345",FALSE
-0.000460509850000187,1.30624602755556,-0.003526258121966,0.997254876763642,0.998627926207612,-5.35530433078538,"Iqgap2","GSE41345",FALSE
0.0586721614500001,0.13867184,1.00697221620519,0.337375006862366,0.702469925518955,-4.94489748925372,"Iqsec2","GSE41345",FALSE
0.100167818749999,2.12868401455556,1.05760992419959,0.314780349139834,0.683083988720866,-4.90520672690651,"Iqsec3","GSE41345",FALSE
-0.0245224998500003,0.705103507777778,-0.236179700504129,0.817996040863042,0.939456623564637,-5.33144745307377,"Irak2","GSE41345",FALSE
-0.17691815925,0.0867834109999999,-2.56540776344316,0.0278303605270182,0.537623773850961,-3.30835387969576,"Ireb2","GSE41345",FALSE
-0.0661596220000009,1.92537807555556,-0.926051789006529,0.375935474510855,0.726933511487056,-5.00514886406263,"Irf2","GSE41345",FALSE
0.0448766837500052,1.77936049077778,0.706780413687993,0.495625092259375,0.790710958640946,-5.1471233567379,"Irf2bp1","GSE41345",FALSE
0.225200634,1.20042487466667,1.68872829961256,0.121740323415656,0.573793150721065,-4.30726862192414,"Irf3","GSE41345",FALSE
0.110658987650002,1.77996988888889,0.85535039340479,0.412113731095482,0.741338126922284,-5.0544354131085,"Irs2","GSE41345",FALSE
-0.0550346253500014,2.62524317711111,-0.866756410478626,0.406120294441858,0.739469790865792,-5.04670268753143,"Isca1","GSE41345",FALSE
-0.06904644095,0.417441551111111,-0.857385088936999,0.411040159016806,0.740973672484891,-5.05306224049843,"Isg20l2","GSE41345",FALSE
0.2234967758,1.25974742555556,1.84083154836238,0.0950594653079673,0.573793150721065,-4.14214290380467,"Islr2","GSE41345",FALSE
0.0194054690500003,1.14794112211111,0.331835939172938,0.746770828552324,0.908994759447109,-5.30835667199433,"Isy1","GSE41345",FALSE
0.12580514905,0.113634360777778,1.53188963726728,0.156135967990268,0.580042267756514,-4.4707048842053,"Isyna1","GSE41345",FALSE
-0.1541830448,0.313801107111111,-1.44373336971917,0.178992927738712,0.590052931837169,-4.55889760105715,"Itga3","GSE41345",FALSE
-0.1082973297,-0.0301642813333333,-1.79330578117464,0.102757687839571,0.573793150721065,-4.19434609535242,"Itgav","GSE41345",FALSE
-0.0821986636999995,1.32224890877778,-1.33059512735332,0.212471863623053,0.610235545672019,-4.66759262149827,"Itgb1bp1","GSE41345",FALSE
0.0917057736500001,1.35458535322222,0.543735641135516,0.598375125864551,0.838189183566567,-5.2306219671632,"Itgb4","GSE41345",FALSE
0.11309638905,1.147680851,1.48466200118876,0.168044674289729,0.5897571471234,-4.51831032136641,"Itgb5","GSE41345",FALSE
-0.1681198461,0.023541987,-1.55151908165082,0.151407178498553,0.580042267756514,-4.45068588880652,"Itgbl1","GSE41345",FALSE
-0.12538281835,0.461593903555556,-1.27968848815365,0.229160878203359,0.622322174389639,-4.71469107669485,"Itih3","GSE41345",FALSE
-0.22067278985,1.53901056811111,-2.73194651196588,0.0208767574764455,0.537623773850961,-3.11399903768299,"Itm2a","GSE41345",FALSE
0.169679733850002,6.53679576644444,1.50896917480791,0.161820456659728,0.582920175104468,-4.49390920311486,"Itm2b","GSE41345",FALSE
0.128204760950003,2.04087754455555,1.90193202319452,0.085944067196902,0.573793150721065,-4.07431295934491,"Itpk1","GSE41345",FALSE
0.203527921600003,2.28661158344445,2.05962613183143,0.0660478251508793,0.564515411734788,-3.89612686224215,"Itpka","GSE41345",FALSE
-0.0457433462000007,0.381893617111111,-0.603878156132032,0.559192857285666,0.816356766996878,-5.20213408347394,"Itpkc","GSE41345",FALSE
0.1222165038,3.36695816733333,1.9080144468433,0.0850825007470914,0.573793150721065,-4.06751965943871,"Itpr1","GSE41345",FALSE
0.11926408165,0.743214944111111,1.60230468616001,0.139752196557783,0.579351577338652,-4.39829041638057,"Itpr2","GSE41345",FALSE
0.0785564739499995,0.400779450222222,1.24502213146384,0.241130593164864,0.630197490903886,-4.7460757559712,"Itsn1","GSE41345",FALSE
-0.00567576989999954,1.361343497,-0.0974987562358891,0.924230814628508,0.980215725067445,-5.35123184366873,"Ivd","GSE41345",FALSE
-0.417949763800006,2.35590119122222,-4.84901766160896,0.000646245976807649,0.519305144899208,-0.957894943649262,"Ivns1abp","GSE41345",FALSE
-0.1914186201,0.882140057333333,-1.53500398088562,0.155377194913002,0.580042267756514,-4.46753765339818,"Jak2","GSE41345",FALSE
-0.05914016315,0.0250047914444444,-0.776679409970759,0.455085656507424,0.765463681039957,-5.10540778856061,"Jph1","GSE41345",FALSE
0.17445268035,1.629806975,1.69920108770741,0.119705566526827,0.573793150721065,-4.29609051896194,"Jph3","GSE41345",FALSE
0.2112692486,0.820372878222222,2.21334409941125,0.0509157600820095,0.551749088057453,-3.71919387004012,"Jph4","GSE41345",FALSE
0.100747678649999,2.19499131466667,1.75229106662065,0.109855915979203,0.573793150721065,-4.23896885995118,"Jtb","GSE41345",FALSE
0.1306733827,1.11762355377778,1.21875971803456,0.250532562299283,0.638421279269976,-4.76946680987282,"Jun","GSE41345",FALSE
0.32329099805,0.680831534222222,3.87321830950321,0.0030144224998132,0.537623773850961,-1.85858666650998,"Junb","GSE41345",FALSE
-0.0544179509000001,0.927806825444445,-0.963393425450113,0.357764419859748,0.715954749743138,-4.97784192893279,"Kars","GSE41345",FALSE
-0.13246011165,0.385028162666667,-1.72318590821844,0.11516074610147,0.573793150721065,-4.27037694749472,"Katna1","GSE41345",FALSE
-0.178747390699999,1.00386295544444,-1.54333277840655,0.153363808766592,0.580042267756514,-4.45905083452993,"Katnal1","GSE41345",FALSE
-0.04651364045,-0.0113089728888889,-0.840704563966849,0.419897855714421,0.744213894696896,-5.06423902717855,"Katnb1","GSE41345",FALSE
-0.120592154250006,2.971712142,-1.71760605410838,0.116203899981059,0.573793150721065,-4.27637286472868,"Kbtbd2","GSE41345",FALSE
-0.1654065744,-0.288937570666667,-1.80257811945089,0.10121224427508,0.573793150721065,-4.18420182345588,"Kbtbd3","GSE41345",FALSE
-0.1892948679,1.305502383,-2.98902915162695,0.0134003128428326,0.537623773850961,-2.81717171718841,"Kbtbd4","GSE41345",FALSE
-0.18232586775,0.641748723,-1.86697100940552,0.0910554571891695,0.573793150721065,-4.11321859761493,"Kbtbd7","GSE41345",FALSE
-0.0854742861,0.176741457,-1.33962553543966,0.209619411592691,0.607884239598586,-4.6591161367128,"Kcmf1","GSE41345",FALSE
-0.1893123996,0.381378421333333,-2.24614983182652,0.0481481882702825,0.551749088057453,-3.68114091638653,"Kcna1","GSE41345",FALSE
-0.00875033015000004,0.904954374777778,-0.0879871420021868,0.931600519639575,0.983216698131415,-5.35198831678342,"Kcna2","GSE41345",FALSE
-0.263736402899996,4.70793282733333,-2.61807006528028,0.0254129336140273,0.537623773850961,-3.24679623262494,"Kcnab1","GSE41345",FALSE
0.153517836950001,3.72437726155556,1.37291192317139,0.199380142816502,0.60280219437867,-4.6275652346359,"Kcnab2","GSE41345",FALSE
-0.0976582926499996,0.223512700777778,-1.45119729927723,0.176951829988111,0.590052931837169,-4.55154375441704,"Kcnab3","GSE41345",FALSE
0.0010834560499995,1.10028725322222,0.0129701029657948,0.989903315586642,0.99767409443427,-5.35523746396941,"Kcnb1","GSE41345",FALSE
-0.0260648297000001,-0.0535130325555555,-0.311197109457335,0.761954973151587,0.916191806089253,-5.313982919805,"Kcnc1","GSE41345",FALSE
0.28851827075,2.77318796755556,1.19097071666441,0.260799983545076,0.642386604652324,-4.79384556707675,"Kcnc4","GSE41345",FALSE
-0.17563272415,1.21971979088889,-2.19923833471154,0.0521523336440314,0.551749088057453,-3.73552922683237,"Kcnd2","GSE41345",FALSE
-0.1093904011,0.342224709555555,-1.07108170393589,0.308966266540989,0.67958968631025,-4.8943990150638,"Kcne1l","GSE41345",FALSE
0.21687661165,0.335679898777778,0.577169310403176,0.576415630537184,0.826046835447068,-5.21512539238133,"Kcne2","GSE41345",FALSE
-0.03828799805,0.959619627777778,-0.391765617131565,0.703339426152015,0.890072955102789,-5.29003441055314,"Kcnf1","GSE41345",FALSE
-0.0235469043999999,1.03855414355556,-0.223812352668993,0.827348712499083,0.943562772348187,-5.33387377403088,"Kcnh1","GSE41345",FALSE
-0.11799738725,0.481824536777778,-0.669141095427448,0.518351215737964,0.799402196014237,-5.16814532494279,"Kcnh2","GSE41345",FALSE
0.1655707612,0.335854096777778,1.52369591219709,0.158147756149599,0.580042267756514,-4.47902149481118,"Kcnh3","GSE41345",FALSE
-0.0894091758499997,-0.211374209888889,-1.17385949670523,0.267287434901367,0.645715959830055,-4.80866240109349,"Kcnip1","GSE41345",FALSE
0.0384419881999998,0.581707315888889,0.219243640638082,0.830810998334197,0.945134190074297,-5.33473749641116,"Kcnip2","GSE41345",FALSE
-0.0505200699500008,1.00750521377778,-0.665990802018002,0.520281205632086,0.800664668905282,-5.16985817322094,"Kcnip3","GSE41345",FALSE
-0.2343793695,0.627317545333333,-2.31064539315749,0.0431251708466435,0.551749088057453,-3.60611373610522,"Kcnip4","GSE41345",FALSE
-0.0332806440499997,-0.144542585555555,-0.278254609814071,0.786409094447494,0.928629158928062,-5.32223097792297,"Kcnj16","GSE41345",FALSE
-0.1047344641,0.0797230878888888,-1.63299798378813,0.133099938508834,0.57817881478681,-4.36622194932657,"Kcnj3","GSE41345",FALSE
0.00311740474999998,1.39099106122222,0.0355508677938552,0.972330682274937,0.994556490641638,-5.35476723528808,"Kcnj4","GSE41345",FALSE
0.0181494498500003,0.433664305555555,0.140502144217145,0.891015421852805,0.970075728066428,-5.34684656870986,"Kcnj9","GSE41345",FALSE
0.03804563095,2.13385932811111,0.467705356193906,0.64988645467936,0.861816153070185,-5.26263499108222,"Kcnk1","GSE41345",FALSE
-0.0873708214500003,0.579638504,-0.901208741954405,0.388383271194473,0.730895040947702,-5.02283247103668,"Kcnk13","GSE41345",FALSE
0.0370530013000001,0.538189191777778,0.274354814404479,0.789320786886778,0.928819625483433,-5.32314754877407,"Kcnk2","GSE41345",FALSE
-0.218475682200001,-0.359961506,-2.01411086264588,0.0712933944039362,0.564515411734788,-3.94796311574422,"Kcnk6","GSE41345",FALSE
-0.140867748650001,1.10077575611111,-2.22860729627835,0.0496095462421806,0.551749088057453,-3.70149969639278,"Kcnma1","GSE41345",FALSE
0.301047481149999,3.07351076511111,2.22857256832369,0.0496124812314968,0.551749088057453,-3.70153997641128,"Kcnmb4","GSE41345",FALSE
-0.0342296101499999,0.174161421333333,-0.57808819290624,0.575818330923359,0.825896428568402,-5.21468742468196,"Kcnn1","GSE41345",FALSE
0.0708415883500001,-0.183146559222222,0.924905955113691,0.376503294870969,0.727456808115962,-5.00597305617493,"Kcnn2","GSE41345",FALSE
-0.00363747399999981,0.124258873888889,-0.0723384510779074,0.9437397003818,0.985766219764999,-5.35306433765822,"Kcns2","GSE41345",FALSE
-0.0772890845,-0.0776064782222223,-1.33320682774129,0.211643596587204,0.609318530695256,-4.66514481920311,"Kcnu1","GSE41345",FALSE
-0.2480730573,0.378129009666666,-1.97917298475731,0.0755840367113945,0.564707806576065,-3.98754276397105,"Kcnv1","GSE41345",FALSE
0.0257456970999998,1.62169722944444,0.444703816260446,0.665876517564304,0.869952144579478,-5.27142216480923,"Kctd10","GSE41345",FALSE
0.0373402918,-0.0208104885555556,0.629821279440676,0.542743400548126,0.811641100947509,-5.18900141328406,"Kctd15","GSE41345",FALSE
0.0333623206499967,2.20756033366667,0.45696458678534,0.657330664760864,0.866553044980333,-5.26679066223679,"Kctd2","GSE41345",FALSE
-0.0123778888999994,0.704123868444444,-0.100445738318348,0.921948947609895,0.979774612634793,-5.35098175842319,"Kctd3","GSE41345",FALSE
0.0559345668499999,1.22793906288889,0.54171093206101,0.599718954547053,0.839002740368425,-5.23153285069739,"Kctd4","GSE41345",FALSE
0.0788871528499999,1.22679934922222,0.849572937255065,0.415172550155351,0.741776913579799,-5.05831964219505,"Kctd5","GSE41345",FALSE
0.101617669549999,2.94230982388889,1.42372482137137,0.184564222223397,0.591109774634124,-4.57850321965684,"Kctd6","GSE41345",FALSE
-0.1856619031,-0.200468129777778,-2.47023513473203,0.0327904265146841,0.541735380587652,-3.41969228047168,"Kctd9","GSE41345",FALSE
-0.25371733655,-0.139230233888889,-2.41924102246832,0.0357965261328665,0.541735380587652,-3.47933375397879,"Kdelc1","GSE41345",FALSE
0.04248066675,0.704777626333333,0.539612454094286,0.601113406429489,0.839274208391953,-5.23247358187866,"Kdelr2","GSE41345",FALSE
0.469023002000005,5.02895720055556,2.98125139476861,0.0135808691463354,0.537623773850961,-2.82606978023601,"Keap1","GSE41345",FALSE
-0.0662314040999931,2.409022427,-0.658431648423314,0.524929616773471,0.803849768830854,-5.1739385585317,"Khdrbs1","GSE41345",FALSE
-0.0955571131500003,0.336353301333333,-1.34505589863511,0.207919546828575,0.606540547208449,-4.65400162530001,"Khdrbs2","GSE41345",FALSE
0.0983749295000003,1.29562056788889,1.0050866888402,0.338239052111858,0.703063572813022,-4.94634643948962,"Khdrbs3","GSE41345",FALSE
0.0530642473500005,0.252010093333333,0.638094651912984,0.537556563807239,0.811057565110411,-5.18470782464421,"Khk","GSE41345",FALSE
0.0437040521999995,0.423975679,0.654175193866686,0.527557836174658,0.805472045966939,-5.17621772900471,"Khsrp","GSE41345",FALSE
0.15436794905,0.837353973555555,2.05068363948359,0.0670487012350706,0.564515411734788,-3.90633430112129,"Kif1a","GSE41345",FALSE
-0.182518115750003,6.01216423644444,-1.21109906531531,0.253330057875937,0.641105786819756,-4.77622594613644,"Kif1b","GSE41345",FALSE
-0.0519595596,1.559009966,-0.820246191300401,0.430937064802865,0.752214781538642,-5.07769482891806,"Kif21a","GSE41345",FALSE
0.0926437956999997,0.357988174111111,1.22559562875181,0.248057284027049,0.636522478598047,-4.76341082278345,"Kif22","GSE41345",FALSE
-0.180296138150001,0.967409300444444,-1.82290114760074,0.097899274188627,0.573793150721065,-4.16189805611857,"Kif2a","GSE41345",FALSE
-0.212801941300001,3.09595413322222,-1.93682780523786,0.0811093850948137,0.572386052113846,-4.03524425449345,"Kif3a","GSE41345",FALSE
-0.1095634171,0.176738863555556,-1.71002775382892,0.117634354009868,0.573793150721065,-4.28450283771899,"Kif3b","GSE41345",FALSE
0.10911935025,3.363940815,1.07360187944715,0.307887760544424,0.67958968631025,-4.89236582527188,"Kif3c","GSE41345",FALSE
-0.0108122089000006,4.18234161722222,-0.0521703963715876,0.959406500312005,0.991198511071867,-5.35414163357219,"Kif5a","GSE41345",FALSE
0.1989334023,3.26763897266667,2.23570323237314,0.0490133435461361,0.551749088057453,-3.6932673692403,"Kif5c","GSE41345",FALSE
-0.264938087100001,4.51290666666667,-1.29879375944392,0.222775067492443,0.618953496542315,-4.69715346436933,"Kifap3","GSE41345",FALSE
0.0820745452999946,2.18041724488889,0.628215164236929,0.543753651686842,0.811641100947509,-5.18982903741604,"Kifc2","GSE41345",FALSE
-0.0207832264499999,-0.0562863413333333,-0.332315157793546,0.746419578030209,0.908994759447109,-5.30822185349261,"Kin","GSE41345",FALSE
-0.16602008775,0.291643532333334,-0.881102920626948,0.398667368085451,0.734940874777411,-5.03685591850594,"Kirrel3","GSE41345",FALSE
0.106572626800001,1.09793809911111,0.241226388152461,0.81418801786438,0.937488042134582,-5.33042037056099,"Kl","GSE41345",FALSE
0.15583736955,0.717897428333333,0.745933548859742,0.472647454011207,0.776910401101212,-5.12417964524568,"Klc2","GSE41345",FALSE
0.194723382099998,1.91651616277778,1.69578153952704,0.120366553905487,0.573793150721065,-4.29974372235106,"Klf13","GSE41345",FALSE
0.0635719077999999,0.773297541444445,0.893307311581096,0.392402448499196,0.731403980883889,-5.02837454599706,"Klf16","GSE41345",FALSE
0.0669563391,0.0531214553333334,1.2103497805795,0.253605021255371,0.641105786819756,-4.77688548631598,"Klf2","GSE41345",FALSE
-0.0861483423000003,0.503454045666667,-0.714649341495891,0.490952403213974,0.78728806312102,-5.14259959750906,"Klf3","GSE41345",FALSE
0.07231102935,0.891353940666666,0.537090789780068,0.602791300029639,0.839365001620938,-5.23359952327107,"Klf5","GSE41345",FALSE
0.134944755700001,1.54436600477778,2.21880879893479,0.0504443299940925,0.551749088057453,-3.71286095164581,"Klf7","GSE41345",FALSE
-0.328619216849998,1.83256365333333,-2.16418302633389,0.0553517390076752,0.551749088057453,-3.77604858896769,"Klhdc1","GSE41345",FALSE
-0.0213070599000043,3.124867233,-0.280488005421924,0.784743128710941,0.928412698091011,-5.32170034383505,"Klhdc2","GSE41345",FALSE
0.0286575066499997,1.11954294422222,0.301999275676601,0.768756564339325,0.919772088721997,-5.31637664923057,"Klhdc3","GSE41345",FALSE
0.0592854159499996,1.60642600955556,0.825492070958306,0.428088034603336,0.750917738002808,-5.0742712059258,"Klhdc4","GSE41345",FALSE
-0.0995618640500002,-0.134599431555556,-1.22317726071719,0.248930710151284,0.636522478598047,-4.76555590915341,"Klhl12","GSE41345",FALSE
-0.0233539918499978,1.90154346666667,-0.398152291998312,0.698772836056961,0.88651859427302,-5.28790898775084,"Klhl17","GSE41345",FALSE
-0.2471768694,0.218382126,-2.20824565100928,0.0513594192993282,0.551749088057453,-3.72510013079562,"Klhl24","GSE41345",FALSE
-0.1094753446,0.343903047888889,-1.74269330401483,0.111580195353678,0.573793150721065,-4.24935031962217,"Klhl32","GSE41345",FALSE
-0.0326285410999999,-0.0101850352222223,-0.380417932255019,0.71148367111106,0.894716938874813,-5.29372905092999,"Klhl6","GSE41345",FALSE
-0.07611613985,1.26862399611111,-0.711048952793327,0.493086974841885,0.788907872502419,-5.14467491247883,"Klhl7","GSE41345",FALSE
-0.0763470028500003,0.384126739333333,-1.12141966541141,0.287966175127449,0.661829336875724,-4.85311991395418,"Klhl8","GSE41345",FALSE
-0.0524156034999999,-0.252947996777778,-0.675420362461943,0.514517061420486,0.798126588970628,-5.16470962463355,"Kntc1","GSE41345",FALSE
-0.1958971191,1.25440795133333,-1.88549576547678,0.0883129806801009,0.573793150721065,-4.09263416073435,"Kpna1","GSE41345",FALSE
0.0148761968000001,0.129591141222222,0.100286483291464,0.922072241040002,0.979774612634793,-5.35099546291734,"Kpna3","GSE41345",FALSE
-0.00999420835000056,0.828485480222222,-0.0845573908070078,0.934259628767115,0.983216698131415,-5.35224209459004,"Kpnb1","GSE41345",FALSE
-0.0228860617999996,0.581620671777778,-0.340527421725404,0.740409784385192,0.905985904830685,-5.30588207790107,"Kptn","GSE41345",FALSE
-0.0388722101499997,0.587861146555556,-0.551696688450106,0.593106602377876,0.835579888021907,-5.22700978552684,"Krba1","GSE41345",FALSE
0.00685616559999918,1.39591116711111,0.0842269816335273,0.934515842475244,0.983216698131415,-5.35226601072748,"Krt10","GSE41345",FALSE
-0.0458991723500003,0.399574464444445,-0.577432832776129,0.576244299058769,0.826037521362528,-5.21499985519911,"Krt73","GSE41345",FALSE
0.0826341210000001,2.509055443,1.06455256487065,0.311773791434245,0.679917145504823,-4.89964983981682,"Krtcap2","GSE41345",FALSE
0.0563495977000003,0.668520618444445,0.566147769647207,0.583606120204953,0.830218805132181,-5.22032845766468,"Krtcap3","GSE41345",FALSE
0.0516798292000005,0.341694246777778,0.556208688638227,0.590131534380409,0.83362278091888,-5.22494090000434,"Ky","GSE41345",FALSE
0.0106626984,-0.0667185213333334,0.181408589017014,0.859622199956516,0.956547827533254,-5.34121235865969,"L3mbtl2","GSE41345",FALSE
-0.11926392385,0.580479096222222,-1.74971199669769,0.110316859950786,0.573793150721065,-4.24176083533835,"Lace1","GSE41345",FALSE
-0.0531318417999999,0.380691263888889,-0.867559287469212,0.405700683309015,0.739410388842559,-5.04615516879981,"Lactb","GSE41345",FALSE
0.10520754185,0.125307204888889,1.45644658791551,0.17552834569911,0.590052931837169,-4.54635896187238,"Lamb2","GSE41345",FALSE
0.0736494644,0.102072446888889,0.827856142149044,0.426808252137958,0.750224473869545,-5.07272231048226,"Lamc1","GSE41345",FALSE
0.154802798449998,2.37089721155555,1.89269334553441,0.0872682450721721,0.573793150721065,-4.08461768614161,"Lamp1","GSE41345",FALSE
-0.276862906749998,5.38482254922222,-0.616721253878478,0.55101474529893,0.813982599286129,-5.19569569635891,"Lamp2","GSE41345",FALSE
0.2632679687,4.48147706088889,2.83133209387531,0.0175852589432889,0.537623773850961,-2.99865316913562,"Lancl1","GSE41345",FALSE
-0.1377752766,1.20402689633333,-1.77645634344514,0.105621439107574,0.573793150721065,-4.212727624939,"Lancl2","GSE41345",FALSE
-0.000541175400000408,2.260404946,-0.0073930737664177,0.994244680627662,0.998627926207612,-5.35528620795009,"Laptm4a","GSE41345",FALSE
0.0692291027500014,2.53756677711111,0.854248034441196,0.412696172195046,0.741441680220741,-5.05517823476315,"Laptm5","GSE41345",FALSE
-0.0685579791499953,2.23069065844445,-0.736282114294453,0.478248080892472,0.779067807570135,-5.12993611482239,"Large","GSE41345",FALSE
-0.0813088881500004,0.856259240777778,-1.29279294571839,0.224764820082362,0.62007056218564,-4.70268003912093,"Lars","GSE41345",FALSE
-0.0973178154999999,0.375408526555556,-1.33874196216029,0.209897090576284,0.608133976898715,-4.65994709616567,"Lars2","GSE41345",FALSE
-0.0322815717999977,2.39190805055555,-0.197080588227465,0.847659210317914,0.951668361009639,-5.33867730905854,"Lasp1","GSE41345",FALSE
-0.15335343685,1.08424346355556,-1.1444879591824,0.278720473738836,0.654980125379753,-4.83374211204566,"Lbh","GSE41345",FALSE
0.31882153995,0.27122447,1.14345846116161,0.279128077541295,0.655253357727131,-4.83461295932478,"Lbp","GSE41345",FALSE
-0.0744462400499997,0.80672414,-0.839698186626203,0.420436376134433,0.744213894696896,-5.06490746276279,"Lbr","GSE41345",FALSE
0.0706722067999997,1.13465800088889,0.695790180604707,0.502196906901129,0.792639120007653,-5.1533672635421,"Lcat","GSE41345",FALSE
0.0645453967500045,5.979702278,0.825088464015523,0.428306783180537,0.750917738002808,-5.07453526766227,"Lcmt1","GSE41345",FALSE
0.0494062143000041,2.69125008766667,0.625940595250071,0.545186207041332,0.811641100947509,-5.19099782855097,"Ldb1","GSE41345",FALSE
-0.0179879576000012,2.53739153277778,-0.127402761087827,0.901113051014453,0.97233982170878,-5.34834961286017,"Ldb2","GSE41345",FALSE
-0.145990616,0.399297470777778,-1.60403608845575,0.139369231862771,0.579351577338652,-4.39648931115799,"Ldoc1","GSE41345",FALSE
0.0332924697000014,1.836807067,0.532976196221391,0.605534327528449,0.840972840261782,-5.23542615821269,"Lemd2","GSE41345",FALSE
-0.0835540912499996,1.01228045733333,-1.24416747775628,0.241431995325463,0.630197490903886,-4.74684225537474,"Leng9","GSE41345",FALSE
-0.04419621585,0.063031437,-0.695814511492213,0.502182299236827,0.792639120007653,-5.15335353627551,"Leo1","GSE41345",FALSE
0.0324522900999964,2.18100295144445,0.568728528147324,0.581918105789859,0.82945534412048,-5.21911843973782,"Leprotl1","GSE41345",FALSE
0.0585045784499992,1.08222218066667,0.85664963714421,0.411427986323341,0.740973672484891,-5.0535588952032,"Letmd1","GSE41345",FALSE
0.0792544232499998,0.549226590111111,0.758027221779473,0.465688695915431,0.771958003400313,-5.11687435082829,"Lgals1","GSE41345",FALSE
0.14658330285,0.0412562449999999,1.06756121380575,0.31047767313159,0.67958968631025,-4.8972332333032,"Lgals3","GSE41345",FALSE
0.17947995145,0.184044067111111,1.9868623825631,0.0746193740891843,0.564707806576065,-3.97884837588653,"Lgals3bp","GSE41345",FALSE
-0.2731161746,1.01954556911111,-2.04938148751138,0.0671956358708175,0.564515411734788,-3.90781973511462,"Lgals8","GSE41345",FALSE
0.0349061951500021,2.74751081411111,0.419720921715498,0.683444512056808,0.881260719586418,-5.28048712101022,"Lgi1","GSE41345",FALSE
-0.12223654935,0.537933193333333,-1.68793730736778,0.121895263484892,0.573793150721065,-4.30811164012554,"Lgi2","GSE41345",FALSE
0.03854815325,1.79976047355556,0.402464343799949,0.695696723425342,0.885598920340427,-5.28645527600908,"Lgi3","GSE41345",FALSE
0.0983502374500001,0.470545559444444,1.40125627868833,0.190996090806421,0.59648387540768,-4.6003284067515,"Lgi4","GSE41345",FALSE
0.00349911740000518,2.03298187588889,0.0548834308092084,0.957297772747891,0.990568817932501,-5.35401701400701,"Lgmn","GSE41345",FALSE
-0.4719482958,0.908371504666667,-2.18320524016837,0.0535929487294225,0.551749088057453,-3.7540754965762,"Lhfp","GSE41345",FALSE
0.1157383616,1.05286414022222,1.78347704043289,0.104419438312873,0.573793150721065,-4.20507684734819,"Lhfpl2","GSE41345",FALSE
0.0459722241999963,3.68879628544445,0.356473351475814,0.728792829541589,0.900147499235423,-5.30118042059152,"Lias","GSE41345",FALSE
-0.0867830180499999,-0.0145154704444444,-1.14794933824294,0.277353451285285,0.653719544196021,-4.83081003571926,"Lig3","GSE41345",FALSE
0.0412131282000002,-0.115937713333333,0.563859441541321,0.585105061593772,0.831178824117576,-5.22139710781971,"Limd1","GSE41345",FALSE
0.0488814486499996,1.00855351188889,0.572506009222831,0.579452097237452,0.827501143380105,-5.21733815610607,"Limk1","GSE41345",FALSE
0.0268998826499998,0.578668018,0.308961537572451,0.763606203301326,0.91687287696395,-5.31457118237292,"Limk2","GSE41345",FALSE
0.138018247849998,2.33573228788889,0.789264535042096,0.448020759660694,0.759707024535603,-5.09753531874994,"Lims2","GSE41345",FALSE
-0.0960456914,0.997676794444445,-1.29857256778097,0.222848151629031,0.618953496542315,-4.69735746864073,"Lin54","GSE41345",FALSE
0.659493815050005,5.46300285044444,3.17187997538912,0.00979143113851993,0.537623773850961,-2.60986557842826,"Lin7b","GSE41345",FALSE
-0.11490941285,-0.374681363555556,-0.882907451470406,0.397736686063528,0.73460038065103,-5.03560792135571,"Lin7c","GSE41345",FALSE
-0.305546544849998,1.45070210322222,-2.15432453766868,0.056284897199072,0.552658308806149,-3.78742253540622,"Lingo2","GSE41345",FALSE
-0.0405387511499998,1.58587862666667,-0.49146938636057,0.633559565967031,0.854060649872156,-5.25311582992961,"Litaf","GSE41345",FALSE
-0.566972695399997,2.13625395477778,-3.2137362202933,0.00911540366798969,0.537623773850961,-2.56296937016427,"Lix1","GSE41345",FALSE
0.123297576299997,2.176444116,1.45514707595715,0.175879823476684,0.590052931837169,-4.54764349671948,"Llgl1","GSE41345",FALSE
-0.0632619625000002,0.363167581222222,-0.584194018786407,0.571857954910111,0.823730267526903,-5.21176089941111,"Lman1","GSE41345",FALSE
0.0806322227499999,0.840014342444445,1.01461227705369,0.333890687353102,0.699603383189702,-4.93900490081552,"Lman2","GSE41345",FALSE
-0.0165019697499998,2.67258419422222,-0.17117732362143,0.867452403435325,0.960877194250267,-5.34275495092841,"Lman2l","GSE41345",FALSE
-0.1454682473,-0.261108441555556,-1.55314545038322,0.151021073750004,0.580042267756514,-4.44902129769337,"Lmbr1","GSE41345",FALSE
0.497864805449996,3.54815809366667,2.92474072761999,0.0149689561243796,0.537623773850961,-2.89089397691944,"Lmna","GSE41345",FALSE
-0.1083383153,0.383723047444445,-1.2970878624574,0.223339226487494,0.619243242305601,-4.6987262269803,"Lmnb1","GSE41345",FALSE
-0.0219945235500003,0.51372331,-0.280795909518147,0.784513541598537,0.928412698091011,-5.32162686218175,"Lmnb2","GSE41345",FALSE
-0.000831768400000627,1.33613105255556,-0.0106917365390698,0.991676846703828,0.998009646363482,-5.35526060288831,"Lmo2","GSE41345",FALSE
0.0455562000000014,2.669479342,0.81270228044394,0.435056339069322,0.754556117183833,-5.08258578150249,"Lmo3","GSE41345",FALSE
0.0974721959999998,3.42400498,1.08498474706121,0.303052258253202,0.67816321279793,-4.88313815373155,"Lmo4","GSE41345",FALSE
0.108466306349998,2.21188845366667,1.14025515442313,0.280399335573795,0.656478110166503,-4.83731902506641,"Lmtk2","GSE41345",FALSE
0.12174871215,1.08074375433333,1.73008810812455,0.113882117948621,0.573793150721065,-4.26294862405532,"Loh12cr1","GSE41345",FALSE
-0.0229189160499998,1.63764776688889,-0.340839208130092,0.740181973639211,0.905985904830685,-5.30579215143163,"Lonp2","GSE41345",FALSE
-0.11742429265,0.305378182888889,-1.11142092976265,0.292047055389484,0.665819756025844,-4.86143007142533,"Lonrf1","GSE41345",FALSE
0.0328222392999996,0.488742081111111,0.485187339235243,0.637856107003133,0.856368107719793,-5.25567557935782,"Lonrf2","GSE41345",FALSE
0.0407435320500006,1.57287452266667,0.570000905949757,0.581086842550706,0.828738955594799,-5.21851999876365,"Lor","GSE41345",FALSE
0.13014987475,0.290388923777778,1.22191354749451,0.249388102312531,0.636771264918437,-4.76667567302669,"Loxl1","GSE41345",FALSE
0.199076953500002,2.056869753,1.72141674412206,0.115490569779412,0.573793150721065,-4.27227893058464,"Lphn1","GSE41345",FALSE
-0.0949385049500005,0.631838997111111,-1.61605068272856,0.136737302943886,0.57817881478681,-4.38396490623438,"Lphn3","GSE41345",FALSE
-0.05498725845,0.0188065896666666,-0.831790080845599,0.424684334861428,0.747794378738192,-5.07013658267166,"Lpin1","GSE41345",FALSE
0.0128471803000003,0.422702290111111,0.215450785500823,0.833688205727989,0.946272703463031,-5.33544116403627,"Lpin2","GSE41345",FALSE
-0.0262806955499961,2.57266494866666,-0.303870687661025,0.767371009814743,0.91855020234886,-5.31589530538572,"Lpl","GSE41345",FALSE
0.03896004785,0.802548339222222,0.574006318351638,0.578474239771241,0.827352691765844,-5.21662805809546,"Lrba","GSE41345",FALSE
0.1177267294,1.13217953944444,1.82547687691865,0.0974865832110638,0.573793150721065,-4.15906458884713,"Lrfn2","GSE41345",FALSE
0.0842537766500028,1.69806863655556,0.869243574906927,0.404821387711646,0.739003812586054,-5.04500520920852,"Lrfn3","GSE41345",FALSE
-0.16840601535,-0.154845905333333,-1.65813836082395,0.127863011485984,0.573793150721065,-4.3397404573813,"Lrg1","GSE41345",FALSE
-0.00515725199999972,0.713149552,-0.081655279336979,0.936510318021092,0.983336584249126,-5.35244896389439,"Lrig1","GSE41345",FALSE
-0.0826356507999994,0.287436726888889,-1.02629162666231,0.32861606374021,0.697108204877566,-4.92993055758958,"Lrig3","GSE41345",FALSE
0.15477847675,-0.0543465998888889,2.61262278025932,0.0256529932223306,0.537623773850961,-3.2531605256932,"Lrp1","GSE41345",FALSE
0.135346248600007,2.49534365166667,1.45978755496617,0.174627487819361,0.590052931837169,-4.54305352140643,"Lrp10","GSE41345",FALSE
-0.0925583070500019,2.85109545544445,-1.27403873126964,0.231077809570485,0.622502881230745,-4.71984476483567,"Lrp11","GSE41345",FALSE
0.0552278447499995,3.49716033277778,0.863117104996167,0.40802606692436,0.740837121901425,-5.04917921658927,"Lrp12","GSE41345",FALSE
0.0375494975000004,0.963755486555556,0.448217017854231,0.663422595612158,0.868771786463804,-5.27010731402432,"Lrp4","GSE41345",FALSE
0.0294163965499998,-0.0268944567777776,0.241029442704571,0.814336530546123,0.937488042134582,-5.33046085370913,"Lrp6","GSE41345",FALSE
0.030979740299998,2.47557317466667,0.563993052121248,0.58501748489258,0.831178824117576,-5.22133482172779,"Lrpap1","GSE41345",FALSE
-0.3106703048,1.10003939277778,-1.99249436128912,0.0739201782322726,0.564707806576065,-3.97247426123012,"Lrpprc","GSE41345",FALSE
-0.0953940423999999,0.650166636222222,-1.37719016462054,0.198095116674679,0.601721825078704,-4.62347568648206,"Lrrc20","GSE41345",FALSE
0.0379601480500006,1.63752005411111,0.696162034226842,0.501973683469432,0.792639120007653,-5.15315742056166,"Lrrc28","GSE41345",FALSE
0.0503353639999943,2.31794595188889,0.567714475228767,0.582581060373655,0.829521342719776,-5.21959449684619,"Lrrc49","GSE41345",FALSE
0.17315704355,0.937346268222222,1.74901498168152,0.110441735514337,0.573793150721065,-4.24251509896053,"Lrrc4b","GSE41345",FALSE
-0.0262009816000002,0.189739626888889,-0.481123280421273,0.640643188798102,0.857648951714582,-5.25731499295549,"Lrrc59","GSE41345",FALSE
-0.1037200655,-0.123313656888889,-1.7524450321067,0.109828454025866,0.573793150721065,-4.23880213092283,"Lrrc6","GSE41345",FALSE
-0.18094134025,0.0724537345555556,-2.02802142627233,0.0696498335510486,0.564515411734788,-3.93215228823005,"Lrrc8a","GSE41345",FALSE
0.0116468040000006,0.879454469333333,0.144811720032112,0.887697755202378,0.968757882391497,-5.34632009808928,"Lrrfip1","GSE41345",FALSE
-0.0997258607999999,0.0998645359999999,-1.59268504070473,0.141896972197409,0.579936514910764,-4.40827986825309,"Lrrk2","GSE41345",FALSE
0.04445933420001,1.91336936788889,0.625442693159079,0.545500080910156,0.811641100947509,-5.19125316241693,"Lrrn1","GSE41345",FALSE
0.0571464210499999,1.37789271755556,0.415459216488471,0.686461575120525,0.881993814861861,-5.28198337658174,"Lrrn2","GSE41345",FALSE
-0.10916280405,1.434144334,-1.0174011672032,0.332625476341062,0.699020705811636,-4.93684532716926,"Lrrn3","GSE41345",FALSE
-0.0724796357000009,1.15357171677778,-1.1701785472876,0.268699605717561,0.647015175529872,-4.81183011993886,"Lrrtm1","GSE41345",FALSE
-0.1435957609,0.868941764222222,-1.69554275880391,0.120412832124373,0.573793150721065,-4.29999869760562,"Lrrtm2","GSE41345",FALSE
-0.12933593335,-0.0124333124444445,-1.69900787557815,0.119742826352156,0.573793150721065,-4.29629701945451,"Lrrtm3","GSE41345",FALSE
-0.0144050321500001,0.111206733888889,-0.20465331966272,0.841892955409982,0.947136437588345,-5.33737783932469,"Lrsam1","GSE41345",FALSE
-0.16372869205,1.09688051022222,-2.28346330319234,0.0451769544038463,0.551749088057453,-3.63776563771604,"Lsamp","GSE41345",FALSE
-0.12415464575,1.00148494244444,-1.46787660377178,0.172462817647386,0.590052931837169,-4.53503281490978,"Lsm10","GSE41345",FALSE
0.0341215429000003,0.537741926777778,0.41147324721008,0.689288660104205,0.883254635185195,-5.28336956590078,"Lsm12","GSE41345",FALSE
0.1165312661,-0.00368312877777779,1.36335104444814,0.202277255420512,0.604970355956323,-4.6366763773964,"Lsm14b","GSE41345",FALSE
0.1119645804,0.252592388333333,1.39219398250433,0.193643596332095,0.597673275028176,-4.60907293151042,"Lsm2","GSE41345",FALSE
-0.23925567175,0.935660314888889,-2.86579689628408,0.016570100343292,0.537623773850961,-2.95881184725083,"Lsm3","GSE41345",FALSE
0.186634212849998,2.34737389144445,2.32613297526671,0.0419969137280656,0.551749088057453,-3.58806172758008,"Lsm4","GSE41345",FALSE
0.0307430700500046,1.96435066888889,0.252700470805392,0.805549133805624,0.935923335171133,-5.32800556683744,"Lsm6","GSE41345",FALSE
-0.00249347394999938,2.01269395955556,-0.0266658162661496,0.979243836796384,0.996535899435461,-5.35500447841021,"Lsm7","GSE41345",FALSE
-0.0234444445500053,1.93428627166667,-0.36085603443003,0.725612350475483,0.899764254280683,-5.29985162473611,"Lsm8","GSE41345",FALSE
-0.0337721265000001,0.0592082260000001,-0.362068973395559,0.724733090832939,0.899539497186934,-5.29948109080639,"Lst1","GSE41345",FALSE
0.17609624475,0.0528432406666666,1.42280986678326,0.184822488600394,0.591109774634124,-4.57939595180143,"Ltbp3","GSE41345",FALSE
0.24988816845,0.694395261,1.8975418709658,0.0865709605429738,0.573793150721065,-4.07921176666802,"Ltbp4","GSE41345",FALSE
0.25194755525,0.0978199522222222,1.19567664682826,0.259037972862906,0.641851050902518,-4.78974446250078,"Ltc4s","GSE41345",FALSE
0.29321084205,0.06885037,2.68132348228903,0.0227838833411739,0.537623773850961,-3.17296631980763,"Luc7l","GSE41345",FALSE
-0.147681178800001,0.0951130493333336,-1.79065587163904,0.103203309720561,0.573793150721065,-4.19724146408797,"Luc7l2","GSE41345",FALSE
-0.15923756545,0.0514679678888891,-1.80762269066247,0.100380432489768,0.573793150721065,-4.17867444314249,"Lum","GSE41345",FALSE
0.0955317097000079,3.37617085244445,0.476578301720184,0.643767018655383,0.860209926291696,-5.25913295915966,"Luzp1","GSE41345",FALSE
-0.1692777655,1.36663257555556,-2.30217123061576,0.0437549204104294,0.551749088057453,-3.61598581134747,"Luzp2","GSE41345",FALSE
-0.0161978647000024,2.16692003122222,-0.265138011996122,0.796215731865899,0.931350960839188,-5.32526326172803,"Lxn","GSE41345",FALSE
0.0574547448499999,1.49555101755556,0.651178144359087,0.529413051190153,0.80716298269985,-5.17781454697019,"Ly6a","GSE41345",FALSE
-0.000507989300000277,1.11129372477778,-0.0059514118787264,0.995366961318496,0.998627926207612,-5.35529446531099,"Ly6e","GSE41345",FALSE
-0.0519514539000002,0.166698818333333,-0.577780636967998,0.576018213435503,0.825948208801605,-5.21483408683251,"Ly6g6e","GSE41345",FALSE
0.594490261949998,8.624433876,2.00847592843828,0.0719695306537583,0.564515411734788,-3.95435956198393,"Ly6h","GSE41345",FALSE
0.0154051641,0.56246089,0.205078889117919,0.841569192363178,0.947136437588345,-5.33730337264063,"Ly86","GSE41345",FALSE
-0.00293823894999769,3.40500690822222,-0.031251885991284,0.975675310382742,0.996279724968771,-5.35489048328212,"Lynx1","GSE41345",FALSE
-0.1330199745,0.0226022873333333,-1.22494771343978,0.248291044627829,0.636522478598047,-4.76398580442715,"Lypla1","GSE41345",FALSE
0.0896594127999933,3.27763350811111,1.35212953490596,0.205722582146568,0.60599416791512,-4.64732014366803,"Lypla2","GSE41345",FALSE
-0.2352790735,0.173335011888889,-1.52974448036467,0.156660491944286,0.580042267756514,-4.47288449509724,"Lyplal1","GSE41345",FALSE
-0.09198558665,0.0549618474444444,-1.55008149358625,0.151749187138931,0.580042267756514,-4.45215651090306,"Lyrm1","GSE41345",FALSE
-0.207254409300001,1.876522985,-1.47031809803125,0.171814019914077,0.590052931837169,-4.5326070608862,"Lyrm2","GSE41345",FALSE
-0.00827075500000024,0.966099650888889,-0.0679225259264829,0.947168143997474,0.986441609221544,-5.35333003058668,"Lyrm5","GSE41345",FALSE
0.0260151913,2.25150905744444,0.486097112430243,0.637233001903309,0.856105100498132,-5.25530679860309,"Lztr1","GSE41345",FALSE
0.0218900678000004,1.22778979922222,0.392661892899569,0.702697821844581,0.889484215753569,-5.289738135639,"Lzts2","GSE41345",FALSE
-0.234973599999998,2.06724378988889,-1.87530015374262,0.0898127569584102,0.573793150721065,-4.10397201696839,"M6pr","GSE41345",FALSE
-0.1244147651,0.0470050654444445,-1.18233652992142,0.264057660673562,0.6436898197403,-4.80134076149323,"Mad2l1","GSE41345",FALSE
0.0855452212500004,0.105576299333333,0.913743423208125,0.382066829880384,0.729663316696362,-5.01395895193132,"Mad2l1bp","GSE41345",FALSE
0.0975565656500001,0.338570223222222,1.37404089455618,0.199040361364904,0.602135898238279,-4.62648680771491,"Madd","GSE41345",FALSE
-0.0575331496500005,0.983996102666667,-0.624423860054718,0.546142668170045,0.811729288411888,-5.19177506413763,"Maea","GSE41345",FALSE
0.103261594200001,2.74656167566667,1.43543375206604,0.18128621089146,0.590052931837169,-4.56704926316641,"Maf1","GSE41345",FALSE
0.00902554744999977,1.61701266422222,0.105091649426748,0.918353102745802,0.978897416270167,-5.35057241410764,"Mafg","GSE41345",FALSE
0.0974962431499954,2.86180579522222,1.04656120350105,0.319610296211449,0.689390386567296,-4.9139934685575,"Mag","GSE41345",FALSE
0.042880421299995,3.47758924922222,0.579533701661639,0.574879392252711,0.825723946206329,-5.2139971509547,"Maged1","GSE41345",FALSE
0.0417250288499993,1.89563606566667,0.641190691097161,0.535622965651901,0.811057565110411,-5.18308804264873,"Maged2","GSE41345",FALSE
-0.197956508749999,2.90313571744444,-2.43881240256502,0.0346120738676389,0.541735380587652,-3.4564481155452,"Magee1","GSE41345",FALSE
0.0120532241499999,0.0796790579111112,0.132731911907672,0.897002749836297,0.97094291727961,-5.34775579698165,"Mageh1","GSE41345",FALSE
-0.128790744949999,1.11392392311111,-0.754219709286512,0.467872452246139,0.773346698353747,-5.11918533696037,"Magoh","GSE41345",FALSE
-0.189264004300001,2.74929460855556,-0.669495876385517,0.518134131112528,0.799311845579835,-5.16795197275084,"Mal","GSE41345",FALSE
-0.05023242985,-0.0628784187777778,-0.507425213416965,0.622710917018917,0.848279620347488,-5.24647489933786,"Man1a","GSE41345",FALSE
-0.15581911675,0.332227814222222,-2.54105841850708,0.0290238727211866,0.537623773850961,-3.33683352741499,"Man1a2","GSE41345",FALSE
-0.0454243433999994,0.662849742333333,-0.645556432184065,0.53290327035814,0.809467226631355,-5.18079193475619,"Man2a1","GSE41345",FALSE
-0.104443196549999,1.37724272933333,-1.25049774938116,0.239206802949351,0.629324770325865,-4.74115657212699,"Man2b1","GSE41345",FALSE
0.0165625702999931,1.90085547255555,0.210316174370147,0.837587341079844,0.947136437588345,-5.3363744107193,"Man2c1","GSE41345",FALSE
-0.2216875874,-0.172781734222222,-1.86017768533011,0.0920807792634712,0.573793150721065,-4.12074956424894,"Manba","GSE41345",FALSE
0.324928717350003,1.62008303666667,1.80455066353756,0.100886236642864,0.573793150721065,-4.18204119313734,"Manbal","GSE41345",FALSE
-0.1404780844,0.931302281222222,-1.52647902323616,0.157461901461649,0.580042267756514,-4.47619929606129,"Manea","GSE41345",FALSE
-0.20531012845,0.563918896222222,-2.60112140114267,0.0261672817344955,0.537623773850961,-3.26660069919663,"Mansc1","GSE41345",FALSE
-0.14668765005,0.487564959666667,-1.5408333222999,0.153965609459072,0.580042267756514,-4.46160023791805,"Maob","GSE41345",FALSE
0.215981300550002,2.17360258333333,1.15536627794722,0.274441973924302,0.651868544930035,-4.82450599621042,"Map1lc3a","GSE41345",FALSE
-0.0798038007000002,1.21888919733333,-0.682714986636916,0.510084347202723,0.796866349704223,-5.16068235692986,"Map1lc3b","GSE41345",FALSE
-0.0687365142500001,0.0903675621111111,-0.389686078197541,0.704829014929496,0.891063605487453,-5.29071931437342,"Map2k1","GSE41345",FALSE
0.214019267300004,1.83567188755555,1.93429807103617,0.0814511551100611,0.572386052113846,-4.03808405875989,"Map2k2","GSE41345",FALSE
-0.0293180128499997,0.619179241666667,-0.516268510496219,0.616738432821567,0.84604722800647,-5.24270841904762,"Map2k3","GSE41345",FALSE
-0.114168366999998,2.32375646155556,-1.7527359187662,0.10977658726712,0.573793150721065,-4.23848711370624,"Map2k4","GSE41345",FALSE
0.0851193124999996,0.582581674555556,1.4704637698247,0.171775375996619,0.590052931837169,-4.53246225690002,"Map2k5","GSE41345",FALSE
-0.0489137964000001,0.0516146483333334,-0.398728242332298,0.698361635180481,0.88644292127238,-5.28771569077934,"Map2k7","GSE41345",FALSE
-0.1813339068,-0.0318303366666667,-1.67469655267848,0.12451534977879,0.573793150721065,-4.32219698468914,"Map3k1","GSE41345",FALSE
0.0241204648500001,0.278289923,0.298735543023055,0.771175002131169,0.921790835683215,-5.31720914899997,"Map3k11","GSE41345",FALSE
-0.2066011396,1.09435365188889,-2.02621497995614,0.0698612291407126,0.564515411734788,-3.93420712042173,"Map3k12","GSE41345",FALSE
-0.0345894792500005,0.569285091111111,-0.493853639073245,0.631932594485091,0.853235896650151,-5.2521361861259,"Map3k3","GSE41345",FALSE
-0.0193584949500001,0.280688632666667,-0.253583375293261,0.804885508163412,0.935477671737286,-5.32781517415112,"Map4k2","GSE41345",FALSE
-0.0344482676999952,4.396978915,-0.216349585839783,0.833006154078442,0.946120557959531,-5.33527551220092,"Mapk1","GSE41345",FALSE
-0.0150776201999998,0.548464952666667,-0.152078307975137,0.88210884703901,0.966639486227233,-5.3453965603509,"Mapk10","GSE41345",FALSE
-0.0164671068499999,0.250717488444444,-0.168884803302166,0.869209010468387,0.961265282514828,-5.34308840997646,"Mapk11","GSE41345",FALSE
-0.0847664861499997,1.37715002555556,-1.69340104624464,0.120828636217233,0.573793150721065,-4.30228495553522,"Mapk14","GSE41345",FALSE
-0.0275615627500025,1.79523238355556,-0.356794417662774,0.728559650453598,0.900147499235423,-5.30108361019182,"Mapk1ip1","GSE41345",FALSE
0.0681255093000003,0.527303487333333,0.916116998270189,0.380878965884556,0.728945967725167,-5.01226743171918,"Mapk3","GSE41345",FALSE
-0.0179069236,0.0275245228888889,-0.237446143286868,0.817039964952416,0.939190513968695,-5.33119172469822,"Mapk4","GSE41345",FALSE
-0.11440156515,0.416302406333333,-0.682216809255843,0.510386339390172,0.796866349704223,-5.16095862308563,"Mapk6","GSE41345",FALSE
-0.0438276187500006,2.12177327833333,-0.621146890838727,0.548212414114288,0.813144170953828,-5.19344845780051,"Mapk8","GSE41345",FALSE
0.299970352699998,4.47719183455556,2.28828646304093,0.0448061028222113,0.551749088057453,-3.63215244473582,"Mapk8ip1","GSE41345",FALSE
0.115197937849993,2.44113657788889,1.30308853227271,0.221359943458493,0.617688005795592,-4.69318797839157,"Mapk8ip2","GSE41345",FALSE
-0.257870603800001,3.58754526455556,-1.51672607637907,0.159876809871417,0.580042267756514,-4.48607716962407,"Mapk9","GSE41345",FALSE
0.0412094108000006,2.65569726588889,0.452595653945088,0.660370004897966,0.867477451081127,-5.2684547737271,"Mapkap1","GSE41345",FALSE
0.1013642351,0.458130988555556,1.48556918490149,0.167808703218075,0.5897571471234,-4.51740353542937,"Mapkapk2","GSE41345",FALSE
0.0453413093500004,0.613879980444444,0.593423495490481,0.565899984512067,0.819888234888274,-5.20728354032482,"Mapkbp1","GSE41345",FALSE
0.0654484729000094,2.30065719677778,0.974401058516159,0.352531341529336,0.710557775912246,-4.96962861468029,"Mapre1","GSE41345",FALSE
-0.0248050656499999,4.15214679277778,-0.263249481171332,0.79763080347197,0.931649799439166,-5.32568800085998,"Mapre2","GSE41345",FALSE
0.166105362650008,4.11840063322222,1.05760423571861,0.314782821557848,0.683083988720866,-4.90521126873333,"Mapt","GSE41345",FALSE
-0.0964674319000005,2.00330005822223,-1.64506431585824,0.130562985101325,0.574906006279939,-4.35353557878208,"Marcks","GSE41345",FALSE
0.02153808635,0.494445159222222,0.358339614860701,0.727437833785067,0.900147499235423,-5.30061650815995,"Mark1","GSE41345",FALSE
0.254363981050002,2.87572012744444,1.7615774560486,0.108210691022595,0.573793150721065,-4.22890192890685,"Mark2","GSE41345",FALSE
0.00217203000000402,2.19197910266666,0.0278906128451499,0.97829074405776,0.996535899435461,-5.35497580037438,"Mark3","GSE41345",FALSE
-0.1016489313,0.984560248,-0.975701664260378,0.351916733873282,0.710557775912246,-4.96865330472299,"Mas1","GSE41345",FALSE
0.151115469449998,1.81743718466667,0.797148788085182,0.443631583449554,0.758336071686369,-5.09254813822005,"Mast1","GSE41345",FALSE
0.212330367149996,2.95856699366666,1.70576117516116,0.118446683340834,0.573793150721065,-4.28907315153203,"Mast2","GSE41345",FALSE
-0.446653544550005,4.29246364433333,-1.35910171428852,0.203576183632338,0.604970355956323,-4.6407132994346,"Mat2a","GSE41345",FALSE
-0.326622652949996,2.87962173066667,-2.69798336461634,0.0221377696936803,0.537623773850961,-3.15354693688932,"Mat2b","GSE41345",FALSE
0.240572808949994,3.81349689522222,1.99904453930251,0.073114744314657,0.564652545006905,-3.96505462176457,"Matk","GSE41345",FALSE
0.2367991356,0.896394614666667,2.71863492639035,0.0213622055431409,0.537623773850961,-3.12949263714647,"Matn4","GSE41345",FALSE
-0.31256655875,4.64751209744444,-1.757630732249,0.10890715151849,0.573793150721065,-4.23318303779272,"Matr3","GSE41345",FALSE
0.0190861512499996,1.57952696488889,0.177340202383561,0.86273396607577,0.957878501291397,-5.34183640033821,"Max","GSE41345",FALSE
0.12140860345,1.08396322011111,1.53299723970222,0.155865743394752,0.580042267756514,-4.46957886114499,"Mbd3","GSE41345",FALSE
-0.0738335863500005,0.417098576333333,-0.982874188043386,0.348541380924925,0.710557775912246,-4.9632563190326,"Mbd5","GSE41345",FALSE
-0.18744290675,-0.258062089555555,-1.47724191013731,0.169985537581942,0.590052931837169,-4.52571564651839,"Mbip","GSE41345",FALSE
-0.101469917549997,1.92919866366667,-1.55957117988969,0.149504029403726,0.580042267756514,-4.44243575975854,"Mbnl1","GSE41345",FALSE
-0.273287861100004,4.887451465,-1.88608814638291,0.0882265595418734,0.573793150721065,-4.09197477133074,"Mbnl2","GSE41345",FALSE
-0.24425156365,-0.671755782111111,-1.15159361163619,0.275919893269575,0.6523995215362,-4.82771619741422,"Mboat2","GSE41345",FALSE
0.537779898800003,8.48353753755556,2.42374788883448,0.0355202970781784,0.541735380587652,-3.47406433168811,"Mbp","GSE41345",FALSE
-0.16782710365,-0.105345451444445,-1.46156372022712,0.174150183911068,0.590052931837169,-4.54129450146764,"Mbtd1","GSE41345",FALSE
0.2063403954,0.702910689,1.76779746881694,0.107121309840465,0.573793150721065,-4.22214703110762,"Mbtps1","GSE41345",FALSE
0.03344638085,-0.0408639724444444,0.624427868940454,0.546140138881474,0.811729288411888,-5.19177301208432,"Mcat","GSE41345",FALSE
0.0401965367499998,0.671115834444445,0.544897690922723,0.597604569281016,0.838075595907721,-5.23009775154199,"Mcc","GSE41345",FALSE
0.110434820700007,2.01297420233333,1.69301249123214,0.120904210999027,0.573793150721065,-4.30269959735419,"Mcee","GSE41345",FALSE
0.0211771013000041,2.94477430122222,0.179626754931631,0.860984756078934,0.956896410826267,-5.34148739917165,"Mcf2l","GSE41345",FALSE
-0.0522723971500001,1.35853662888889,-1.00827466582151,0.336779113644031,0.70209883013925,-4.94389538075826,"Mcfd2","GSE41345",FALSE
-0.0374338820000005,1.79631572611111,-0.491815059268545,0.633323557905399,0.853970776074044,-5.2529740766293,"Mcl1","GSE41345",FALSE
-0.0921369757500001,1.173813222,-1.44915883203236,0.177507280472057,0.590052931837169,-4.55355430497655,"Mcm4","GSE41345",FALSE
-0.0204568029999997,0.164609319555556,-0.342132779348641,0.739237090274781,0.905507079488881,-5.30541820067082,"Mcm5","GSE41345",FALSE
-0.14486686945,0.0812854018888887,-0.812162090714028,0.435352307211333,0.754579236368343,-5.08293453132684,"Mcm6","GSE41345",FALSE
0.0586639211999994,0.513416243666667,0.905490535661314,0.386217392107519,0.730086829836255,-5.01981255114853,"Mcoln1","GSE41345",FALSE
-0.17158138755,-0.275092214666667,-1.92099069180898,0.0832712441170505,0.573793150721065,-4.05300332976452,"Mcph1","GSE41345",FALSE
-0.00103373984999997,0.519605884666667,-0.0132696187458186,0.989670169903935,0.99767409443427,-5.35523409072113,"Mcrs1","GSE41345",FALSE
-0.155213459200005,2.35648209855556,-2.16217719160704,0.0555403922519613,0.551749088057453,-3.77836354846179,"Mcts1","GSE41345",FALSE
-0.264050573149999,1.23520660911111,-1.29849243530882,0.222874633151247,0.618953496542315,-4.69743136900331,"Mdh1","GSE41345",FALSE
-0.12807391655,-0.110268082888889,-1.22281375234481,0.249062210146794,0.636522478598047,-4.76587809105618,"Mdh1b","GSE41345",FALSE
-0.0214999265499984,2.09694837788889,-0.278576317348095,0.786169052053343,0.928629158928062,-5.32215479984998,"Mdh2","GSE41345",FALSE
0.212704044549998,1.61938455211111,1.85491355824062,0.0928826297200073,0.573793150721065,-4.1265786370221,"Mdk","GSE41345",FALSE
0.0658108981000044,2.76707975544444,0.537930621000853,0.60223221344357,0.839274208391953,-5.23322507848572,"Mdm2","GSE41345",FALSE
0.0342371103999997,0.648871195111111,0.516399138694807,0.616650428071837,0.84604722800647,-5.24265232531142,"Mdn1","GSE41345",FALSE
0.0423978980499999,0.0031454074444443,0.338930986900298,0.741576651255067,0.906391432932454,-5.30634127285433,"Me2","GSE41345",FALSE
-0.03344251035,0.401109669666667,-0.548877975663124,0.594969187580664,0.836240137393894,-5.2282943063002,"Mea1","GSE41345",FALSE
-0.00624322924999964,1.12923176944444,-0.0775674075044771,0.939681594725447,0.984177421017742,-5.35272812159839,"Mecp2","GSE41345",FALSE
0.169378851600001,1.233005013,2.41615662081944,0.0359867841556342,0.541735380587652,-3.48293978545073,"Med10","GSE41345",FALSE
0.23321460855,0.199178988333333,0.890391898046594,0.393892739868334,0.732718955055701,-5.03040931418055,"Med18","GSE41345",FALSE
-0.1714031784,0.337812228,-2.27667176354175,0.045704203452514,0.551749088057453,-3.64566723873324,"Med19","GSE41345",FALSE
0.233664244800002,2.27281903566667,2.23178536075851,0.0493416640609365,0.551749088057453,-3.69781315104493,"Med25","GSE41345",FALSE
-0.12650804285,1.00712402377778,-2.06139617394461,0.0658514020430553,0.564515411734788,-3.89410515893579,"Med6","GSE41345",FALSE
-0.24341588455,-0.207777001777778,-1.75203704300631,0.109901238394657,0.573793150721065,-4.2392439286396,"Mef2a","GSE41345",FALSE
-0.478422056099997,4.17727159266667,-1.53631662045481,0.155058352945814,0.580042267756514,-4.4662017086619,"Mef2c","GSE41345",FALSE
-0.0899552416000001,0.546952803222222,-0.948860594274661,0.364759411655156,0.719109348309988,-4.98857198890143,"Megf10","GSE41345",FALSE
-0.2133783078,-0.103230011666667,-2.89532789516746,0.0157473871682157,0.537623773850961,-2.92474831024603,"Meis1","GSE41345",FALSE
-0.15315035345,-0.272604587555556,-1.20069856612539,0.25716814860643,0.641365508558957,-4.78535562717251,"Memo1","GSE41345",FALSE
0.0420974046000004,0.9581164,0.279018315638354,0.785839292845367,0.928629158928062,-5.32204999689176,"Men1","GSE41345",FALSE
-0.0553735472500007,0.671439330555555,-0.980059596930978,0.349863076417823,0.710557775912246,-4.96537787230741,"Mertk","GSE41345",FALSE
-0.03291948015,-0.0832288416666667,-0.481990914482135,0.640047682842192,0.857079252409234,-5.25696608948013,"Mesdc1","GSE41345",FALSE
-0.1340836211,1.52474108011111,-1.67711539464007,0.124032961573356,0.573793150721065,-4.31962757827494,"Metap1","GSE41345",FALSE
0.1201002596,1.82140393255555,1.62216993989255,0.13541386158327,0.57817881478681,-4.37756860116066,"Metrn","GSE41345",FALSE
0.15052642615,0.528870500444445,1.88587502481885,0.0882576423318544,0.573793150721065,-4.09221200868733,"Mettl1","GSE41345",FALSE
-0.0253706528000005,0.493824966111111,-0.476079263321379,0.644110459398105,0.860209926291696,-5.25933157695204,"Mettl2","GSE41345",FALSE
-0.10638997795,1.01526115355556,-1.45195263249896,0.176746392656225,0.590052931837169,-4.55079835692152,"Mettl3","GSE41345",FALSE
-0.1615594939,-0.0586796671111111,-2.3963480704491,0.0372324834015658,0.548535783677393,-3.50609298024906,"Mettl4","GSE41345",FALSE
-0.0899708546499966,2.60124177088889,-0.585833619322877,0.570797021814522,0.823142516731666,-5.21097021767184,"Mettl9","GSE41345",FALSE
-0.0503381229000012,1.59072671433333,-0.457593245564675,0.65689386095038,0.866553044980333,-5.26654995726098,"Mfap3","GSE41345",FALSE
0.168398994350005,5.86852941988889,0.942970024005577,0.367622588583632,0.721650725662613,-4.99288410119944,"Mfge8","GSE41345",FALSE
0.291128454649994,3.12057849088889,2.55217881538094,0.0284726343512465,0.537623773850961,-3.32382583596327,"Mfn1","GSE41345",FALSE
0.0487793841500035,2.95575514488889,0.798730870989167,0.44275425772748,0.758336071686369,-5.09154228402831,"Mfn2","GSE41345",FALSE
0.0665815396000004,0.175635559777778,1.16587110493287,0.270359618454912,0.649249312318152,-4.8155280727319,"Mgat3","GSE41345",FALSE
0.3220315666,0.803644894111111,2.8657886953005,0.0165703347391137,0.537623773850961,-2.95882131672768,"Mgat4b","GSE41345",FALSE
0.307531883249996,4.476508089,2.21828495031077,0.0504893385858142,0.551749088057453,-3.71346813330949,"Mgll","GSE41345",FALSE
0.0671798647000052,3.19978653544445,0.844147763202775,0.418058911032753,0.743396011402741,-5.06194697348423,"Mgrn1","GSE41345",FALSE
-0.18633535735,0.238624705222222,-0.931101126091117,0.373440531484557,0.725044125295751,-5.00150709443034,"Mgst1","GSE41345",FALSE
-0.00123149254999669,4.11576227177778,-0.00773550496261875,0.993978112387012,0.998627926207612,-5.35528398440047,"Mgst3","GSE41345",FALSE
-0.0223610990999997,-0.0957990746666666,-0.288192957396371,0.779004523916615,0.925228406526493,-5.31983778336946,"Mib1","GSE41345",FALSE
0.1598878385,-0.682050257444444,0.414011330935057,0.687487918762665,0.882413228383843,-5.28248838644501,"Mid1","GSE41345",FALSE
0.156258420150001,1.69314157733333,1.48128571598935,0.168925416408429,0.590052931837169,-4.52168243604797,"Mid1ip1","GSE41345",FALSE
0.00042022324999885,3.61207654188889,0.00563689594145349,0.995611801888147,0.998627926207612,-5.35529602968029,"Midn","GSE41345",FALSE
-0.215448733250001,0.493390664444445,-3.27430780653121,0.00822070131417169,0.537623773850961,-2.49550942893276,"Mier1","GSE41345",FALSE
0.262424618150002,3.79764672922222,1.87217847834294,0.0902766556832233,0.573793150721065,-4.10743920643859,"Mif","GSE41345",FALSE
0.14593876255,0.776265009444445,1.29039907657685,0.22556265429921,0.620187610125935,-4.70488010137232,"Mif4gd","GSE41345",FALSE
-0.0646490823000001,0.0592399713333334,-1.02032546764527,0.331302672983275,0.699020705811636,-4.93457599133184,"Mina","GSE41345",FALSE
0.161658300200003,1.59286094022222,1.32452389130041,0.214407706245364,0.611917409505019,-4.6732711677117,"Mipep","GSE41345",FALSE
0.10955578465,0.981616540444445,0.475431527790392,0.644556365029264,0.860209926291696,-5.25958908260193,"Mkks","GSE41345",FALSE
-0.14053608675,1.410739083,-1.77187820032613,0.106412049305616,0.573793150721065,-4.21771017329418,"Mkln1","GSE41345",FALSE
0.031369293800001,1.34469143455556,0.436243885649212,0.671802579722151,0.872270960231413,-5.27454787890296,"Mknk1","GSE41345",FALSE
-0.0174213798999999,0.534821811888889,-0.238037553229705,0.816593599203455,0.938944282423601,-5.3310718412237,"Mknk2","GSE41345",FALSE
-0.0645702726000001,0.437434197666667,-1.07156936561026,0.308757347902345,0.67958968631025,-4.89400586552435,"Mkrn1","GSE41345",FALSE
-0.149801760249999,1.19525286588889,-1.95346893326046,0.0788943495081366,0.572386052113846,-4.01653502240004,"Mkrn2","GSE41345",FALSE
-0.10925944105,-0.349011075777778,-1.06896052857771,0.309876250702673,0.67958968631025,-4.89610753316881,"Mkrn3","GSE41345",FALSE
-0.1287408586,-0.604190209777778,-0.492619789854231,0.632774295170254,0.853654641866682,-5.25264370921829,"Mlf1","GSE41345",FALSE
0.374939163349998,9.04556349055556,1.68155003943233,0.123152923467071,0.573793150721065,-4.31491255159571,"Mlf2","GSE41345",FALSE
0.0702843158000003,0.417725606888889,1.22377480607374,0.248714668339789,0.636522478598047,-4.76502615586882,"Mlh3","GSE41345",FALSE
0.0117070762000024,3.43115454377778,0.157482201502223,0.877956951355001,0.965341900844179,-5.34468061303353,"Mllt11","GSE41345",FALSE
-0.42450849725,0.555750952777778,-2.5197832248464,0.0301080593535361,0.537623773850961,-3.36172272518635,"Mllt3","GSE41345",FALSE
0.0760802317499996,0.894626748333333,0.932054949595526,0.372970564894017,0.725044125295751,-5.00081736893946,"Mlycd","GSE41345",FALSE
0.0412093126499992,3.45521836666666,0.441293384195564,0.668262611874147,0.870617866134646,-5.27268911717005,"Mmd","GSE41345",FALSE
0.0700839752500051,3.25376751344444,0.905682672463393,0.386120402377351,0.730086829836255,-5.01967676454368,"Mmd2","GSE41345",FALSE
0.18737651105,0.967247882555555,1.90871845753835,0.0849832993338092,0.573793150721065,-4.06673291049645,"Mmp14","GSE41345",FALSE
-0.03751010405,-0.00127372455555544,-0.327440065635968,0.749995673543049,0.910364715904999,-5.30958451984423,"Mmp15","GSE41345",FALSE
-0.15233769905,0.573963565777778,-1.80067112427278,0.101528336684797,0.573793150721065,-4.18628979247229,"Mmp16","GSE41345",FALSE
0.201079420450004,2.54714174311111,2.65487445858325,0.023848517280188,0.537623773850961,-3.2038202384172,"Mmp17","GSE41345",FALSE
0.1252994001,-0.0685639653333335,1.11435491230892,0.290844959434418,0.664280403273446,-4.85899720302051,"Mmp2","GSE41345",FALSE
0.0917242248000007,0.492414409333334,1.10651248416176,0.294066717049796,0.668912248120037,-4.86548968000092,"Mmp24","GSE41345",FALSE
-0.0931252051499998,0.144016798333334,-0.983328738044014,0.348328273674327,0.710557775912246,-4.96291324487448,"Mmrn2","GSE41345",FALSE
-0.0544421605000105,1.94073390322222,-0.835812039988408,0.422520272616445,0.745806697516532,-5.06748232329089,"Mnat1","GSE41345",FALSE
0.0339208605500003,0.371502635222222,0.235586007663895,0.818444345204196,0.939757475606731,-5.33156687085346,"Mns1","GSE41345",FALSE
0.154054922200003,4.53416086011111,0.471730416266992,0.647107062643485,0.86148839876386,-5.26105408152904,"Mobp","GSE41345",FALSE
-0.0769688263999997,0.697190963111111,-0.799320970763932,0.442427317933001,0.758336071686369,-5.09116667495883,"Mocs1","GSE41345",FALSE
0.1029508939,1.45320511944444,0.961074189624617,0.358874154863184,0.716410933064045,-4.97956299060924,"Mocs2","GSE41345",FALSE
-0.117667928300003,2.71395385677778,-0.482487492653389,0.639706973670094,0.857079252409234,-5.25676613211561,"Mog","GSE41345",FALSE
-0.11453703655,0.984340475222222,-1.49935525964276,0.164257905574108,0.58623681373689,-4.5035861054373,"Morc3","GSE41345",FALSE
0.017223989950004,3.42589731144444,0.223288207824685,0.827745727715324,0.943562772348187,-5.33397375832487,"Morf4l2","GSE41345",FALSE
-0.350134923500001,1.23821673144445,-1.3592676595892,0.203525326732351,0.604970355956323,-4.64055579443802,"Mospd1","GSE41345",FALSE
0.49368925505,-0.796876193111111,2.17177219671383,0.0546435056290333,0.551749088057453,-3.76728626881871,"Mospd3","GSE41345",FALSE
-0.107315613,0.0669267180000001,-0.731245462827417,0.481187351343943,0.781774424235665,-5.13291409975818,"Moxd1","GSE41345",FALSE
0.0522429433,-0.0420553848888889,0.82054572507416,0.430774047524901,0.75221382329227,-5.0774998412318,"Mpdu1","GSE41345",FALSE
0.0206170308,-0.015679452,0.278171147529528,0.786471373742168,0.928629158928062,-5.32225072708827,"Mpdz","GSE41345",FALSE
-0.123642316050001,0.777623907333333,-1.65481634702655,0.128544276538969,0.573793150721065,-4.34325049451878,"Mphosph6","GSE41345",FALSE
-0.128532878,0.880568871444444,-2.07331760700857,0.0645428347226979,0.564515411734788,-3.8804779377503,"Mpp1","GSE41345",FALSE
0.1303145078,0.192464740222222,1.29293577555738,0.224717290972187,0.62007056218564,-4.70254868925151,"Mpp2","GSE41345",FALSE
0.0455976211000059,1.68675220477778,0.350846917265017,0.732883791737041,0.902197571821654,-5.30286322205712,"Mpp3","GSE41345",FALSE
-0.29361032125,0.146328115888889,-4.53872103047265,0.00103968351912915,0.519305144899208,-1.22504075197112,"Mpp5","GSE41345",FALSE
-0.13484580105,0.468887175666667,-2.00575788049829,0.0722978263224148,0.564515411734788,-3.95744319823261,"Mpp6","GSE41345",FALSE
-0.030175084,0.0111106585555556,-0.539432089636963,0.601233338558146,0.839274208391953,-5.23255427910632,"Mppe1","GSE41345",FALSE
-0.481334857849999,2.98030375211111,-3.45352651218838,0.00606609631742482,0.537623773850961,-2.29893267603576,"Mpv17","GSE41345",FALSE
-0.202193723750003,2.12812728277778,-1.47154604442149,0.171488504046608,0.590052931837169,-4.53138617854109,"Mpv17l","GSE41345",FALSE
0.0550915084500001,0.710411893666667,1.06968166971348,0.30956665241878,0.67958968631025,-4.89552696871871,"Mras","GSE41345",FALSE
-0.10077507435,-0.178041009333333,-0.97718658136325,0.351215986046097,0.710557775912246,-4.96753852841936,"Mrc1","GSE41345",FALSE
-0.1369780821,0.030660262,-1.7032832110112,0.11892079423116,0.573793150721065,-4.29172523603853,"Mreg","GSE41345",FALSE
-0.0925679605499998,0.882607986,-1.07614226895236,0.306803513462285,0.679210230033436,-4.89031271450134,"Mrpl1","GSE41345",FALSE
0.0720936695999969,4.02728894833333,0.603632168475604,0.559350156767615,0.816356766996878,-5.20225619102255,"Mrpl10","GSE41345",FALSE
0.0367235158499997,1.243397367,0.614780862160621,0.552245968643697,0.814283889134537,-5.19667636550943,"Mrpl11","GSE41345",FALSE
0.0987621672000017,2.14016767833333,1.24564658193944,0.240910567608822,0.630197490903886,-4.74551549221799,"Mrpl12","GSE41345",FALSE
-0.0298895946499991,1.77708540511111,-0.233561162069996,0.81997384394028,0.94044305094174,-5.33197192564761,"Mrpl13","GSE41345",FALSE
0.0607804347999999,1.19680633877778,0.798099230406891,0.443104389384079,0.758336071686369,-5.09194407190779,"Mrpl14","GSE41345",FALSE
0.0120232964500005,0.890332445111111,0.170443871586527,0.868014317660375,0.960877194250267,-5.34286212106825,"Mrpl16","GSE41345",FALSE
0.1512693289,2.06244402244445,2.11491063470819,0.0601682321332897,0.559762518320677,-3.83279318589258,"Mrpl17","GSE41345",FALSE
-0.0452212009499999,1.06990958666667,-0.823408927194358,0.429217870997389,0.751317502061726,-5.07563293998725,"Mrpl18","GSE41345",FALSE
0.1031450633,1.60712406555556,1.61966300323433,0.135954665100744,0.57817881478681,-4.38019044771189,"Mrpl2","GSE41345",FALSE
0.1431241993,1.32029424944444,1.32259722699508,0.215025088386132,0.613332308105918,-4.67506978561203,"Mrpl20","GSE41345",FALSE
-0.0597955349999999,1.07452160266667,-0.988588869652046,0.34586910599955,0.709874904317257,-4.9589340838579,"Mrpl22","GSE41345",FALSE
0.133894955699994,2.251284308,1.78439513046916,0.104263181755051,0.573793150721065,-4.20407548111418,"Mrpl23","GSE41345",FALSE
-0.1443978759,1.05841518166667,-1.98558363518239,0.0747789912898639,0.564707806576065,-3.98029491740773,"Mrpl24","GSE41345",FALSE
-0.00432930329999836,1.843037233,-0.0847934777771747,0.934076561428139,0.983216698131415,-5.35222494855685,"Mrpl27","GSE41345",FALSE
0.202672844449997,2.33979962155556,2.50168209537473,0.0310619229108481,0.538299921784903,-3.38290059522334,"Mrpl28","GSE41345",FALSE
0.0377918002000041,3.05782092344445,0.467673961068113,0.649908155884576,0.861816153070185,-5.26264727155788,"Mrpl3","GSE41345",FALSE
0.0398489074499941,4.35922635533333,0.26819033689362,0.793930268364593,0.930464871801683,-5.32457046955449,"Mrpl33","GSE41345",FALSE
0.18999504505,1.18575239044444,1.94266751606314,0.0803255438651323,0.572386052113846,-4.02868438492108,"Mrpl34","GSE41345",FALSE
-0.0981918457000001,-0.00943809911111108,-1.42074508180154,0.185406452771355,0.591109774634124,-4.5814093560042,"Mrpl35","GSE41345",FALSE
0.0405020113999992,2.05702557355555,0.685623112548776,0.508323612149861,0.79617377954575,-5.15906605546394,"Mrpl36","GSE41345",FALSE
0.129561550100001,2.51615154655555,1.5782045435955,0.145180422179384,0.579936514910764,-4.4232605607069,"Mrpl37","GSE41345",FALSE
0.158408817899998,2.29868111166667,2.08848555807833,0.0629135869549957,0.564515411734788,-3.86311312459917,"Mrpl38","GSE41345",FALSE
0.0215695532999996,1.03476817133333,0.440736263822336,0.668652767492721,0.870617866134646,-5.2728951995917,"Mrpl4","GSE41345",FALSE
-0.0337156845500003,1.12291998911111,-0.658219049907014,0.525060705637286,0.803849768830854,-5.17405271257472,"Mrpl40","GSE41345",FALSE
0.206357523800008,3.05391206922222,2.05712262364038,0.0663265903107781,0.564515411734788,-3.89898559482891,"Mrpl43","GSE41345",FALSE
0.0209490496500004,1.65872896633333,0.375685432597395,0.714891523047785,0.896146644476754,-5.29523890247,"Mrpl46","GSE41345",FALSE
-0.151671745299997,4.72641369522222,-1.35924607101122,0.203531942334312,0.604970355956323,-4.64057628564783,"Mrpl48","GSE41345",FALSE
-0.133830863950001,1.88758405822222,-1.15479957051474,0.27466357957596,0.651868544930035,-4.82498869058042,"Mrpl49","GSE41345",FALSE
-0.0669178158499985,2.03220672611111,-0.89588938727749,0.391085848092535,0.731002939929819,-5.02656787101058,"Mrpl50","GSE41345",FALSE
0.13117310455,1.05914541677778,1.34256564480167,0.208697635284035,0.606956271474849,-4.65634863705605,"Mrpl52","GSE41345",FALSE
0.115271361900001,1.44106357,1.43580455540129,0.181183219561452,0.590052931837169,-4.5666856476347,"Mrpl54","GSE41345",FALSE
0.0461604484999999,0.439807623888889,0.6796152436302,0.511965144217675,0.797215066285196,-5.16239840636461,"Mrpl55","GSE41345",FALSE
-0.0601715722500006,1.302585521,-0.928603560726926,0.374673130575997,0.725605452186926,-5.00331042815504,"Mrpl9","GSE41345",FALSE
0.403085140149999,1.49524261977778,3.32491518592293,0.00754251229445714,0.537623773850961,-2.43953037301238,"Mrps10","GSE41345",FALSE
0.128335673899999,2.60032578988889,1.86690182489388,0.0910658458016651,0.573793150721065,-4.11329534279939,"Mrps11","GSE41345",FALSE
-0.015349223799997,2.39313602455556,-0.244645879402127,0.811610680541423,0.937488042134582,-5.32971227994702,"Mrps12","GSE41345",FALSE
-0.0500964124999998,0.0627896337777777,-0.407536598029099,0.692085686661824,0.883368291023938,-5.28472601082749,"Mrps15","GSE41345",FALSE
0.0261837521499994,1.22060812977778,0.365876553678968,0.721975700928952,0.898650488762185,-5.29831011057296,"Mrps16","GSE41345",FALSE
0.00508577919999505,2.32988522411111,0.0937218609512533,0.927156338103492,0.982072970606157,-5.35154149350463,"Mrps17","GSE41345",FALSE
0.0236626867999997,1.67830870288889,0.408266823618677,0.691566486618769,0.883268422232668,-5.28447534418768,"Mrps18a","GSE41345",FALSE
-0.0427583740500018,1.692139902,-0.430059368746385,0.67614971887539,0.875270912053587,-5.27679660762846,"Mrps18b","GSE41345",FALSE
-0.00104928339999985,1.33352554122222,-0.0107160021551032,0.991657957540418,0.998009646363482,-5.35526037992443,"Mrps18c","GSE41345",FALSE
-0.1241786577,0.218088303666667,-1.53145386998303,0.156242395432179,0.580042267756514,-4.47114778104561,"Mrps2","GSE41345",FALSE
0.197931514900003,1.73670466777778,2.50638896149656,0.0308110563391127,0.537623773850961,-3.37739360154032,"Mrps21","GSE41345",FALSE
-0.0203099353499997,1.28706586466667,-0.382858979245669,0.709728475185146,0.894119585400622,-5.29294312712874,"Mrps22","GSE41345",FALSE
-0.0118732332500001,0.913280436444444,-0.205600226407298,0.841172613579932,0.947136437588345,-5.3372119396835,"Mrps23","GSE41345",FALSE
0.162461843900006,2.67044298455556,2.18698054184682,0.0532503245646142,0.551749088057453,-3.74971050178835,"Mrps24","GSE41345",FALSE
-0.0811749010999997,0.990498762777778,-0.600990218075265,0.56104114133682,0.817337994466016,-5.20356477635056,"Mrps25","GSE41345",FALSE
0.193277945049999,3.18869377011111,2.6332334501345,0.0247563902861701,0.537623773850961,-3.22908480474027,"Mrps26","GSE41345",FALSE
-0.1327495923,-0.0258271099999999,-0.994295624931068,0.343215591151516,0.708659567491277,-4.95459827926142,"Mrps27","GSE41345",FALSE
0.0644332692000002,0.889616387333333,0.936296752540016,0.370885668022025,0.724110113757286,-4.99774316834242,"Mrps28","GSE41345",FALSE
-0.0697539939500017,1.80406411211111,-0.93184870844857,0.373072147935082,0.725044125295751,-5.00096655351331,"Mrps30","GSE41345",FALSE
-0.224254873650002,3.85527203666666,-1.91292744308949,0.0843924584604507,0.573793150721065,-4.06202730084003,"Mrps31","GSE41345",FALSE
-0.0280458762999993,5.27611627788889,-0.505280591594,0.624163676506331,0.848653928450102,-5.24737911516344,"Mrps33","GSE41345",FALSE
0.197307455199997,2.51994120311111,2.20644636509555,0.0515168772766929,0.551749088057453,-3.72718398136678,"Mrps34","GSE41345",FALSE
-0.0584505023000002,0.806691359777778,-0.787362825240627,0.449083692472814,0.759976195013557,-5.0987318825765,"Mrps35","GSE41345",FALSE
-0.0955693233499998,1.16005282077778,-1.47944693874364,0.169406758537175,0.590052931837169,-4.52351715378751,"Mrps5","GSE41345",FALSE
0.116072598249999,1.49197403144444,1.70839958551935,0.11794375108476,0.573793150721065,-4.28624749995278,"Mrps6","GSE41345",FALSE
-0.1393844562,2.42060256,-0.845308901928059,0.417440004868063,0.742557299664777,-5.06117226057851,"Mrps7","GSE41345",FALSE
0.0479006656,1.53976307011111,0.7507794893651,0.469851170676075,0.775346679882017,-5.12126468939448,"Mrps9","GSE41345",FALSE
-0.23747580865,0.715188270555556,-3.11361479415506,0.010818809505783,0.537623773850961,-2.67550867644138,"Mrrf","GSE41345",FALSE
-0.20234911915,-0.335143566444445,-1.21911167343376,0.250404635699,0.63841788565726,-4.7691555734238,"Mrvi1","GSE41345",FALSE
-0.149383929,-0.228254337333333,-1.61218287813955,0.137579729871936,0.57817881478681,-4.3880017936803,"Ms4a6d","GSE41345",FALSE
-0.06170894475,-0.0573529036666667,-1.20391677975593,0.25597558965887,0.641365508558957,-4.78253643549682,"Msc","GSE41345",FALSE
-0.0517616697499996,0.600691890444444,-0.903434583206578,0.38725630074236,0.730501050085571,-5.02126405888366,"Msh2","GSE41345",FALSE
-0.256274077649998,2.30886052733333,-2.24676266158613,0.0480978963241497,0.551749088057453,-3.68042929382844,"Msh6","GSE41345",FALSE
0.109342611350007,2.32210103455555,0.888658313172903,0.394780779394845,0.733184396287367,-5.03161665295656,"Msrb2","GSE41345",FALSE
0.412525413549999,0.613687112444444,2.20016499448383,0.0520702192772038,0.551749088057453,-3.73445661786957,"Msx1","GSE41345",FALSE
0.188497524450002,4.12771041333333,1.54628292056795,0.152656147644234,0.580042267756514,-4.45603896596816,"Mt1","GSE41345",FALSE
-0.00329595079999985,-0.0656425652222223,-0.0265178827231784,0.979358955715773,0.996535899435461,-5.35500785506489,"Mt2","GSE41345",FALSE
0.350506871399993,2.58103840233333,2.39346194594092,0.0374174716607224,0.548535783677393,-3.50946557200755,"Mt3","GSE41345",FALSE
-0.0455519908000001,0.350606884555555,-0.650698133920462,0.529710539582715,0.80716298269985,-5.17806968083833,"Mta2","GSE41345",FALSE
0.0257632045499997,0.370380015333333,0.323456029947033,0.752922755493862,0.911423297156877,-5.31068354848136,"Mta3","GSE41345",FALSE
-0.120880168950001,0.308660921666667,-1.46273052653471,0.173837242645765,0.590052931837169,-4.54013830193839,"Mtap","GSE41345",FALSE
0.375366122450001,6.27534026855556,1.84889659379408,0.0938070549321026,0.573793150721065,-4.13323414685604,"Mtch1","GSE41345",FALSE
-0.340904605100003,3.95506462977778,-3.37515526987227,0.00692603373671774,0.537623773850961,-2.38431722158395,"Mtch2","GSE41345",FALSE
-0.16600813865,0.411668983444444,-1.89002909506852,0.08765361850146,0.573793150721065,-4.08758625499208,"Mtf2","GSE41345",FALSE
-0.0208259345499998,-0.095684933111111,-0.24809337070671,0.809014621886574,0.937016424904449,-5.32898844705808,"Mtg1","GSE41345",FALSE
3.63212499993595e-05,0.732275073777778,0.00058065946424963,0.999547966920348,0.999547966920348,-5.35530952317877,"Mthfd1","GSE41345",FALSE
0.1091147184,0.276546412,1.71950912865743,0.115847162926657,0.573793150721065,-4.27432882292082,"Mtmr1","GSE41345",FALSE
-0.4140855768,-0.140898253333334,-2.03099813797712,0.0693028080164298,0.564515411734788,-3.92876524255008,"Mtmr2","GSE41345",FALSE
-0.0429682298500001,0.686770718555556,-0.868505411208436,0.405206590032638,0.739003812586054,-5.04550942362581,"Mto1","GSE41345",FALSE
-0.205509785899997,1.93767434477778,-2.51989148043163,0.0301024425866236,0.537623773850961,-3.36159607240063,"Mtpn","GSE41345",FALSE
-0.10036417505,-0.0275524322222222,-1.0741500966215,0.307653532457951,0.67958968631025,-4.89192306974777,"Mtrf1l","GSE41345",FALSE
-0.21856408255,0.231694271555555,-1.56839244670482,0.147443250356197,0.580042267756514,-4.43337241979854,"Mtus1","GSE41345",FALSE
0.0990061078500027,3.945651043,0.696790996087992,0.501596256066836,0.792639120007653,-5.15280226064777,"Mtx1","GSE41345",FALSE
0.0122270351499983,1.80197112444444,0.194049870007212,0.84996961054184,0.952744331176372,-5.33918377738375,"Mum1","GSE41345",FALSE
0.0169858894999999,0.0377777942222223,0.214450260483757,0.834447620693754,0.946921546165301,-5.3356247619486,"Mus81","GSE41345",FALSE
-0.0407421086999997,0.263530479333333,-0.503881922589342,0.625112039840631,0.849256470074435,-5.24796688282516,"Mvd","GSE41345",FALSE
0.0748210798,-0.0211026055555556,0.870208406930352,0.404318282004807,0.739003812586054,-5.04434562989428,"Mvp","GSE41345",FALSE
0.0648296713,0.0372417194444444,0.940724732337711,0.368718177427207,0.722676163531054,-4.99452207521764,"Mxd4","GSE41345",FALSE
0.0979168592499999,-0.259058710888889,0.688297474633436,0.506707660181642,0.795639872514673,-5.15757427318434,"Mxra8","GSE41345",FALSE
-0.0880391504499997,1.00007980288889,-0.968407998441498,0.355373509528584,0.713864391204439,-4.97410947191145,"Myadm","GSE41345",FALSE
0.0632270987000004,0.337258022555555,0.982950424167491,0.348505632379942,0.710557775912246,-4.96319878808347,"Mybbp1a","GSE41345",FALSE
-0.15091457665,0.220037078222222,-1.13779574553029,0.281378445310801,0.656983597550459,-4.83939296597442,"Mycbp","GSE41345",FALSE
0.0153943715,-0.099392123111111,0.0978785137260183,0.923936725130085,0.980215725067445,-5.35120003387814,"Mycbpap","GSE41345",FALSE
-0.0345829198000002,0.673541397222222,-0.527119956296721,0.609449529212996,0.842272944867399,-5.23800336008023,"Myd88","GSE41345",FALSE
-0.207635015,0.641400544111111,-2.29988040283392,0.0439266890904559,0.551749088057453,-3.61865387008981,"Myef2","GSE41345",FALSE
0.188293267599999,2.65361914311111,1.44857643176954,0.177666249979207,0.590052931837169,-4.55412843341858,"Myg1","GSE41345",FALSE
0.0309264405500001,1.11015881188889,0.370368192424528,0.718728280211253,0.897815874070945,-5.29691351142205,"Myh10","GSE41345",FALSE
0.0492124323500001,-0.170483534444444,0.440387313731068,0.668897192497122,0.870617866134646,-5.27302415197594,"Myh8","GSE41345",FALSE
0.0842510576999997,1.22456504933333,1.182033056927,0.264172747162835,0.6436898197403,-4.80160350874591,"Myh9","GSE41345",FALSE
-0.13911278525,0.590797382444444,-0.872330285419085,0.403213360060143,0.73861422985227,-5.04289293662224,"Myl1","GSE41345",FALSE
-0.0168459039499998,0.240683278777778,-0.196515839700037,0.848089619924915,0.951838018505588,-5.33877227465332,"Myl4","GSE41345",FALSE
0.121415423900002,2.77742951022222,1.33054643117072,0.212487332579827,0.610235545672019,-4.66763823307474,"Myl6","GSE41345",FALSE
-0.0792732629,0.337729732111111,-0.675481403180872,0.514479873231501,0.798126588970628,-5.164676085275,"Mylk","GSE41345",FALSE
-0.1281366928,0.277186811555555,-1.90914590233442,0.0849231210757127,0.573793150721065,-4.06625518450466,"Mynn","GSE41345",FALSE
0.000326252399999929,0.0337125536666667,0.00529662877828749,0.995876689497469,0.998627926207612,-5.35529762650422,"Myo10","GSE41345",FALSE
0.10875811195,0.736155061444445,1.66378475010245,0.126712490152579,0.573793150721065,-4.33376704750992,"Myo18a","GSE41345",FALSE
-0.124470314150001,0.865687570777778,-1.6552100587567,0.128463366348681,0.573793150721065,-4.34283466910915,"Myo5a","GSE41345",FALSE
0.11661602275,0.0883778204444444,1.18050558887045,0.264752616492931,0.6436898197403,-4.80292527583672,"Myo5b","GSE41345",FALSE
-0.0713868170499969,2.00698670655555,-0.71788136006348,0.489041114283015,0.78705397169386,-5.1407287409279,"Myo6","GSE41345",FALSE
0.322670802199997,1.80802602622222,1.58656150794887,0.143277387138025,0.579936514910764,-4.41462326556337,"Myo9b","GSE41345",FALSE
0.0301730743499993,1.01879465366667,0.420560624337966,0.682850731924563,0.880945572037752,-5.28019058129627,"Myrip","GSE41345",FALSE
0.0142215117000001,0.935763865666667,0.220187985393157,0.830095036412809,0.944959202850969,-5.33456040990072,"Mysm1","GSE41345",FALSE
0.000167010099999977,0.0850768971111111,0.00235641178050192,0.998165577033662,0.998957929148791,-5.3553072845861,"Myt1","GSE41345",FALSE
0.0872431892500005,1.37593697177778,0.964985015848968,0.357004299512866,0.715001065307142,-4.9766589361002,"Myt1l","GSE41345",FALSE
-0.1868968442,0.527989711111111,-2.77094275990904,0.0195173080547049,0.537623773850961,-3.06866676581382,"N28178","GSE41345",FALSE
-0.0512710895000004,1.23284609011111,-0.376985482534396,0.713954705349278,0.895417453140117,-5.2948259551119,"N6amt1","GSE41345",FALSE
-0.40873199385,0.255930457666667,-2.0047045076387,0.0724254355328987,0.564515411734788,-3.95863794858301,"Nab1","GSE41345",FALSE
0.039451572949999,5.35495129722222,0.517690107451332,0.615781039054688,0.846021737664924,-5.24209724848493,"Naca","GSE41345",FALSE
0.0459633309999998,1.52863365311111,0.818488241647899,0.431894637317189,0.752308548718672,-5.07883798674289,"Nadk","GSE41345",FALSE
0.326741108549998,3.92342444966667,1.92623667693312,0.0825492506685124,0.573793150721065,-4.04712579146109,"Nagk","GSE41345",FALSE
-0.01715452755,-0.00845461366666667,-0.17442708167849,0.864963624275198,0.959527399300445,-5.3422746075502,"Naglu","GSE41345",FALSE
-0.0995874888000001,0.641911839666667,-1.63853990069405,0.131929335408889,0.575536019435146,-4.36040072652552,"Nanos1","GSE41345",FALSE
-0.11714738115,0.469885936666667,-1.81731982737767,0.0987990486440055,0.573793150721065,-4.16803273967506,"Nans","GSE41345",FALSE
-0.215979973000003,2.11938143088889,-1.62954544741984,0.133833881374234,0.57817881478681,-4.36984375622144,"Nap1l1","GSE41345",FALSE
-0.1505250438,0.322317606333333,-1.19929850621266,0.257688348228998,0.641365508558957,-4.78658046876613,"Nap1l3","GSE41345",FALSE
0.069578301249996,2.80381460544444,0.704040885738867,0.497258275712628,0.792336259223532,-5.14868788377793,"Nap1l4","GSE41345",FALSE
-0.249848889350002,1.90681108477778,-1.80820915690558,0.100284136739073,0.573793150721065,-4.17803146454736,"Nap1l5","GSE41345",FALSE
0.0541241724999972,2.49445012377778,0.409568452523631,0.690641426251301,0.883254635185195,-5.28402746151107,"Napa","GSE41345",FALSE
-0.00864938354999856,3.08812745833333,-0.128084807618214,0.900586824343847,0.97233982170878,-5.34827496610775,"Napb","GSE41345",FALSE
0.269703113350002,6.29180245777778,1.64612359265283,0.130342346902979,0.574906006279939,-4.35241977445753,"Napg","GSE41345",FALSE
-0.1461546439,1.53209368088889,-1.3948611187875,0.192861197640705,0.597673275028176,-4.60650283615727,"Nars","GSE41345",FALSE
-0.36967416915,0.447417338666667,-2.66107905640632,0.0235943977025343,0.537623773850961,-3.19657983903765,"Nasp","GSE41345",FALSE
-0.0157309901999945,4.327028002,-0.143466246864528,0.888733308345837,0.968846103326428,-5.3464861643094,"Nav1","GSE41345",FALSE
0.264157847599997,1.80674407422222,2.05203658282445,0.0668963577105463,0.564515411734788,-3.90479067953674,"Nbl1","GSE41345",FALSE
-0.10805492495,0.466916021111111,-0.952238630984919,0.363124744695199,0.71794356699861,-4.98608946556636,"Nbr1","GSE41345",FALSE
-0.031501415699998,2.302289505,-0.418919079116974,0.684011731152606,0.881316085897443,-5.28076976038547,"Ncald","GSE41345",FALSE
0.1128460136,1.76457338222222,1.12678708889767,0.285793875428282,0.659844798338244,-4.84863663068647,"Ncam1","GSE41345",FALSE
-0.17747268295,-0.0486000417777775,-1.93230923800675,0.0817207926872832,0.572386052113846,-4.04031585142743,"Ncam2","GSE41345",FALSE
0.0947349011500003,1.26644517911111,1.37015902568621,0.200210717664994,0.603082357890033,-4.6301926214403,"Ncan","GSE41345",FALSE
0.229816990750001,2.92006086677778,1.89147586709235,0.0874441529160218,0.573793150721065,-4.08597440237208,"Ncaph2","GSE41345",FALSE
0.0207615611499999,0.272152169111111,0.134293350459714,0.895799031811007,0.970643617857129,-5.34757721986524,"Ncbp2","GSE41345",FALSE
0.545740678799994,9.103516866,1.26268205526838,0.234970782347866,0.626295437855183,-4.73015888199075,"Ncdn","GSE41345",FALSE
-0.2518348077,0.685899766,-2.15237168144823,0.0564715252172641,0.552658308806149,-3.7896744237857,"Nck1","GSE41345",FALSE
-0.0461333599500011,1.82119907566666,-0.604985261458082,0.558485213529638,0.816330483850141,-5.20158395627777,"Nck2","GSE41345",FALSE
-0.0335638323000034,2.487772964,-0.43999699285337,0.669170643994258,0.870617866134646,-5.27316827721167,"Nckap1","GSE41345",FALSE
0.00369080524999976,1.21023074988889,0.0446841705710698,0.965226877507095,0.992747428297358,-5.35445276096642,"Nckipsd","GSE41345",FALSE
-0.168418363149999,1.86357392755556,-1.07903055114891,0.30557433008094,0.678724210086633,-4.88797404408571,"Ncl","GSE41345",FALSE
0.188971732550006,1.74632557188889,1.67755446757427,0.123945577816768,0.573793150721065,-4.31916099500753,"Ncoa1","GSE41345",FALSE
-0.1511654909,0.625714933777778,-2.58706365095566,0.026809803849062,0.537623773850961,-3.28303258395068,"Ncoa4","GSE41345",FALSE
0.0401151082500001,1.251113314,0.680019163650805,0.511719825762395,0.797215066285196,-5.16217518718619,"Ncoa5","GSE41345",FALSE
0.0406095196000001,-0.211685309222222,0.329392928791947,0.748562411945593,0.909797466552958,-5.30904101847621,"Ncoa6","GSE41345",FALSE
-0.14492226255,0.698627651333333,-0.431354732320604,0.675238160102371,0.875265882937777,-5.2763281460536,"Ncor1","GSE41345",FALSE
0.0317622898999988,2.03582288688889,0.360834664944479,0.725627844965207,0.899764254280683,-5.29985814198033,"Ncstn","GSE41345",FALSE
0.0232705506000001,0.478066206333334,0.227890280651267,0.824261620238012,0.94304630428096,-5.33308797142131,"Nde1","GSE41345",FALSE
0.121359766299997,2.46055504711111,1.60644610176751,0.138837716071872,0.579351577338652,-4.39398068936178,"Ndel1","GSE41345",FALSE
0.0912470423500019,3.51881280844444,0.878958412049718,0.399775357942431,0.734986193986031,-5.03833630188,"Ndfip1","GSE41345",FALSE
-0.16046552685,0.998295145666666,-1.03653315879826,0.324042264441272,0.694591595812067,-4.92190781325856,"Ndfip2","GSE41345",FALSE
0.110011400149998,3.48188663622222,1.1347505882092,0.282594449941338,0.65795769687451,-4.8419563849199,"Ndn","GSE41345",FALSE
-0.10906300355,1.10361207977778,-0.996180267949655,0.342342575836235,0.708659567491277,-4.95316210922921,"Ndrg1","GSE41345",FALSE
-0.0444251704500007,1.639397323,-0.613891866595075,0.552810576959926,0.814283889134537,-5.19712472029689,"Ndrg2","GSE41345",FALSE
-0.132800824900002,1.73986250155556,-2.03437504546603,0.0689111061385446,0.564515411734788,-3.92492128288941,"Ndrg3","GSE41345",FALSE
0.0625953857000014,1.34273608922222,0.347812378560303,0.735093845233732,0.903458442714324,-5.30376002949876,"Ndrg4","GSE41345",FALSE
0.139822754000005,2.24774469022222,0.955149139938947,0.36172056498121,0.71794356699861,-4.98394488808627,"Ndst1","GSE41345",FALSE
0.112341036700005,3.03707545744445,1.38464436818002,0.195872829983861,0.600113415315074,-4.61633185692067,"Ndufa1","GSE41345",FALSE
0.174783287949995,3.03782125111111,1.76362242080782,0.107851423829289,0.573793150721065,-4.22668217155973,"Ndufa10","GSE41345",FALSE
0.084893088300002,2.84392842166667,0.764415910782604,0.462039239752133,0.769760120934921,-5.11297402655473,"Ndufa2","GSE41345",FALSE
0.0916901872499931,2.80900853733333,0.745026786912207,0.473171860573292,0.776942859103912,-5.12472325746492,"Ndufa3","GSE41345",FALSE
0.097609076399997,3.71363077333333,0.894577761656306,0.391754259005135,0.731400141938539,-5.02748614794434,"Ndufa4","GSE41345",FALSE
0.146553150849994,2.99362386111111,0.77924763319532,0.453638081304332,0.764093802277136,-5.10381011097062,"Ndufa5","GSE41345",FALSE
0.161953823250002,2.958828838,1.44154826844803,0.179594274661462,0.590052931837169,-4.56104636783684,"Ndufa6","GSE41345",FALSE
0.160370498000001,2.52079953588889,1.59836269693217,0.140627596745138,0.579601639670235,-4.40238753540485,"Ndufa7","GSE41345",FALSE
0.131374400950005,5.14561227144445,1.59213544804907,0.142020383403182,0.579936514910764,-4.40884969011363,"Ndufa8","GSE41345",FALSE
-0.0493734258500006,2.68713031777778,-0.701135432768386,0.498993984905124,0.792639120007653,-5.15034128824104,"Ndufa9","GSE41345",FALSE
-0.0276328554000006,1.41178321033333,-0.322809364554282,0.753398250670811,0.911780028349628,-5.31086069904342,"Ndufaf1","GSE41345",FALSE
0.0772314796499999,1.53507258366667,0.977095270132891,0.351259047324877,0.710557775912246,-4.96760711730716,"Ndufb10","GSE41345",FALSE
0.0782571944000002,0.411195887888889,0.637662512830492,0.537826773082197,0.811057565110411,-5.18493334621512,"Ndufb2","GSE41345",FALSE
-0.00267696149999594,2.27701857333333,-0.0303298051976321,0.976392760197764,0.996391498954882,-5.35491485294106,"Ndufb3","GSE41345",FALSE
-0.0383602199999996,-0.365210627666667,-0.307124850301324,0.764963740266309,0.917025341108887,-5.31505138196936,"Ndufb4","GSE41345",FALSE
0.0224418147999994,0.951923286111111,0.170350624549897,0.868085761848942,0.960877194250267,-5.34287571334578,"Ndufb5","GSE41345",FALSE
-0.0183947020000004,0.486936886888889,-0.225147972602699,0.826337273260484,0.943562772348187,-5.3336179481762,"Ndufb6","GSE41345",FALSE
0.0636710948499993,0.873271611777778,0.670285923142894,0.517650909421426,0.799142674816958,-5.16752107493811,"Ndufb7","GSE41345",FALSE
0.163617649999999,3.50061684555555,1.64839955216825,0.129869411055743,0.574492722400542,-4.3500212243688,"Ndufb8","GSE41345",FALSE
0.21643227065,0.703054184888889,2.31067442369234,0.0431230286799176,0.551749088057453,-3.60607991008879,"Ndufb9","GSE41345",FALSE
0.473627284200008,4.972530356,2.32227989096937,0.0422748949872873,0.551749088057453,-3.59255391481446,"Ndufc1","GSE41345",FALSE
0.168013940100001,2.90590855766667,1.5523927687783,0.151199655031014,0.580042267756514,-4.44979178068339,"Ndufc2","GSE41345",FALSE
0.0519027332999954,3.23732214866667,0.470009989978139,0.648294363138776,0.86148839876386,-5.26173137901984,"Ndufs2","GSE41345",FALSE
0.0634051301500032,2.59266352644444,1.1722411276019,0.267907584961794,0.646130057849032,-4.81005598532919,"Ndufs3","GSE41345",FALSE
-0.333660758049998,7.04815792355556,-0.978274895774118,0.350703047033609,0.710557775912246,-4.96672064710832,"Ndufs4","GSE41345",FALSE
0.186761606000006,2.81272488022222,2.62293872021745,0.0252002649699036,0.537623773850961,-3.24110869626558,"Ndufs7","GSE41345",FALSE
0.106437095499998,2.46742042477777,1.77660884059414,0.105595196580714,0.573793150721065,-4.21256156894169,"Ndufs8","GSE41345",FALSE
0.121297980250001,3.34317446144444,1.30819848637244,0.219685899333426,0.617688005795592,-4.68845886528463,"Ndufv1","GSE41345",FALSE
0.0679523464999975,3.04956966988889,0.973533711735891,0.352941645683184,0.710965155179264,-4.97027845824785,"Ndufv2","GSE41345",FALSE
-0.0885848181500022,6.28543157811111,-0.583267286893393,0.572458091616746,0.824123938345204,-5.21220690494722,"Necap1","GSE41345",FALSE
0.0314160531500002,0.267879248888889,0.579071384369127,0.57517960227463,0.825896428568402,-5.21421809412309,"Necap2","GSE41345",FALSE
-0.12160078155,-0.0959170050000001,-1.84815858932607,0.0939210224562009,0.573793150721065,-4.13404993903574,"Nedd1","GSE41345",FALSE
0.08245764615,0.0217720323333333,1.3582208915349,0.203846305989317,0.60541632573859,-4.64154912371337,"Nedd4","GSE41345",FALSE
0.12112475705,1.57015653655556,1.55979305287865,0.149451887641269,0.580042267756514,-4.44220811902723,"Nedd4l","GSE41345",FALSE
0.0810215472500006,2.58575134355556,1.00987645711799,0.336047337098023,0.701546929562768,-4.94266158203627,"Nedd8","GSE41345",FALSE
-0.138118202099998,1.133778894,-0.766390177008249,0.46091519864481,0.769217472976707,-5.1117629918235,"Nedd9","GSE41345",FALSE
-0.0582627706500002,0.257236316666667,-0.473093774894867,0.646166916915468,0.860773360023048,-5.26051568927439,"Nefh","GSE41345",FALSE
-0.212703373800003,1.752338732,-2.10204441942468,0.0614903577874215,0.562699041155405,-3.8475662200581,"Nefm","GSE41345",FALSE
0.0255761758500004,0.602443142666667,0.199076250664619,0.846138684755974,0.950785617065976,-5.33833956483533,"Negr1","GSE41345",FALSE
-0.1624429574,-0.429147864555555,-1.21526161426956,0.25180689245808,0.640374260547705,-4.77255686876611,"Nek3","GSE41345",FALSE
-0.0581279106500004,0.874712131444444,-0.551906276530526,0.592968231252138,0.835579888021907,-5.22691402965708,"Nek9","GSE41345",FALSE
-0.248001965850002,1.87534305166667,-0.819168360381197,0.431524001377473,0.752308548718672,-5.07839596624708,"Nell2","GSE41345",FALSE
0.216052213499996,1.976358534,2.25578362047341,0.0473634391071352,0.551749088057453,-3.66995100667305,"Nenf","GSE41345",FALSE
-0.0514559748499997,1.08461336444444,-0.725348378903497,0.484643132537482,0.783853533478679,-5.13637803064496,"Neo1","GSE41345",FALSE
-0.20325029495,0.729672501777778,-2.21762051364041,0.0505464820526533,0.551749088057453,-3.71423823564751,"Net1","GSE41345",FALSE
-0.689224610750001,2.06003772277778,-2.83146029758494,0.0175813689226975,0.537623773850961,-2.99850480095516,"Neto1","GSE41345",FALSE
0.0747089980000037,1.81929649611111,0.713163905779843,0.491832382697486,0.787594263040687,-5.14345694499739,"Neu1","GSE41345",FALSE
-0.0163334198,0.100415260111111,-0.278586044136208,0.786161794765946,0.928629158928062,-5.32215249526969,"Neu2","GSE41345",FALSE
0.0455761679000003,0.585839426222222,0.663352058414563,0.521901084815776,0.801590751351211,-5.17128730400823,"Neurod2","GSE41345",FALSE
-0.169954185349999,1.33710805911111,-1.72536104158078,0.114756407272429,0.573793150721065,-4.2680373755206,"Nfat5","GSE41345",FALSE
0.18568146755,-0.217774965111111,1.60004307129389,0.140253842533707,0.579601639670235,-4.40064164024963,"Nfatc1","GSE41345",FALSE
-0.11329930735,-0.148499195111111,-1.80816882409175,0.100290756533169,0.573793150721065,-4.17807568640572,"Nfatc3","GSE41345",FALSE
0.0732464499499992,2.43666158755555,1.06000682149457,0.313739880876144,0.681684713166046,-4.90329134524577,"Nfe2l1","GSE41345",FALSE
-0.0148465325999999,1.55429956166667,-0.12056035270008,0.906394979543303,0.973785658678499,-5.34907650835782,"Nfib","GSE41345",FALSE
-0.1135876313,0.213137282111111,-1.4228087254094,0.184822810971018,0.591109774634124,-4.57939706524448,"Nfic","GSE41345",FALSE
-0.119606855399999,0.892338132,-1.90185854645228,0.085954524509714,0.573793150721065,-4.07439498005377,"Nfil3","GSE41345",FALSE
0.181192246500002,2.27888166333333,1.99314341816048,0.0738399966799214,0.564707806576065,-3.97173935194339,"Nfix","GSE41345",FALSE
0.00113209525000004,0.159035595444445,0.0130245801514273,0.989860909997827,0.99767409443427,-5.35523685615816,"Nfkb1","GSE41345",FALSE
0.0331422176500001,0.528565924111111,0.511889767135561,0.619692079379459,0.847553687918767,-5.24458101766634,"Nfkbia","GSE41345",FALSE
-0.1155325012,0.223649116888889,-1.34993373207608,0.206402476530831,0.60599416791512,-4.64939653932979,"Nfkbiz","GSE41345",FALSE
-0.08645904255,0.155648261666667,-1.1291326264115,0.284848608541187,0.659844798338244,-4.84667258994049,"Nfrkb","GSE41345",FALSE
-0.157867925700001,0.840948805666667,-1.55952515093385,0.149514848544863,0.580042267756514,-4.44248298318693,"Nfs1","GSE41345",FALSE
0.0146776531500017,1.70560703,0.183138866038147,0.858299530613789,0.956245294157048,-5.34094269884205,"Nfyb","GSE41345",FALSE
-0.0549494120999963,2.40151609666667,-0.931669876063273,0.37316024692225,0.725044125295751,-5.00109589042783,"Nfyc","GSE41345",FALSE
0.0744970392499998,1.05029101122222,0.892783288558074,0.392670025841828,0.731523805068467,-5.02874068221384,"Ngef","GSE41345",FALSE
0.181476872999996,2.977266221,1.92220706596472,0.0831033146615923,0.573793150721065,-4.051640972462,"Ngfrap1","GSE41345",FALSE
-0.0865083804000002,1.34082121933333,-0.83985081983661,0.420354670817417,0.744213894696896,-5.06480612708123,"Nhlrc1","GSE41345",FALSE
-0.1708736243,0.629043392777778,-1.65264197355825,0.128991945773267,0.574426201312774,-4.34554617037732,"Nhlrc2","GSE41345",FALSE
-0.0408453648500027,3.21217616811111,-0.672414921959052,0.516350075535646,0.798537035531395,-5.16635763595487,"Nicn1","GSE41345",FALSE
0.14477029455,-0.251186775666666,1.40813837304475,0.189006084317445,0.596239110339268,-4.59366511991953,"Nid2","GSE41345",FALSE
-0.03527118585,-0.014556667,-0.456527366696723,0.657634533069162,0.866553044980333,-5.2669578824342,"Nif3l1","GSE41345",FALSE
0.000452993149999977,0.404293511888889,0.00727613920922075,0.994335709419053,0.998627926207612,-5.35528694419997,"Nin","GSE41345",FALSE
-0.1039405901,0.792631636777778,-1.83368969498016,0.0961813698726855,0.573793150721065,-4.15002008417791,"Nip7","GSE41345",FALSE
0.00373995509999855,1.78106774466667,0.0488172328808715,0.962013224420284,0.99194211377848,-5.35428693438629,"Nipa1","GSE41345",FALSE
0.0991441045499996,0.877156342666667,1.52697138908863,0.157340836171041,0.580042267756514,-4.47569973049275,"Nipbl","GSE41345",FALSE
-0.0026627465499985,2.05374004088889,-0.0227334054197469,0.982304121113842,0.997040630069024,-5.35508785138679,"Nipsnap1","GSE41345",FALSE
-0.18458085295,0.396257309555556,-1.39540994924877,0.192700531871122,0.597673275028176,-4.60597360955659,"Nipsnap3b","GSE41345",FALSE
0.221847195899997,3.46836678933333,1.9791612449576,0.075585518429277,0.564707806576065,-3.98755603077987,"Nisch","GSE41345",FALSE
-0.0701290886999997,1.34201501233333,-0.99422311241244,0.343249213566088,0.708659567491277,-4.9546534941731,"Nit1","GSE41345",FALSE
-0.0535081609999997,0.177012568111111,-0.782377014606762,0.451878264936043,0.762461696248568,-5.1018572030992,"Nit2","GSE41345",FALSE
-0.0745982637500001,0.0532540461111112,-1.05335073346695,0.316635667983007,0.685907935411643,-4.9086022091005,"Nkd2","GSE41345",FALSE
0.00975456665000003,-0.0979967314444444,0.126268988740644,0.901987913408002,0.972365337177544,-5.34847282035958,"Nkiras2","GSE41345",FALSE
0.0655035937500002,-0.0804789486666667,0.840491239902428,0.420011968034152,0.744213894696896,-5.06438077312535,"Nkx2-2","GSE41345",FALSE
-0.0378670907499996,0.539572982888889,-0.408089253119884,0.691692726205983,0.883268422232668,-5.28453633898775,"Nle1","GSE41345",FALSE
-0.0551179720499999,-0.364988000666667,-0.439536142569282,0.669493572252659,0.870617866134646,-5.27333828830261,"Nlgn1","GSE41345",FALSE
0.144488510900001,1.65437257855556,1.61448618784727,0.137077504082491,0.57817881478681,-4.3855983583894,"Nlgn2","GSE41345",FALSE
0.10345319175,0.819974040333333,1.43467614112879,0.181496794429213,0.590052931837169,-4.5677920197235,"Nlgn3","GSE41345",FALSE
-0.0276357526499976,1.68243826466667,-0.220294114027003,0.830014584369918,0.944959202850969,-5.33454046130019,"Nlk","GSE41345",FALSE
-0.19776443305,1.09495182322222,-2.77553229099164,0.0193632653960685,0.537623773850961,-3.06333742891418,"Nln","GSE41345",FALSE
0.1909392496,0.146868712111111,2.73879605301329,0.0206312867026601,0.537623773850961,-3.10603038379851,"Nlrx1","GSE41345",FALSE
0.138082332699994,3.35089583044445,1.52099861279208,0.158814949474838,0.580042267756514,-4.48175406116293,"Nme1","GSE41345",FALSE
0.263444885099998,4.380843176,1.50398071676345,0.163081245570358,0.585351403139727,-4.49893452927916,"Nme2","GSE41345",FALSE
-0.0682623961500004,0.997485742666667,-0.655401139535182,0.526800062251691,0.805046276950085,-5.17556264581828,"Nme5","GSE41345",FALSE
-0.408359246149996,1.81868256711111,-2.19904386181447,0.0521695823348587,0.551749088057453,-3.73575431980027,"Nme7","GSE41345",FALSE
-0.0293953649000065,2.60653724577778,-0.575403249861233,0.57756456597676,0.826577671100105,-5.21596534692967,"Nmt1","GSE41345",FALSE
0.337211317549999,1.67125486388889,1.69926405460044,0.119693425990769,0.573793150721065,-4.29602321922625,"Nnat","GSE41345",FALSE
-0.16220173735,1.38793224455556,-2.44380088440358,0.0343163783650432,0.541735380587652,-3.45061381841749,"Nob1","GSE41345",FALSE
-0.0877571306999998,1.400674782,-1.31765342154651,0.216616042999242,0.614740970650072,-4.67967743229733,"Nol10","GSE41345",FALSE
-0.2026880371,0.461665063555556,-1.8069857516458,0.100485111823276,0.573793150721065,-4.17937266809711,"Nol11","GSE41345",FALSE
-0.0242813371999994,1.48286788677778,-0.10100101136101,0.921519078490354,0.979774612634793,-5.35093380541319,"Nol4","GSE41345",FALSE
-0.0340248800000017,2.12223994811111,-0.51793468000086,0.615616404316059,0.846021737664924,-5.24199194349401,"Nol6","GSE41345",FALSE
0.1066633164,0.572926072,0.979425205041767,0.350161484548716,0.710557775912246,-4.96585539710497,"Nos1ap","GSE41345",FALSE
0.0764153337999999,-0.137160487222222,0.502820979223093,0.625831887347996,0.849408266297291,-5.24841170507494,"Nos3","GSE41345",FALSE
0.0110465943500002,1.20685049688889,0.135999936195228,0.89448373603222,0.970635775100538,-5.34737966440306,"Nosip","GSE41345",FALSE
0.0729618683000007,0.378799063222222,0.921114869675775,0.378386323127503,0.728556252861778,-5.00869408116263,"Notch1","GSE41345",FALSE
0.0393561118,0.643797548444444,0.629904152135982,0.542691302667018,0.811641100947509,-5.18895865729817,"Notch4","GSE41345",FALSE
0.0440299843000002,0.320622667111111,0.393099129829303,0.702384911838602,0.889311350841594,-5.28959336490928,"Npc2","GSE41345",FALSE
0.0764024626000001,0.535500943444445,1.40552107114449,0.189760811440517,0.596239110339268,-4.59620148679677,"Npepl1","GSE41345",FALSE
0.00291853620000006,0.231497331,0.0597557258192616,0.953511619766442,0.988398581394074,-5.35377736637971,"Nphp1","GSE41345",FALSE
0.0490914703999999,0.954595820888889,0.475225831409977,0.644697998728513,0.860209926291696,-5.25967078725292,"Nphp4","GSE41345",FALSE
-0.202803902650003,2.75459866955556,-2.76186067422692,0.0198257718239159,0.537623773850961,-3.07921661092916,"Npm1","GSE41345",FALSE
0.0564211062000003,0.617942218,0.764100352145482,0.462219065379473,0.769805398516737,-5.11316734264439,"Npr2","GSE41345",FALSE
-0.12448889015,0.194908746777778,-1.39215789757696,0.193654200157851,0.597673275028176,-4.60910768334288,"Npr3","GSE41345",FALSE
-0.0572400075999976,3.70080766722222,-0.724932684954859,0.484887319860119,0.783997035605828,-5.136621278476,"Nptn","GSE41345",FALSE
0.00281557079999991,0.591738225,0.0480184197169846,0.962634286105866,0.99194211377848,-5.35432012662102,"Nptx1","GSE41345",FALSE
-0.0288125522000003,0.506482013444444,-0.290427427604741,0.777342882655883,0.924525123054158,-5.31928837791332,"Nptx2","GSE41345",FALSE
0.0800723918000023,1.91498027088889,1.03495955750391,0.324741901576686,0.695107559274714,-4.92314446006189,"Npy","GSE41345",FALSE
-0.0535126433500005,0.779036605555556,-0.906388474041567,0.385764264385318,0.730086829836255,-5.01917775995901,"Npy1r","GSE41345",FALSE
-0.0615203620499998,0.277577725666666,-0.411853847405596,0.689018498791557,0.883254635185195,-5.28323775943597,"Npy2r","GSE41345",FALSE
-0.12590335285,0.162959734888889,-1.28595326068172,0.227050548140191,0.620458769413808,-4.7089589619356,"Npy5r","GSE41345",FALSE
-0.42291913175,-0.229842008555555,-3.30718118526419,0.00777336867792383,0.537623773850961,-2.45910602313812,"Nqo2","GSE41345",FALSE
0.17303186505,0.130193144333333,1.91662968844388,0.083875916804208,0.573793150721065,-4.05788545303066,"Nr1d1","GSE41345",FALSE
-0.115420139099999,-0.033448995,-0.594002323057761,0.565527477880962,0.819762883286488,-5.20700059450329,"Nr1d2","GSE41345",FALSE
0.0319965002999995,1.235081127,0.325907569732288,0.751121113930424,0.910991769492815,-5.31000882331861,"Nr1h2","GSE41345",FALSE
0.0280233316000024,2.63339619144444,0.310713217402719,0.762312278078625,0.916191806089253,-5.31411060129139,"Nr2f1","GSE41345",FALSE
0.1880936748,0.656865371,1.80822193595415,0.100282039407205,0.573793150721065,-4.17801745321563,"Nr2f6","GSE41345",FALSE
-0.00885861115000005,1.24881871188889,-0.0978888360750782,0.923928731526248,0.980215725067445,-5.35119916752044,"Nr4a2","GSE41345",FALSE
-0.0162323857500002,0.130450394333333,-0.291332593681947,0.776670098820885,0.924197099658737,-5.31906463480869,"Nr6a1","GSE41345",FALSE
0.0665867259499995,1.19321506722222,0.947926461465106,0.365212382787668,0.7194398618743,-4.98925724068,"Nrarp","GSE41345",FALSE
0.00355536639999878,2.18047535544444,0.0657224770419006,0.948876647828211,0.986441609221544,-5.35345616404921,"Nras","GSE41345",FALSE
0.0557017427000001,0.688448072888889,0.862371793690025,0.408417116587791,0.740837121901425,-5.04968532856188,"Nrbf2","GSE41345",FALSE
0.122393830200004,1.99330396166666,1.30547398761867,0.220577150168607,0.617688005795592,-4.69098178628601,"Nrd1","GSE41345",FALSE
0.0382182851499998,0.605876138111111,0.638038664787908,0.537591567175378,0.811057565110411,-5.18473705059394,"Nrf1","GSE41345",FALSE
-0.0684019073000003,0.139906413111111,-1.12715195677459,0.285646670943558,0.659844798338244,-4.84833130195541,"Nrg3","GSE41345",FALSE
0.122515352200002,2.55407921444444,1.19901830044945,0.257792561143963,0.641365508558957,-4.78682548797842,"Nrgn","GSE41345",FALSE
0.0794698904000031,3.41250268388889,0.937325622579581,0.370381225397722,0.7239660928995,-4.99699581477671,"Nrip3","GSE41345",FALSE
-0.0123222116000001,-0.218978123888888,-0.150062040804364,0.883658941964711,0.967272063968532,-5.34565732275444,"Nrl","GSE41345",FALSE
0.0286574568000001,0.405001979666667,0.532939400188536,0.605558886988522,0.840972840261782,-5.23544243433209,"Nrm","GSE41345",FALSE
0.170884911149995,3.145420728,1.94080431790745,0.0805748610778702,0.572386052113846,-4.03077801598467,"Nrn1","GSE41345",FALSE
0.0422152511000019,3.20100151922222,0.407224902733645,0.692307357017095,0.883427631942613,-5.28483287609664,"Nrp","GSE41345",FALSE
-0.0136233613500005,1.53174453333333,-0.17352758872707,0.865652334217195,0.959658105398398,-5.34240845831372,"Nrsn2","GSE41345",FALSE
0.262402446800003,4.01513638788889,1.95055795317435,0.0792776890046436,0.572386052113846,-4.0198112857946,"Nrxn1","GSE41345",FALSE
0.235419242950001,1.98467617344444,1.82283828533371,0.0979093662282258,0.573793150721065,-4.1619671900253,"Nrxn2","GSE41345",FALSE
-0.0354172102499973,1.89055887866667,-0.283197366503053,0.782723651661427,0.928115536169428,-5.32105103786509,"Nrxn3","GSE41345",FALSE
-0.73168269545,0.930173825111111,-4.80718171773181,0.00068848177639672,0.519305144899208,-0.992871985396299,"Nsdhl","GSE41345",FALSE
0.114974966349995,3.87288987444444,1.31589841222813,0.217183161935083,0.616003760201701,-4.68131047219936,"Nsf","GSE41345",FALSE
-0.10087914935,1.63758183111111,-1.50803299892616,0.162056418871498,0.583333704760146,-4.49485298361842,"Nsfl1c","GSE41345",FALSE
-0.13177367435,0.177616631111111,-0.951352366464304,0.363553104949212,0.718273966914667,-4.98674146367369,"Nsg1","GSE41345",FALSE
0.0866619507499995,2.89482762255556,1.25723472167029,0.236856994388815,0.627621235143651,-4.7350844643318,"Nsg2","GSE41345",FALSE
-0.18033848185,1.16691839122222,-2.79373662494433,0.018764183734281,0.537623773850961,-3.04221172529177,"Nsmaf","GSE41345",FALSE
0.1746493021,1.26203485844444,2.89124534888539,0.0158586207686178,0.537623773850961,-2.92945319377565,"Nt5c","GSE41345",FALSE
-0.2609521697,0.182072433111111,-1.64945521301143,0.129650569969605,0.574492722400542,-4.3489081771427,"Nt5c2","GSE41345",FALSE
-0.0195296406999995,1.23188750988889,-0.330011209234067,0.748108846967489,0.909797466552958,-5.30886828865308,"Nt5c3","GSE41345",FALSE
0.0850320055000016,2.75764345144444,1.27090934253023,0.232145233502012,0.624044996029129,-4.72269294130139,"Nt5m","GSE41345",FALSE
-0.0133464234999996,1.89195085822222,-0.250993634032877,0.806832517176242,0.936246852256042,-5.32837178109375,"Ntan1","GSE41345",FALSE
-0.0337766976,-0.010336681,-0.560982003190766,0.586992817934114,0.832219505437654,-5.22273518563453,"Nthl1","GSE41345",FALSE
0.0475050757999991,0.491499854222222,0.616277133432449,0.551296412474899,0.813982599286129,-5.19592040233952,"Ntn3","GSE41345",FALSE
-0.549781058750001,1.82940062477778,-1.95595735377647,0.0785680323758698,0.572386052113846,-4.01373317751536,"Ntng1","GSE41345",FALSE
-0.175252911600001,3.04914394266667,-1.26566043038249,0.233944673957865,0.625407662508162,-4.72745981923804,"Ntrk2","GSE41345",FALSE
-0.0526185417499971,2.73301097644444,-0.280382255275526,0.78482198575419,0.928412698091011,-5.32172556297458,"Ntrk3","GSE41345",FALSE
-0.10353004625,-0.106818527888889,-1.01699923348033,0.332807597591461,0.699020705811636,-4.93715684609543,"Ntsr1","GSE41345",FALSE
0.0877266586000024,2.60229885144445,0.842916007019688,0.41871613847191,0.744039988130318,-5.06276782639453,"Ntsr2","GSE41345",FALSE
-0.0710002951500002,0.409892715666666,-0.868909237527035,0.404995826569303,0.739003812586054,-5.04523362767122,"Nuak1","GSE41345",FALSE
-0.0258070308000006,0.970653470333333,-0.356732113360073,0.728604897613454,0.900147499235423,-5.30110240328399,"Nubp1","GSE41345",FALSE
-0.0852322808000001,2.18646333711111,-0.738377234326398,0.477028758244197,0.778886097266564,-5.12869207777026,"Nubp2","GSE41345",FALSE
0.0303629562000058,2.050579273,0.267559312676104,0.794402588449029,0.930585889326005,-5.3247143335127,"Nucb1","GSE41345",FALSE
0.140375497599996,4.55513413344445,1.25008732400996,0.239350567020625,0.629324770325865,-4.74152579009234,"Nudc","GSE41345",FALSE
-0.0738711585,0.393075788,-0.99223267472858,0.344173082079983,0.708659567491277,-4.95616789196147,"Nudcd3","GSE41345",FALSE
0.0321644908999999,0.707918781888889,0.492551668979647,0.632820781509015,0.853654641866682,-5.25267169472693,"Nudt2","GSE41345",FALSE
-0.0703271781000005,1.399376337,-0.704245848338849,0.497135971854368,0.792336259223532,-5.14857101712133,"Nudt4","GSE41345",FALSE
-0.317474728799999,1.60021132033333,-2.29455076968456,0.0443288476334408,0.551749088057453,-3.62486000186806,"Nudt5","GSE41345",FALSE
-0.0599014833,0.579271941333333,-0.44354306747265,0.666688194240482,0.870617866134646,-5.27185441914473,"Nudt7","GSE41345",FALSE
0.0692333622000002,0.142487632,1.2387360464565,0.243354592989406,0.631945011557968,-4.75170519383299,"Nudt8","GSE41345",FALSE
0.0159712062000003,1.52912632566667,0.247368865166098,0.80955999498764,0.937016424904449,-5.32914139211873,"Nudt9","GSE41345",FALSE
0.13194128265,-0.0540279903333333,1.77845351645313,0.105278226332763,0.573793150721065,-4.21055243034921,"Numa1","GSE41345",FALSE
0.19725303275,0.0301399095555556,3.4693134430124,0.00590664734590844,0.537623773850961,-2.28184597247985,"Numbl","GSE41345",FALSE
-0.0303877884999999,-0.0144901287777778,-0.503498177253834,0.625372362555068,0.84938131547676,-5.24812787769751,"Nup107","GSE41345",FALSE
0.0139469343499993,0.949573735888889,0.128010300645179,0.900644307058977,0.97233982170878,-5.34828313985679,"Nup133","GSE41345",FALSE
0.0491204580499997,1.38177869988889,0.551651801499409,0.593136239192049,0.835579888021907,-5.22703028892855,"Nup210","GSE41345",FALSE
-0.10131398655,0.127565348333333,-1.3850627355363,0.195748730335837,0.600097779382144,-4.61593021960245,"Nup43","GSE41345",FALSE
-0.0547164577500004,1.51534951833333,-0.895980886812959,0.391039249293579,0.731002939929819,-5.02650377050546,"Nup62","GSE41345",FALSE
-0.0813159638000002,0.834431398444445,-1.05570487338327,0.315609175635813,0.684091314545948,-4.90672673697289,"Nup85","GSE41345",FALSE
-0.152585362550001,0.803953749111111,-1.00078860417308,0.340214776451301,0.705760229388692,-4.94964145590338,"Nup88","GSE41345",FALSE
0.0721177804000004,0.895101401444445,1.18903938590091,0.261525879881772,0.642386604652324,-4.79552542203293,"Nup93","GSE41345",FALSE
-0.20969938355,-0.0378624352222221,-2.05352334218481,0.0667293244902239,0.564515411734788,-3.90309409298932,"Nup98","GSE41345",FALSE
-0.2725805054,1.61776698611111,-1.86353729742225,0.0915723825649421,0.573793150721065,-4.11702635616228,"Nupl1","GSE41345",FALSE
0.0468460804000003,0.484858108777778,0.89535993154526,0.391355565176343,0.731236056014931,-5.02693867883245,"Nupl2","GSE41345",FALSE
-0.0759682275000005,0.376288875333333,-0.66048671841284,0.523663451680834,0.802929397028411,-5.17283338686271,"Nupr1","GSE41345",FALSE
-0.10960014445,0.285180998888889,-1.39223015630247,0.193632966884128,0.597673275028176,-4.609038093549,"Nxf1","GSE41345",FALSE
0.0236543421500004,1.46535016555556,0.226885262012963,0.825022155172037,0.943229818302558,-5.3332829363603,"Nxn","GSE41345",FALSE
-0.235085866549999,1.50627925544444,-2.36277776232098,0.0394406117149333,0.551749088057453,-3.54530575291683,"Nxph1","GSE41345",FALSE
-0.1834681442,-0.0977719412222222,-1.94016563613777,0.0806604903580019,0.572386052113846,-4.03149554503467,"Nxph2","GSE41345",FALSE
-0.0202518343999996,0.528126622111111,-0.315405707585424,0.758849830325767,0.915129841206041,-5.31286424097277,"Nxt1","GSE41345",FALSE
-0.141646917500003,1.99914323444444,-1.80693261305418,0.100493849543746,0.573793150721065,-4.17943091541716,"Nxt2","GSE41345",FALSE
0.0779373941000002,-0.250388997777778,0.714495804911207,0.491043313809481,0.78728806312102,-5.14268828701661,"Oasl2","GSE41345",FALSE
0.00615255259999457,2.35952352122222,0.0910795289483172,0.92920372540495,0.982785330155221,-5.35175086877382,"Oat","GSE41345",FALSE
0.133130260099999,2.49617044688889,1.30776941730632,0.219826060521821,0.617688005795592,-4.68885641225564,"Oaz1","GSE41345",FALSE
0.0789924453500041,1.78389408188889,1.09315997394958,0.299615442480379,0.674837282906901,-4.87646623774779,"Oaz2","GSE41345",FALSE
-0.201151150400002,1.87722942011111,-2.20343939749751,0.05178105890792,0.551749088057453,-3.73066590128356,"Ociad2","GSE41345",FALSE
-0.1138927715,-0.301895658555556,-1.20179019573238,0.256763131037334,0.641365508558957,-4.78439993086073,"Ocln","GSE41345",FALSE
-0.0281162606500034,1.96492245155555,-0.296517570848676,0.772819995416326,0.922369802612492,-5.31776984762961,"Odc1","GSE41345",FALSE
-0.1970446971,-0.137277619333333,-2.01372745808507,0.0713392085651837,0.564515411734788,-3.94839848670098,"Odf2","GSE41345",FALSE
-0.24794708565,1.05323763766667,-1.98168809142875,0.075267225332059,0.564707806576065,-3.98469999500832,"Ogdh","GSE41345",FALSE
0.0498000571000001,1.37837057311111,0.874794956064193,0.401932557908123,0.737818980987781,-5.04120188212245,"Ogfr","GSE41345",FALSE
0.10608226645,2.33277126077778,1.38371786409775,0.196147893940636,0.600226838071983,-4.61722105085258,"Ogfrl1","GSE41345",FALSE
-0.0245073416499999,0.0227804465555555,-0.113954492047579,0.911498847413565,0.975735234028149,-5.34974034353532,"Ogn","GSE41345",FALSE
-0.403585556900001,2.84437129477778,-2.47087622126834,0.032754260376591,0.541735380587652,-3.41894228228383,"Ogt","GSE41345",FALSE
0.281828558299999,6.83109350122223,1.44617885651422,0.178321968845994,0.590052931837169,-4.55649056823592,"Olfm1","GSE41345",FALSE
0.0802705904499998,-0.173705380222222,0.62894536958574,0.543294216611797,0.811641100947509,-5.18945300366798,"Olfm2","GSE41345",FALSE
0.00831880635000013,0.717986690666667,0.109927230974855,0.914612503619586,0.977755249711254,-5.35012675751767,"Olfml1","GSE41345",FALSE
-0.0753790271999997,1.46731092033333,-0.672944654569676,0.516026708982268,0.798537035531395,-5.16606763847468,"Olfml2b","GSE41345",FALSE
-0.0791939632500006,0.372581006,-0.851788917556322,0.41399749480664,0.741776913579799,-5.05683242146236,"Olfml3","GSE41345",FALSE
0.118705250949998,3.19819004211111,1.59814239618074,0.140676662097237,0.579601639670235,-4.40261635903776,"Olig1","GSE41345",FALSE
0.0888555315999942,2.54131380177778,1.52893452812561,0.156858937744133,0.580042267756514,-4.47370703621087,"Omg","GSE41345",FALSE
-0.05612552405,0.0138692214444446,-0.488394022760141,0.635661161287312,0.855749929624109,-5.25437283332989,"Onecut2","GSE41345",FALSE
-0.24236396305,-0.416313468111111,-1.56486839850601,0.148263502849293,0.580042267756514,-4.43699630746974,"Opa1","GSE41345",FALSE
-0.11792855025,0.154813249,-1.27495465694932,0.230766151766494,0.622502881230745,-4.71901027581001,"Ophn1","GSE41345",FALSE
0.0452962832499997,0.155748454444444,0.573054746950061,0.579094342290849,0.827501143380105,-5.21707863691403,"Oplah","GSE41345",FALSE
-0.364379946,0.639832532333333,-2.75058432349883,0.020215573857514,0.537623773850961,-3.09232213652993,"Oprl1","GSE41345",FALSE
-0.0695894978499999,0.00127973888888865,-0.702013627121459,0.498468962766427,0.792490220438554,-5.14984217360992,"Optn","GSE41345",FALSE
-0.0141509789500004,0.759826770222222,-0.263717189507914,0.797280279010849,0.931649799439166,-5.32558308928116,"Oraov1","GSE41345",FALSE
-0.00875027935000005,0.822917834555556,-0.141506529745184,0.890242010363007,0.970071404118549,-5.34672528448738,"Osbp2","GSE41345",FALSE
-0.0389439099499999,1.45714813377778,-0.695099078336702,0.502611935918534,0.792639120007653,-5.153756999124,"Osbpl2","GSE41345",FALSE
-0.21981478455,0.0222537250000001,-2.06630385191705,0.0653096863224597,0.564515411734788,-3.8884975303345,"Osbpl3","GSE41345",FALSE
-0.16768123385,0.706190158777778,-1.8905299510907,0.0875810512223777,0.573793150721065,-4.08702829678136,"Osbpl6","GSE41345",FALSE
-0.1645773287,0.259766518777778,-1.36257335249341,0.202514457436377,0.604970355956323,-4.63741577374863,"Osbpl8","GSE41345",FALSE
-0.132805097400002,1.89297184366667,-2.13883554604845,0.0577815065198566,0.552926256887356,-3.80527241869059,"Osbpl9","GSE41345",FALSE
0.0452254315000009,1.27002197377778,0.88825224974011,0.394988989612582,0.733184396287367,-5.03189917244754,"Osgep","GSE41345",FALSE
-0.0945297991999996,0.508451320111111,-1.40349294729469,0.190347400948761,0.596310596848497,-4.59816497302897,"Osgepl1","GSE41345",FALSE
0.14628034235,1.13310324488889,1.61334016583189,0.137327184830052,0.57817881478681,-4.38679440642329,"Ostf1","GSE41345",FALSE
-0.0868495851000039,2.056872998,-1.18600845683784,0.262668308057279,0.643530434351423,-4.79815786992198,"Ostm1","GSE41345",FALSE
-0.00762391034999997,-0.070616952,-0.112150688015891,0.912893258678261,0.977020522817162,-5.34991513144945,"Otop1","GSE41345",FALSE
0.146778302599999,2.72449674655556,1.10545982953527,0.294501252646326,0.669220423875773,-4.86635858039008,"Otub1","GSE41345",FALSE
0.131363998149996,2.32152263677777,1.46047840217919,0.174441704815323,0.590052931837169,-4.54236948639602,"Otub2","GSE41345",FALSE
-0.01923917235,0.699084485333333,-0.318700852029091,0.756421767239664,0.913489046529031,-5.31197812617387,"Otx1","GSE41345",FALSE
0.0822811531500004,0.385953258,0.262132865777591,0.79846784224293,0.931649799439166,-5.32593772807157,"Otx2","GSE41345",FALSE
-0.0654539304,1.35627323066667,-1.0876855397917,0.30191353182217,0.677470019570297,-4.8809381040513,"Ovca2","GSE41345",FALSE
-0.12701153725,-0.0726712311111111,-2.28562939689932,0.0450100372471447,0.551749088057453,-3.63524490998689,"Ovgp1","GSE41345",FALSE
-0.00110650690000016,-0.0978632384444445,-0.016023279785395,0.987526746893828,0.997490311904987,-5.3551994696985,"Ovol2","GSE41345",FALSE
0.0468909404499933,2.63561854177778,0.53053181433735,0.607166944288735,0.841790535767707,-5.23650511024602,"Oxct1","GSE41345",FALSE
-0.474593064599997,2.12721942266667,-1.80976611906213,0.100028900095223,0.573793150721065,-4.17632408742662,"Oxr1","GSE41345",FALSE
0.0217681411499996,-0.231834521,0.23220301058183,0.821000188272274,0.940764360249279,-5.33224167981937,"P2rx4","GSE41345",FALSE
-0.12874202705,-0.175257802888889,-1.31836408826116,0.216386745670421,0.614740970650072,-4.6790157619597,"P2ry1","GSE41345",FALSE
-0.00243594489999992,0.0620760492222223,-0.0175216978200118,0.986360435358442,0.997468690419906,-5.35517789602283,"P2ry12","GSE41345",FALSE
-0.0138595775500005,0.861634106555556,-0.25528180368147,0.803609359302329,0.934435024359569,-5.3274470804354,"P2ry13","GSE41345",FALSE
-0.250510857850001,0.341124850555556,-2.18979693135184,0.0529960973264838,0.551749088057453,-3.74645335399476,"P2ry14","GSE41345",FALSE
0.0637812607499999,0.528131045,1.17339641449619,0.267464769126247,0.645715959830055,-4.80906130117255,"P2ry6","GSE41345",FALSE
-0.00245369894999979,0.279714653333333,-0.0387865078254101,0.969813705717133,0.994556490641638,-5.35466401298604,"P4ha1","GSE41345",FALSE
-0.03749792155,-0.0601779671111111,-0.560445201094492,0.587345349340411,0.832440312614089,-5.22298410971073,"P4ha2","GSE41345",FALSE
0.00299623070000526,2.06419945988889,0.0577511383188431,0.955069199538234,0.989199830205651,-5.35387842803365,"P4hb","GSE41345",FALSE
-0.1344602486,1.07743967911111,-1.25135892989599,0.238905376274275,0.629226152170424,-4.74038159267813,"Pa2g4","GSE41345",FALSE
0.16165409365,0.735392104444444,1.12827250523499,0.285194959524778,0.659844798338244,-4.84739315733622,"Pabpc1","GSE41345",FALSE
0.0367236009000002,0.0255782690000001,0.539171715554588,0.601406494527713,0.839274208391953,-5.23267072926757,"Pabpc4","GSE41345",FALSE
0.105078273599996,2.65645190233333,1.15767418768528,0.273540941460097,0.651868544930035,-4.82253848970853,"Pabpn1","GSE41345",FALSE
-0.00194708315000063,1.57345774611111,-0.03092280443588,0.975931358585312,0.996279724968771,-5.35489926430459,"Pacrg","GSE41345",FALSE
0.14808783835,1.40804513944444,1.72277082220535,0.115238053532787,0.573793150721065,-4.27082327075467,"Pacs1","GSE41345",FALSE
0.314314269600003,3.99399975733333,1.82731933896059,0.0971923612205202,0.573793150721065,-4.15703685147722,"Pacsin1","GSE41345",FALSE
-0.0576237280000001,0.544494855222222,-0.975160318959786,0.352172454151109,0.710557775912246,-4.9690593782162,"Paf1","GSE41345",FALSE
-0.276279014650001,1.00224383722222,-1.43558471537087,0.181244274505706,0.590052931837169,-4.56690123273655,"Pafah1b1","GSE41345",FALSE
-0.02267900285,0.608344335777778,-0.292959845601824,0.775461095797546,0.923630209283662,-5.3186606878955,"Pafah1b3","GSE41345",FALSE
-0.10216176375,0.281038650666667,-1.39441566894396,0.192991682930722,0.597673275028176,-4.60693228337442,"Paip1","GSE41345",FALSE
-0.1394339769,0.932416943,-0.818927931635051,0.431655000568239,0.752308548718672,-5.0785522604473,"Paip2","GSE41345",FALSE
0.0592089408000001,0.145837805,0.798092065586334,0.443108362041638,0.758336071686369,-5.09194862790677,"Pak1","GSE41345",FALSE
-0.0845322463500066,2.02865627233333,-1.30324602863391,0.22130818996167,0.617688005795592,-4.69304239751899,"Pak3","GSE41345",FALSE
0.0924720382000001,0.516477712444444,1.44208012485445,0.179447746932352,0.590052931837169,-4.56052352719193,"Pak4","GSE41345",FALSE
-0.0231793981499998,-0.120540994333333,-0.357983673078911,0.727696188694923,0.900147499235423,-5.30072428029599,"Pak7","GSE41345",FALSE
0.00265474444999991,0.00198771522222222,0.0368553472054539,0.971315899064949,0.994556490641638,-5.35472670095776,"Palld","GSE41345",FALSE
0.428968754550001,1.298389657,2.02740661076965,0.0697217131193261,0.564515411734788,-3.93285169421185,"Palm","GSE41345",FALSE
0.0600384288500011,1.71251863355556,0.65067058509599,0.529727616051197,0.80716298269985,-5.1780843183685,"Palmd","GSE41345",FALSE
0.0567217663000002,0.0424158631111112,0.613908584224248,0.552799956444771,0.814283889134537,-5.19711629441083,"Pam","GSE41345",FALSE
-0.18851084575,0.249809821888889,-1.85874720854357,0.0922980389322172,0.573793150721065,-4.1223341373602,"Pank1","GSE41345",FALSE
-0.0168707311499996,1.22630537766667,-0.2947602696372,0.774124162305915,0.923346298606606,-5.31821118495354,"Pank2","GSE41345",FALSE
-0.38030224725,0.235804257,-4.64431004913982,0.000883008641074043,0.519305144899208,-1.13212443698949,"Pank3","GSE41345",FALSE
0.00659901974999965,1.20064372966667,0.119479444967223,0.907229819661595,0.973806614461992,-5.34918768121567,"Pank4","GSE41345",FALSE
0.0257927957000006,1.00828387055556,0.463920602417251,0.652505048876205,0.864343106114561,-5.26410979411882,"Panx1","GSE41345",FALSE
-0.1423981054,-0.0139901794444444,-2.43348534704055,0.0349306009567086,0.541735380587652,-3.46267795462532,"Papd4","GSE41345",FALSE
-0.0895475972999997,0.739517279666667,-1.59409181738758,0.141581512232587,0.579936514910764,-4.40682086723179,"Papola","GSE41345",FALSE
-0.1433994428,0.829930788111111,-1.8169876511679,0.0988528383001602,0.573793150721065,-4.16839762738479,"Papolg","GSE41345",FALSE
0.0767217767499992,3.31572580844444,0.965454880476044,0.356780123443981,0.714835980344854,-4.97630940057963,"Papss1","GSE41345",FALSE
-0.21051065575,0.473110180555556,-1.87728636390137,0.0895187457493035,0.573793150721065,-4.10176493411945,"Paqr9","GSE41345",FALSE
-0.064235048700003,2.59628152666667,-0.296356265685311,0.772939675954867,0.922369802612492,-5.31781046566923,"Pard6a","GSE41345",FALSE
-0.0659219945000006,0.534854683777778,-0.916563944250471,0.380655583084567,0.728945967725167,-5.01194851867185,"Pard6g","GSE41345",FALSE
0.19229285465,3.24360208055556,2.04267625556763,0.0679570930360356,0.564515411734788,-3.91546502522972,"Park7","GSE41345",FALSE
0.0611344936000006,2.04047442544445,1.13650283882394,0.281894233217908,0.657231908514983,-4.84048194128432,"Parl","GSE41345",FALSE
0.0395310740000011,2.80036479122222,0.341492497547812,0.739704724616614,0.905639943248746,-5.3056034680404,"Parp1","GSE41345",FALSE
0.0223410087000054,2.092346015,0.328698813853704,0.749071728070328,0.909819056998714,-5.3092345582999,"Parp6","GSE41345",FALSE
-0.0190927734500002,1.17175002111111,-0.250662803465994,0.807081340747555,0.936246852256042,-5.32844248038072,"Parva","GSE41345",FALSE
-0.1104876666,0.246906853,-1.30503897222611,0.220719730792997,0.617688005795592,-4.69138430399263,"Pbx1","GSE41345",FALSE
-0.10342052305,0.460464682888889,-1.01622063887372,0.333160599827998,0.699023829446508,-4.93776002611945,"Pbx2","GSE41345",FALSE
0.0902226567999999,-0.206164815222222,0.821220979114001,0.430406700881514,0.75221382329227,-5.07706004956519,"Pbx4","GSE41345",FALSE
0.10656599125,0.969486508777778,1.69209554380837,0.121082728128768,0.573793150721065,-4.30367793970394,"Pbxip1","GSE41345",FALSE
0.15148267415,1.37676029455556,1.97064474919432,0.0766676291062315,0.568657558085909,-3.99717428972455,"Pcbd2","GSE41345",FALSE
0.189041099799998,2.34360449877777,2.19708385144347,0.0523437312641309,0.551749088057453,-3.7380227528722,"Pcbp1","GSE41345",FALSE
0.0195198230000011,1.89805094688889,0.293027860055784,0.775410576590764,0.923630209283662,-5.31864375608945,"Pcbp2","GSE41345",FALSE
0.0925812407499999,1.01763272011111,1.44970774260366,0.177357563906242,0.590052931837169,-4.55301307012586,"Pcbp3","GSE41345",FALSE
-0.0310398579999994,1.57184662855556,-0.231892604954881,0.821234809085597,0.940819432580342,-5.33230311414639,"Pcca","GSE41345",FALSE
-0.133039124950002,1.52933753722222,-1.15798788897008,0.273418649311548,0.651868544930035,-4.82227084216518,"Pccb","GSE41345",FALSE
-0.19495588395,0.852063254666667,-1.93724965510788,0.0810525231913423,0.572386052113846,-4.0347705862752,"Pcdh10","GSE41345",FALSE
-0.0945971752500006,1.758671472,-1.43013606422546,0.18276312868732,0.590993588481768,-4.57223832771336,"Pcdh17","GSE41345",FALSE
-0.0260451494000028,2.13726930944444,-0.255270531607553,0.803617826818848,0.934435024359569,-5.32744953136163,"Pcdh20","GSE41345",FALSE
-0.390731014150001,0.957739463888889,-3.97477245195944,0.00255290265822093,0.537623773850961,-1.75662267981161,"Pcdh9","GSE41345",FALSE
-0.0524458197499998,-0.0376667502222223,-0.713588238708398,0.491580906175321,0.787497620661419,-5.14321219381297,"Pcdhb22","GSE41345",FALSE
0.0569755870000006,0.437138348111111,0.694047771441461,0.503243680336498,0.792832827221793,-5.15434920619189,"Pcdhb3","GSE41345",FALSE
-0.0214354432,0.0430906105555556,-0.344086601523237,0.737810790858184,0.904638905494243,-5.30485077141995,"Pcdhb7","GSE41345",FALSE
0.0373401504999998,0.667469732444444,0.280887526195532,0.784445232268382,0.928412698091011,-5.32160498249021,"Pclo","GSE41345",FALSE
-0.519996398999999,4.59192611233333,-2.18346820495029,0.0535690151378065,0.551749088057453,-3.75377149968036,"Pcmt1","GSE41345",FALSE
0.144315535,0.282981648777778,1.53835887165111,0.154563425293573,0.580042267756514,-4.46412200602938,"Pcnx","GSE41345",FALSE
0.10886074475,-0.0363415457777778,0.598049139644488,0.56292693604894,0.81790776627274,-5.20501533876323,"Pcolce","GSE41345",FALSE
0.2484019242,0.363612724,0.66961291179162,0.518062530972687,0.799311845579835,-5.16788816943874,"Pcolce2","GSE41345",FALSE
0.170846834300005,1.99026045155556,2.02985284767466,0.0694361323203576,0.564515411734788,-3.93006856121017,"Pcsk1n","GSE41345",FALSE
-0.0198116117999988,6.834329779,-0.0868167296832884,0.932507850877459,0.983216698131415,-5.35207605113143,"Pcsk2","GSE41345",FALSE
-0.0204021036000002,0.658178394,-0.276310225535828,0.787860396554834,0.928819625483433,-5.32268955509941,"Pcsk7","GSE41345",FALSE
-0.0331873610499989,2.57824887855555,-0.598654311662013,0.562538616644125,0.81790776627274,-5.20471739607123,"Pcyox1","GSE41345",FALSE
-0.184082651949999,0.727766263222222,-2.45092842743682,0.0338981900506709,0.541735380587652,-3.4422771532505,"Pcyt1a","GSE41345",FALSE
-0.2354081666,1.18224819377778,-1.70308420858327,0.118958943746287,0.573793150721065,-4.29193814879092,"Pcyt1b","GSE41345",FALSE
0.0559422175999963,2.83775811222222,0.415965411555781,0.686102912457738,0.881982408239708,-5.28180642121905,"Pcyt2","GSE41345",FALSE
-0.18721789975,1.07200748655556,-1.77812808723114,0.105334081536886,0.573793150721065,-4.21090693348065,"Pdcd10","GSE41345",FALSE
0.0277399425,1.24328373533333,0.450285175323269,0.661979960037227,0.868235354607994,-5.26932867711356,"Pdcd2","GSE41345",FALSE
-0.13342101885,0.3890502,-1.14903737779269,0.276924834756357,0.653501142571973,-4.82988706804226,"Pdcd4","GSE41345",FALSE
-0.0134222989,0.576774067222222,-0.240151550392592,0.814998625434221,0.93793657418183,-5.33064091235971,"Pdcd7","GSE41345",FALSE
-0.1962678103,0.632553858888889,-2.54907320839224,0.0286255280971003,0.537623773850961,-3.32745836129181,"Pdcl","GSE41345",FALSE
-0.0387523261999996,0.511094072111111,-0.608849095788621,0.556019452910918,0.815414097078774,-5.19965677634892,"Pddc1","GSE41345",FALSE
-0.667890290299994,5.37505120877778,-2.2593759713322,0.0470739909309901,0.551749088057453,-3.66577673915214,"Pde1a","GSE41345",FALSE
0.00830657225000143,2.02802412288889,0.124102021687176,0.903660409843124,0.972554628977121,-5.34870525302694,"Pde1b","GSE41345",FALSE
0.0929457794500001,0.974327643111111,1.0097675762285,0.336097041805205,0.701546929562768,-4.94274549687312,"Pde2a","GSE41345",FALSE
0.166894489750001,2.44795134077778,1.85693667831828,0.0925737003571382,0.573793150721065,-4.12433908735816,"Pde4dip","GSE41345",FALSE
0.468789072899998,4.61664521466667,3.04099939566661,0.0122547885183451,0.537623773850961,-2.75787357109525,"Pde6d","GSE41345",FALSE
-0.0140717539499999,0.0555618243333333,-0.127300645191233,0.901191841910189,0.97233982170878,-5.34836075479126,"Pde8a","GSE41345",FALSE
0.0395013329999979,2.196791527,0.456149016924159,0.65789753916606,0.866553044980333,-5.26710246412101,"Pdgfa","GSE41345",FALSE
-0.00473754914999992,0.589272786,-0.0639484919606298,0.95025447900025,0.986441609221544,-5.35355484916478,"Pdgfb","GSE41345",FALSE
-0.11037971035,1.31430489855556,-1.09348477078639,0.299479521154815,0.674832540296574,-4.87620040131819,"Pdgfra","GSE41345",FALSE
-0.123239979549999,2.55680004855556,-1.47959440478051,0.169368112252608,0.590052931837169,-4.52337005991976,"Pdha1","GSE41345",FALSE
-0.288031488100003,2.10015716688889,-1.8817062062021,0.0888676921975158,0.573793150721065,-4.09685072249461,"Pdhb","GSE41345",FALSE
-0.03388183055,0.248795340444445,-0.64192573282662,0.535164497526197,0.811057565110411,-5.18270244262931,"Pdk1","GSE41345",FALSE
-0.1806554317,0.107152461222222,-1.79849378304336,0.101890346524628,0.573793150721065,-4.1886727233398,"Pdk2","GSE41345",FALSE
-0.0364868729000001,0.625520780444445,-0.475559474905069,0.644468273645862,0.860209926291696,-5.25953824384817,"Pdk3","GSE41345",FALSE
-0.14866627685,0.0641049307777777,-1.28741526274836,0.226560367819429,0.620458769413808,-4.70761864217621,"Pdk4","GSE41345",FALSE
-0.0264629028499998,0.699588319444445,-0.369832059089074,0.719115594198392,0.897815874070945,-5.29708107965704,"Pdlim1","GSE41345",FALSE
0.32286120135,0.643727654666666,1.5434878982726,0.153326528141874,0.580042267756514,-4.45889254375433,"Pdlim2","GSE41345",FALSE
-0.0501616310499999,1.33433200755556,-0.549621676845259,0.594477455940816,0.836240137393894,-5.2279559865551,"Pdlim4","GSE41345",FALSE
-0.13574018505,-0.00482555033333323,-2.18421078724754,0.0535014848457445,0.551749088057453,-3.75291301305637,"Pdlim5","GSE41345",FALSE
-0.0334088181500002,0.312028987777778,-0.395974385865465,0.700328677669474,0.887798716127143,-5.28863749202706,"Pdlim7","GSE41345",FALSE
0.121664477300002,3.36741516622222,1.34721656043923,0.207246406271155,0.60599416791512,-4.65196305545553,"Pdpk1","GSE41345",FALSE
-0.51957242325,-0.208411215,-1.37095112053228,0.199971437424111,0.603082357890033,-4.62943696914114,"Pdrg1","GSE41345",FALSE
-0.1203153228,-0.044338462,-1.65916703764244,0.127652711258974,0.573793150721065,-4.3386528992809,"Pdss1","GSE41345",FALSE
0.0512802927999944,2.64649724544445,0.600644902813079,0.561262371716033,0.817339341774172,-5.20373542621446,"Pdxp","GSE41345",FALSE
-0.0234576464999997,1.13290658333333,-0.165485918598589,0.871814720147447,0.962387528484949,-5.34357457712575,"Pdyn","GSE41345",FALSE
-0.262228714149999,2.18803608522222,-1.84997968119743,0.0936400286090983,0.573793150721065,-4.13203668774912,"Pdzd11","GSE41345",FALSE
-0.0461650798999995,-0.202332011888889,-0.518754824169121,0.61506448478737,0.845629824640868,-5.24163847594482,"Pdzd8","GSE41345",FALSE
-0.11589890615,0.639607223444444,-0.94001508584164,0.369064935854467,0.722793969520029,-4.99503912177268,"Pdzrn3","GSE41345",FALSE
-0.186543078250001,0.521742729222222,-2.55432810091055,0.0283672953711113,0.537623773850961,-3.32131196166833,"Peg3","GSE41345",FALSE
-0.3649767354,1.147433091,-1.65930431341756,0.127624670372879,0.573793150721065,-4.33850774234867,"Peli1","GSE41345",FALSE
-0.0860630088499999,-0.0865460125555555,-1.25896508246589,0.236256500859669,0.627422127475989,-4.7335213700257,"Peli2","GSE41345",FALSE
0.00391679310000206,1.80946470833333,0.0462664249218932,0.96399651898131,0.992310264991324,-5.35439100879459,"Pelo","GSE41345",FALSE
0.01655803975,0.0086747897777778,0.281819995184854,0.783750093151852,0.928412698091011,-5.32138189397063,"Pelp1","GSE41345",FALSE
-0.0940773226000002,0.830850190222222,-0.578311612445298,0.575673152877668,0.825896428568402,-5.21458083897751,"Per1","GSE41345",FALSE
-0.257210298300007,2.56285967066666,-1.92610784156202,0.0825669118341096,0.573793150721065,-4.04727019789773,"Per2","GSE41345",FALSE
-0.1211618152,0.808348503555556,-1.35012210061412,0.206344077645037,0.60599416791512,-4.6492184961823,"Pes1","GSE41345",FALSE
0.0955932603499999,1.34004642288889,0.762470440853367,0.463148610901613,0.769838850724009,-5.11416475026177,"Pex11a","GSE41345",FALSE
0.00176904579999966,1.86636633177778,0.0259449374168813,0.979804814931078,0.996535899435461,-5.35502075558556,"Pex11b","GSE41345",FALSE
0.0262138220499999,1.52358583877778,0.367414916956343,0.720862820848428,0.898495107646719,-5.29783363953915,"Pex14","GSE41345",FALSE
-0.0280475291499994,0.403939486888889,-0.486888440767161,0.63669126038023,0.856105100498132,-5.25498549952992,"Pex16","GSE41345",FALSE
-0.0484881726,1.03163518566667,-0.415548239507096,0.686398492278757,0.881993814861861,-5.28195227094508,"Pex19","GSE41345",FALSE
0.0931372459499998,0.112138323333333,1.06837765767354,0.310126659464088,0.67958968631025,-4.89657656688549,"Pex2","GSE41345",FALSE
-0.223667379599999,1.84093136533333,-1.38821700336247,0.194815221357136,0.598730395963173,-4.61289973717331,"Pex3","GSE41345",FALSE
-0.13738922265,0.485199990666667,-1.38837085029331,0.194769786587605,0.598730395963173,-4.61275182178204,"Pex5","GSE41345",FALSE
0.335728760200006,2.48197094311111,2.2740548853749,0.0459089474499641,0.551749088057453,-3.64871107506822,"Pex6","GSE41345",FALSE
0.0128702447999998,0.62366835,0.121804217267765,0.905434427309892,0.973375787022764,-5.34894734048667,"Pex7","GSE41345",FALSE
0.167091666349998,2.96045205122222,1.42369640171097,0.184572239673825,0.591109774634124,-4.57853095409593,"Pfdn2","GSE41345",FALSE
-0.0788087435500036,1.92688976155555,-1.10282046034839,0.295592965278638,0.670407592962623,-4.86853454526854,"Pfdn4","GSE41345",FALSE
0.214468124649995,6.29658266011111,1.88446111836353,0.0884641115047003,0.573793150721065,-4.09378567609683,"Pfdn5","GSE41345",FALSE
-0.29003809695,0.815884373333333,-2.8135259800656,0.0181340425272693,0.537623773850961,-3.01927134357253,"Pfkfb2","GSE41345",FALSE
0.286308860200001,2.82688611711111,2.14893862964737,0.0568010479401313,0.552658308806149,-3.79363221544807,"Pfkl","GSE41345",FALSE
-0.0255757252499978,6.833969065,-0.10861654862704,0.915626179910403,0.977755249711254,-5.35024952724283,"Pfkm","GSE41345",FALSE
-0.123858136250004,3.02796689044445,-0.652563389330723,0.528555089907065,0.806506299062429,-5.17707731433512,"Pfkp","GSE41345",FALSE
0.541028732399999,3.186685545,3.25013899659066,0.0085663783212733,0.537623773850961,-2.52236800383143,"Pfn1","GSE41345",FALSE
0.0691728174500017,6.20087606922222,0.469362501232977,0.648741475654638,0.861816153070185,-5.26198567491213,"Pfn2","GSE41345",FALSE
-0.1207220183,-0.0440645175555556,-1.85119116203615,0.0934535277437203,0.573793150721065,-4.13069697990643,"Pfn4","GSE41345",FALSE
0.0445850529499994,1.74655250288889,0.593362707461419,0.565939112759485,0.819888234888274,-5.20731324038913,"Pgam1","GSE41345",FALSE
-0.047437057,0.473809473555555,-0.525110655639722,0.6107958388916,0.842883713423382,-5.2388814770453,"Pgam2","GSE41345",FALSE
-0.0259755156500033,1.82770581877778,-0.399137255155235,0.698069681679547,0.886358646230272,-5.28757825709728,"Pgam5","GSE41345",FALSE
0.1307892948,0.867179631666667,1.66461680975014,0.1265437344965,0.573793150721065,-4.33288600956833,"Pgbd5","GSE41345",FALSE
0.0458388594999995,1.54877584644444,0.860981922186745,0.409147041260858,0.740837121901425,-5.05062816472145,"Pgd","GSE41345",FALSE
-0.20326994615,-0.127664654888889,-3.12041044622989,0.010693520327983,0.537623773850961,-2.66783149039085,"Pgk1","GSE41345",FALSE
0.3040551891,1.33840578,3.6651639782276,0.00425325371747725,0.537623773850961,-2.07317783311229,"Pgls","GSE41345",FALSE
-0.1065115521,0.00705868199999992,-1.22893273601644,0.246856103885603,0.636522478598047,-4.7604460947479,"Pglyrp1","GSE41345",FALSE
-0.0440506887500002,1.24741572511111,-0.335628898975311,0.743992388909969,0.907440064546177,-5.30728441639828,"Pgm2","GSE41345",FALSE
-0.10288371695,1.49923950677778,-1.22428164026703,0.248531541535529,0.636522478598047,-4.76457668457999,"Pgm2l1","GSE41345",FALSE
-0.0603659169000001,0.436303097,-0.421610739708099,0.682108480938356,0.880213170258988,-5.27981893558143,"Pgpep1","GSE41345",FALSE
-0.17100328185,0.795704109,-0.906606583166228,0.385654256268044,0.730086829836255,-5.01902349181916,"Pgrmc1","GSE41345",FALSE
-0.0777172627999997,1.33100349711111,-0.750890983465248,0.4697869588309,0.775346679882017,-5.12119742937922,"Phactr4","GSE41345",FALSE
0.0747897862000057,2.51032941377778,1.09510374913241,0.298802716733653,0.674211230643316,-4.87487444646444,"Phc1","GSE41345",FALSE
0.0923492999000024,1.80422354788889,1.06321107012532,0.312353028150844,0.680724425654585,-4.9007257036463,"Phc2","GSE41345",FALSE
-0.11531847785,0.263854907777778,-1.49638502661228,0.165017375887219,0.587699595055963,-4.50656899688443,"Phf13","GSE41345",FALSE
0.1335405059,0.384672781555556,1.73765938674017,0.112494359534629,0.573793150721065,-4.25478580049273,"Phf2","GSE41345",FALSE
0.00939963540000306,2.14339421533333,0.164673751717179,0.872437596039467,0.96252522354562,-5.34368929386823,"Phf5a","GSE41345",FALSE
-0.12804014195,0.673136092444444,-1.75607187837232,0.109183358387112,0.573793150721065,-4.23487288648226,"Phf6","GSE41345",FALSE
-0.00557039854999986,0.902322466111111,-0.094868617080936,0.92626795662919,0.981750589592477,-5.35144876671567,"Phgdh","GSE41345",FALSE
-0.2618033505,-0.365893194666667,-1.72865221894491,0.114147050606123,0.573793150721065,-4.26449500246261,"Phkb","GSE41345",FALSE
-0.1259949273,0.448421614333333,-1.34364351967497,0.208360551482454,0.606675670396084,-4.65533309514436,"Phkg1","GSE41345",FALSE
0.0427074249999998,1.00430056777778,0.698063137774051,0.500833399392408,0.792639120007653,-5.15208304192801,"Phkg2","GSE41345",FALSE
0.0489251336500001,0.905089770444445,0.757045846462072,0.46625092727567,0.772034748202732,-5.11747096786542,"Phlda1","GSE41345",FALSE
0.2465513488,0.319162074444444,3.05579100491138,0.0119473184409234,0.537623773850961,-2.74104836713939,"Phlda3","GSE41345",FALSE
0.0339270214999981,1.67405401222222,0.309643614633443,0.763102277968487,0.916688910181999,-5.31439214169363,"Phpt1","GSE41345",FALSE
-0.1011756669,0.257110555333333,-1.15841804615199,0.273251028491026,0.651868544930035,-4.82190375161912,"Phtf1","GSE41345",FALSE
-0.00844743410000024,0.0819524804444444,-0.0971477372635127,0.924502659248314,0.980291612823643,-5.35126113649773,"Phtf2","GSE41345",FALSE
0.0607203760500001,0.389427483,0.96893315380827,0.355123793312343,0.713786085960202,-4.97371770005813,"Phyhip","GSE41345",FALSE
0.0547010010999997,1.52870172644444,0.70006150221639,0.499636487041423,0.792639120007653,-5.15095089506197,"Pi4k2a","GSE41345",FALSE
-0.0829428162500001,1.35295279011111,-1.22852423421528,0.247002889991641,0.636522478598047,-4.76080930652572,"Pias1","GSE41345",FALSE
-0.0628386510999996,0.538602609222223,-0.627558859549794,0.544166779715615,0.811641100947509,-5.19016667600627,"Pias3","GSE41345",FALSE
0.0584131561,0.547249293111111,0.703613692760246,0.497513246756105,0.792401416689134,-5.14893136608538,"Pias4","GSE41345",FALSE
-0.2477918292,-0.0578451376666667,-1.51890146616287,0.159335386089314,0.580042267756514,-4.48387684297988,"Piga","GSE41345",FALSE
-0.134977519699999,0.971960330444445,-1.81571908116683,0.0990585069651412,0.573793150721065,-4.16979089072066,"Pigf","GSE41345",FALSE
0.0424354867999999,0.754562378555556,0.635070940889776,0.539448888716456,0.811572269569108,-5.18628291307054,"Pigk","GSE41345",FALSE
-0.0511071455,0.00876101111111109,-0.731579283482008,0.480992190985721,0.781774424235665,-5.13271727842385,"Pigl","GSE41345",FALSE
0.0643400320000004,0.626953074777778,0.742943668308232,0.474377985958895,0.776942859103912,-5.12596992064877,"Pigo","GSE41345",FALSE
-0.13803353775,1.49467146,-2.19341239083386,0.052671449994458,0.551749088057453,-3.742271038184,"Pigq","GSE41345",FALSE
0.18210917555,0.509695869555555,1.27482720677729,0.230809498016406,0.622502881230745,-4.71912641771587,"Pigt","GSE41345",FALSE
-0.0169953184499996,1.06542731933333,-0.273011261602754,0.790324709157797,0.929262650567212,-5.32346038245507,"Pih1d1","GSE41345",FALSE
-0.0780881882499998,1.47700395955556,-1.25016446972589,0.239323539008785,0.629324770325865,-4.74145639611309,"Pik3c3","GSE41345",FALSE
-0.10807847525,0.046526670111111,-1.82803034878641,0.0970790390771647,0.573793150721065,-4.15625414095868,"Pik3ca","GSE41345",FALSE
-0.0821188000500001,1.48214644433333,-1.44943671139705,0.17743147471586,0.590052931837169,-4.55328032595586,"Pik3cb","GSE41345",FALSE
-0.127293859249999,-0.244889594555556,-1.10224469806749,0.295831530380658,0.670507149532431,-4.86900871112395,"Pik3cg","GSE41345",FALSE
-0.269503943100004,3.14408663833334,-3.30165301021249,0.00784680819978448,0.537623773850961,-2.46521733206521,"Pik3r1","GSE41345",FALSE
0.281081756,1.03969346288889,2.43750464655705,0.0346900049979064,0.541735380587652,-3.45797754218662,"Pik3r2","GSE41345",FALSE
-0.0656392108500002,1.332380187,-0.958491032354454,0.360113109277557,0.716956340342171,-4.98147602525444,"Pik3r3","GSE41345",FALSE
0.0323007683499999,1.58723758744444,0.454256753000956,0.659213660495718,0.866861666200757,-5.26782385849563,"Pim3","GSE41345",FALSE
0.152270210000003,2.55786793688889,0.979910025293934,0.349933415832269,0.710557775912246,-4.96549048103528,"Pink1","GSE41345",FALSE
0.12093539685,1.33018109166667,1.72673912235434,0.114500899786363,0.573793150721065,-4.26655446299425,"Pip5k1a","GSE41345",FALSE
0.272140087199999,3.46212082166667,1.61762849710735,0.136394965660521,0.57817881478681,-4.38231677259128,"Pip5k1b","GSE41345",FALSE
-0.00672044274999793,1.94224893755556,-0.100693744675648,0.921756948220902,0.979774612634793,-5.35096037334819,"Pitpnb","GSE41345",FALSE
0.0641822546500001,0.252969904111111,0.925710296964709,0.376104637791587,0.726981865995774,-5.00539458367422,"Pitpnc1","GSE41345",FALSE
0.0202128541499997,0.535893727333333,0.304651237331755,0.766793360230864,0.918512806566329,-5.31569368162775,"Pitpnm1","GSE41345",FALSE
0.217902780100001,1.69542609744444,2.27978789341503,0.0454615520140362,0.551749088057453,-3.64204213695322,"Pitpnm2","GSE41345",FALSE
0.0144032666500002,0.302354971444445,0.167802363689162,0.870038672117924,0.961350793928723,-5.34324430457666,"Pitpnm3","GSE41345",FALSE
-0.00872925395000241,2.59530523177778,-0.163432856433275,0.873389453134265,0.962797183593288,-5.34386348466422,"Pja1","GSE41345",FALSE
-0.169093007650004,6.94258566455556,-1.55168100648445,0.151368698269899,0.580042267756514,-4.45052019890804,"Pja2","GSE41345",FALSE
0.0060215141499999,-0.0141194998888889,0.0837115334831539,0.934915559110494,0.983216698131415,-5.35230313395418,"Pkd1","GSE41345",FALSE
-0.0324716379499999,0.745836558111111,-0.506844564418174,0.623104079744289,0.848356877470424,-5.24672006791847,"Pkd2","GSE41345",FALSE
-0.0950841196000023,2.58870103288889,-1.31863013131889,0.21630095842473,0.614740970650072,-4.67876800274877,"Pkia","GSE41345",FALSE
0.17458088315,1.18201608622222,2.34955668822599,0.040344907517894,0.551749088057453,-3.56073815743602,"Pkig","GSE41345",FALSE
-0.265182580900001,-0.349094707444444,-3.28785750430222,0.0080332010995929,0.537623773850961,-2.48048661469597,"Pkn2","GSE41345",FALSE
-0.0984261007000008,2.41692564355556,-0.437576962205546,0.670867200984399,0.871280786650611,-5.27405914634434,"Pkp2","GSE41345",FALSE
0.0534680465000027,1.90218592622223,0.716107826654231,0.490089339485688,0.78728806312102,-5.14175627386985,"Pla2g12a","GSE41345",FALSE
-0.000344496900000131,0.227483076666667,-0.00259805287537433,0.997977464356175,0.998957929148791,-5.3553067707252,"Pla2g7","GSE41345",FALSE
-0.1059454179,1.177077582,-1.25209067056736,0.238649498378016,0.629226152170424,-4.73972281693679,"Plaa","GSE41345",FALSE
0.05103325285,0.0918618381111111,0.854494144127699,0.412566089201605,0.741441680220741,-5.05501246372721,"Plagl2","GSE41345",FALSE
-0.0156498084000002,0.142411335,-0.19172412277773,0.851743601962685,0.953955600436375,-5.33956716204441,"Plcb3","GSE41345",FALSE
-0.15345352545,-0.114867025666667,-1.90947303400235,0.0848770923059181,0.573793150721065,-4.06588954816285,"Plcb4","GSE41345",FALSE
-0.0446588725500007,0.321907753,-0.611891769645262,0.554082047995543,0.814650360824309,-5.19813128225057,"Plcd1","GSE41345",FALSE
-0.008345761,0.128025678888889,-0.134790042591684,0.895416188116541,0.970643617857129,-5.34751997871068,"Plcg2","GSE41345",FALSE
0.0542544044999964,1.76870456566667,0.616159359170313,0.551371120198576,0.813982599286129,-5.19597996633403,"Plch2","GSE41345",FALSE
-0.1042603716,1.23981096066667,-1.22703778844332,0.247537606269274,0.636522478598047,-4.76213026107757,"Plcl2","GSE41345",FALSE
-0.0491064573000002,-0.152848893333333,-0.665543198511561,0.520555771016231,0.800842816728143,-5.170100951736,"Pld1","GSE41345",FALSE
0.242498383799999,4.32717063166666,1.04863778004173,0.318698275937467,0.688306383534323,-4.91234735683798,"Pld3","GSE41345",FALSE
-0.0365238604500003,1.24639553933333,-0.362251153502575,0.72460106458442,0.899539497186934,-5.29942533356857,"Plekha2","GSE41345",FALSE
0.00779997955000035,-0.0382393172222222,0.0648471246462307,0.949556500913243,0.986441609221544,-5.35350519619717,"Plekha3","GSE41345",FALSE
-0.0707740710500002,-0.178187905888889,-0.79800608275631,0.443156038527206,0.758336071686369,-5.09200330033626,"Plekha6","GSE41345",FALSE
0.122141000400006,2.83975121066667,1.24312926927374,0.241798541049291,0.630501573170411,-4.74777290174042,"Plekhb1","GSE41345",FALSE
-0.0838160669499965,2.28830094388889,-1.06956376912894,0.309617253048692,0.67958968631025,-4.89562190623958,"Plekhb2","GSE41345",FALSE
-0.20629065295,0.392314477555555,-1.4224699498798,0.184918516218051,0.591109774634124,-4.57972752748978,"Plekhf2","GSE41345",FALSE
0.053260368,0.394289681666667,0.390853836471338,0.703992379951804,0.890485555439963,-5.29033514136329,"Plekhg2","GSE41345",FALSE
0.21118974915,0.877845202333333,1.84116777557776,0.0950069463798652,0.573793150721065,-4.14177178391958,"Plekhg5","GSE41345",FALSE
-0.0316295631,-0.030898164,-0.512053036121556,0.619581819921877,0.847553687918767,-5.24451146315739,"Plekhj1","GSE41345",FALSE
-0.0401618380000002,1.29083531122222,-0.565088059245701,0.584300013944907,0.830737234373884,-5.22082384071308,"Plekhm1","GSE41345",FALSE
0.00407300820000154,1.70632468266667,0.0704250216605216,0.945225108681434,0.986441609221544,-5.35318151454366,"Plk2","GSE41345",FALSE
0.0324173736999999,0.487230994444444,0.529115594035942,0.608113882626394,0.841790535767707,-5.23712811166437,"Plk3","GSE41345",FALSE
0.0100329878499992,1.79270074111111,0.178439181899606,0.861893150471158,0.957174005246873,-5.34166921464137,"Plod3","GSE41345",FALSE
-0.12845432595,2.30799259966667,-2.01099284706612,0.0716667816026891,0.564515411734788,-3.95150310003114,"Plrg1","GSE41345",FALSE
-0.1130777535,1.45768537866667,-0.81586011107297,0.433328855853693,0.752630963530509,-5.08054312675797,"Pls3","GSE41345",FALSE
-0.0715986892500003,-0.128791217666667,-0.957598987926487,0.360541677381872,0.71724326589222,-4.98213570483777,"Plscr4","GSE41345",FALSE
0.306745002399999,1.23571444777778,1.85681055398053,0.0925929316853708,0.573793150721065,-4.1244787295263,"Pltp","GSE41345",FALSE
0.0448831377499997,0.918703412222222,0.5060205979688,0.623662207733782,0.84842959633166,-5.24706752020253,"Plvap","GSE41345",FALSE
-0.0698018519000002,1.29687126511111,-0.327348989773611,0.750062541063905,0.910364715904999,-5.30960979031254,"Plxdc1","GSE41345",FALSE
0.0645027022500006,1.40573987366667,0.721111070335212,0.487135816105785,0.785729954642869,-5.13885179078546,"Plxna2","GSE41345",FALSE
0.0148369981000001,-0.0399797402222223,0.210567954221715,0.837396035476254,0.947136437588345,-5.33632916739096,"Pml","GSE41345",FALSE
0.11086667725,3.10616164277778,0.845519199942026,0.41732797919037,0.742557299664777,-5.06103185408201,"Pmm1","GSE41345",FALSE
-0.37420284545,-0.451347801555555,-2.6671453984633,0.0233485508398348,0.537623773850961,-3.18950220153908,"Pmm2","GSE41345",FALSE
-0.19922112975,0.538769128666667,-1.40299024465234,0.190493034210377,0.596310596848497,-4.59865139419449,"Pmp22","GSE41345",FALSE
-0.08638343675,0.0424081604444445,-0.673495553842017,0.515690550156492,0.798537035531395,-5.16576583665797,"Pmpcb","GSE41345",FALSE
-0.00104596284999998,-0.0711920857777778,-0.0162584050598219,0.987343732225952,0.997490311904987,-5.35519621192962,"Pms2","GSE41345",FALSE
-0.1066796509,0.348281042222222,-1.71173706459019,0.11731032702283,0.573793150721065,-4.28267045210059,"Pmvk","GSE41345",FALSE
-0.0269233269499999,1.25332290411111,-0.364614699325957,0.722889056714554,0.899056637839649,-5.29869949458504,"Pnck","GSE41345",FALSE
0.0391081066500017,1.85087231333334,0.587224406633354,0.569897936183207,0.823142516731666,-5.21029792602869,"Pnkp","GSE41345",FALSE
-0.0663444692500001,0.253322587222222,-0.896058521544328,0.390999714598922,0.731002939929819,-5.02644937885987,"Pnma1","GSE41345",FALSE
-0.0654097582000019,2.15778178755556,-1.06242061982659,0.312694714974737,0.680872728630251,-4.90135915844629,"Pnma2","GSE41345",FALSE
-0.0111635103499973,1.90109087944445,-0.153966073666799,0.880658015371678,0.966309480313179,-5.34514927991778,"Pnma3","GSE41345",FALSE
-0.1130993155,0.777794311555555,-1.4602784355354,0.174495462459556,0.590052931837169,-4.54256750002897,"Pnp","GSE41345",FALSE
0.0138685640500001,1.15214598244444,0.217983294366599,0.831766791561208,0.945581589234259,-5.33497266834883,"Pnpla2","GSE41345",FALSE
-0.0375530573000002,0.529259078111111,-0.450487489614901,0.661838914035285,0.868235354607994,-5.26925232489795,"Pnpla6","GSE41345",FALSE
-0.0860998203000016,2.024291238,-0.512006833822069,0.619613020440185,0.847553687918767,-5.24453114799214,"Pnpo","GSE41345",FALSE
-0.143844516499999,1.52596565277778,-0.787913998012969,0.4487754527773,0.759921484796752,-5.09838533726329,"Pnrc2","GSE41345",FALSE
-0.04153951285,0.349553383888889,-0.66463848980071,0.521110993139062,0.801088771064833,-5.17059121518811,"Podxl","GSE41345",FALSE
0.197345530299999,1.63539497977778,1.64173187383957,0.131259281709139,0.574906006279939,-4.35704365747262,"Podxl2","GSE41345",FALSE
-0.0743073109999999,0.241336366444445,-0.946358067911005,0.365973824616307,0.720095980312149,-4.99040655370242,"Polb","GSE41345",FALSE
0.0647750471,0.295103428222222,0.87794637352602,0.400298982784769,0.735680674265156,-5.03903389139044,"Pold1","GSE41345",FALSE
0.0705518132499994,0.317524045444444,1.15217055330938,0.275693475196208,0.6523995215362,-4.82722575624362,"Pold2","GSE41345",FALSE
-0.0838506570999995,0.394218263888889,-1.33803296270187,0.210120128427646,0.608286915993467,-4.66061362921065,"Pold3","GSE41345",FALSE
-0.0843715771500002,0.126965309666667,-1.2740876408018,0.231061158642054,0.622502881230745,-4.71980021388747,"Pold4","GSE41345",FALSE
0.0588554353999963,2.88759899988889,0.695694968301182,0.502254072510813,0.792639120007653,-5.15342097736367,"Poldip2","GSE41345",FALSE
-0.058135692000003,2.28688447666667,-0.681545887754247,0.510793218435351,0.79711713755638,-5.16133040075468,"Poldip3","GSE41345",FALSE
-0.0561416031499996,0.516578314777778,-0.855191739041981,0.412197522881238,0.741338126922284,-5.05454237117391,"Pole3","GSE41345",FALSE
-0.086007633,0.784256805333333,-0.673586003520625,0.515635370279107,0.798537035531395,-5.1657162640476,"Pole4","GSE41345",FALSE
0.0400771791,-0.028445704,0.726258083172618,0.484109021478698,0.783492232129999,-5.13584527978666,"Polg","GSE41345",FALSE
-0.1097639358,0.149131182333333,-0.955993479416872,0.36131394732907,0.71794356699861,-4.98332177010035,"Poli","GSE41345",FALSE
-0.0261736713,0.15301367,-0.353750578409,0.730771445848952,0.901596021059044,-5.30199801411028,"Polk","GSE41345",FALSE
0.0714505711999998,0.647381818222223,1.28644881109617,0.226884302339024,0.620458769413808,-4.70850476710726,"Poll","GSE41345",FALSE
0.207851521000003,2.85148595677778,1.55452510473097,0.150694217583273,0.580042267756514,-4.44760851279008,"Polr2e","GSE41345",FALSE
0.0385519400500007,1.99279681677778,0.400426855033987,0.697149502506775,0.886351405460487,-5.28714404702603,"Polr2g","GSE41345",FALSE
-0.1435190955,1.60258709833333,-2.11171689477611,0.0604938672387009,0.559762518320677,-3.83646205556674,"Polr2h","GSE41345",FALSE
0.0704133803499998,0.921334729111111,0.911125304304416,0.383380113090521,0.730086829836255,-5.01582060903343,"Polr2i","GSE41345",FALSE
0.102396164249999,1.74033495033333,1.40759923239443,0.18916134246029,0.596239110339268,-4.594187816871,"Polr2j","GSE41345",FALSE
0.0443609557,0.0727705441111111,0.819996630175941,0.431072916646178,0.752214781538642,-5.07785723983164,"Polr3a","GSE41345",FALSE
0.0666512037499998,0.814426329222222,1.29187146238737,0.22507165868767,0.620187610125935,-4.70352723220936,"Polr3b","GSE41345",FALSE
-0.08434305665,0.0401717314444444,-0.857550304837543,0.410953069822893,0.740973672484891,-5.05295062040455,"Polr3e","GSE41345",FALSE
-0.1336258306,0.659778012555556,-0.898152573311405,0.389934396345255,0.731002939929819,-5.02498081006857,"Polr3h","GSE41345",FALSE
0.0497691546999999,0.779287570111111,0.20456301675554,0.841961659668561,0.947136437588345,-5.33739362094724,"Polr3k","GSE41345",FALSE
0.0632709873000005,1.897025758,0.808889902666331,0.437147991098318,0.755275809732671,-5.08504286156395,"Polrmt","GSE41345",FALSE
0.1339042827,0.158420001333333,1.62068633521072,0.135733677392033,0.57817881478681,-4.37912044518905,"Pom121","GSE41345",FALSE
-0.0512666946500003,0.322420298777778,-0.883971003634165,0.397188869777482,0.734372541783482,-5.03487139274421,"Pomt2","GSE41345",FALSE
0.132693174899995,2.071599364,2.11557889759582,0.0601003075957749,0.559762518320677,-3.83202535726401,"Pon2","GSE41345",FALSE
-0.000466567800003877,1.95539634133333,-0.00606433281346923,0.995279056113978,0.998627926207612,-5.35529388293745,"Pop4","GSE41345",FALSE
0.425500458299995,5.128511789,2.87748140134993,0.0162395142705021,0.537623773850961,-2.9453254727612,"Pop5","GSE41345",FALSE
0.1783898913,0.419681991333333,2.56877521282695,0.0276691736028652,0.537623773850961,-3.30441590265292,"Pop7","GSE41345",FALSE
-0.0796115199999998,0.413748351222222,-0.789822229588584,0.44770935732298,0.759616063442426,-5.09718394544688,"Popdc3","GSE41345",FALSE
0.0248256268000014,1.82680638411111,0.26859930426775,0.793624203838362,0.93032237562921,-5.32447705330933,"Por","GSE41345",FALSE
-0.112308398649999,2.20854023655556,-1.52306041529248,0.158304729598143,0.580042267756514,-4.47966553295682,"Porcn","GSE41345",FALSE
0.256868522700005,2.09799480166667,2.3362668471751,0.0412742695267073,0.551749088057453,-3.57624363741448,"Pou3f1","GSE41345",FALSE
-0.0244138339499998,1.38108359233333,-0.262180570866495,0.798432076013061,0.931649799439166,-5.32592708034105,"Pou6f1","GSE41345",FALSE
-0.0852945570499977,2.81042835677778,-1.27113536467916,0.232068003158684,0.624044996029129,-4.72248738417418,"Ppa1","GSE41345",FALSE
-0.239461882550001,2.87984786244445,-1.84029068736918,0.0951440043545606,0.573793150721065,-4.14273984215312,"Ppa2","GSE41345",FALSE
0.0336741389500003,0.952196646777778,0.281523964390588,0.783970757323006,0.928412698091011,-5.32145279643925,"Ppap2a","GSE41345",FALSE
0.354463422250003,4.93617012977777,1.9966458239557,0.0734087357434862,0.564707806576065,-3.96777252351271,"Ppap2b","GSE41345",FALSE
-0.150523299099999,1.41072067255556,-1.84996306615222,0.0936425887922449,0.573793150721065,-4.13205505920351,"Ppapdc2","GSE41345",FALSE
-0.20755646485,1.02105024088889,-3.62001358598962,0.00458613875130959,0.537623773850961,-2.12072685418254,"Ppargc1a","GSE41345",FALSE
-0.1362735647,0.724347462444444,-2.24224145853986,0.0484701266925629,0.551749088057453,-3.68567871003162,"Ppargc1b","GSE41345",FALSE
-0.12249650065,0.123241639222222,-1.35913515842392,0.20356593322227,0.604970355956323,-4.64068155728543,"Ppat","GSE41345",FALSE
-0.1057040184,-0.143923661333333,-1.6080117145803,0.138493392617639,0.579351577338652,-4.39235003125442,"Ppfibp1","GSE41345",FALSE
-0.0639331553000001,0.0709729131111112,-0.511722727000595,0.61980489579811,0.847553687918767,-5.24465215718795,"Ppic","GSE41345",FALSE
-0.154282887249999,0.481166105888889,-1.51680331132349,0.159857559775055,0.580042267756514,-4.48599907822497,"Ppie","GSE41345",FALSE
0.0158762102999985,2.19805203766667,0.24242713143745,0.813282727961094,0.937488042134582,-5.33017284627675,"Ppif","GSE41345",FALSE
0.0706319255000001,0.240121175888889,1.41725434928917,0.186397280565656,0.59119590307711,-4.58480933351138,"Ppil2","GSE41345",FALSE
-0.0414076881000004,1.39432024766667,-0.428254461289461,0.677420761750558,0.875957154232836,-5.27744709646958,"Ppil3","GSE41345",FALSE
-0.17492541695,6.18545782644445,-1.3679994815478,0.200864308175294,0.603670265868896,-4.63225145623666,"Ppm1a","GSE41345",FALSE
-0.211507982850002,5.91451200466667,-1.29501441012769,0.224026525588674,0.619815180923144,-4.70063606285894,"Ppm1b","GSE41345",FALSE
-0.252951284,2.92617756811111,-0.595629768905253,0.56448085779007,0.81852367281365,-5.20620370092855,"Ppm1d","GSE41345",FALSE
0.190793587550005,4.59562188622222,1.68760321749868,0.121960758536981,0.573793150721065,-4.30846765124838,"Ppm1e","GSE41345",FALSE
0.0868502806499985,2.18686650833334,0.863110379122674,0.408029594702439,0.740837121901425,-5.04918378549453,"Ppm1f","GSE41345",FALSE
0.1609865781,0.891331231666667,1.92492032459654,0.0827298665476054,0.573793150721065,-4.0486010944983,"Ppm1g","GSE41345",FALSE
-0.0493027854499953,1.93609215611111,-0.944148884600296,0.367048301212522,0.721267016351691,-4.99202285228568,"Ppm1k","GSE41345",FALSE
-0.327482687300003,2.94906976077778,-3.18518724196565,0.00957111360719101,0.537623773850961,-2.59493182181721,"Ppm1l","GSE41345",FALSE
0.0923626494999997,-0.108055677555555,1.0316637745688,0.326210908406759,0.695652591328662,-4.92572986570234,"Ppm1m","GSE41345",FALSE
0.398576713099998,7.81001197422222,2.1851052869528,0.0534202477934832,0.551749088057453,-3.75187883010401,"Ppp1ca","GSE41345",FALSE
-0.433705687799999,3.18045193333333,-1.60419453653006,0.139334231631498,0.579351577338652,-4.39632443663695,"Ppp1cb","GSE41345",FALSE
-0.0793693827000002,0.0271745360000001,-1.11925157771856,0.288847274815614,0.661829336875724,-4.8549264581785,"Ppp1cc","GSE41345",FALSE
-0.0847400861500055,2.39702210288889,-0.960839065276598,0.358986799098323,0.716410933064045,-4.97973728817825,"Ppp1r10","GSE41345",FALSE
0.140384911849996,1.96924150455556,0.992892352773642,0.343866687637432,0.708659567491277,-4.95566624740034,"Ppp1r11","GSE41345",FALSE
0.28556110015,0.177642113111111,1.74271115390335,0.111576965838528,0.573793150721065,-4.24933103415711,"Ppp1r13b","GSE41345",FALSE
0.26450949475,0.246763465444444,1.44612373114617,0.178337069595335,0.590052931837169,-4.55654485246019,"Ppp1r14a","GSE41345",FALSE
0.00693699920000001,-0.178131983444444,0.0615674146290728,0.952104099824805,0.987345460706661,-5.3536830659848,"Ppp1r14c","GSE41345",FALSE
0.0715268700500001,0.378842333222222,1.08505446815815,0.303022820626416,0.67816321279793,-4.8830814103813,"Ppp1r16a","GSE41345",FALSE
0.140043764900003,2.74401017188889,1.42941691679534,0.182964406764664,0.590993588481768,-4.57294187313031,"Ppp1r1a","GSE41345",FALSE
0.2408153309,1.11423904555556,1.60543927397893,0.139059547604512,0.579351577338652,-4.39502893683993,"Ppp1r1b","GSE41345",FALSE
0.0476336691000009,2.18440630200001,0.800122698285421,0.441983382878733,0.758336071686369,-5.09065598139246,"Ppp1r1c","GSE41345",FALSE
-0.1068361416,2.638594443,-1.41899983797422,0.185901269595423,0.591109774634124,-4.58310983753877,"Ppp1r2","GSE41345",FALSE
-0.0943791941999979,2.40793319166667,-1.26348161847392,0.234694957121206,0.626245429130193,-4.72943471477799,"Ppp1r3c","GSE41345",FALSE
-0.17560321105,0.812542216222222,-2.00041378396953,0.0729474242556311,0.564652545006905,-3.96350277397479,"Ppp1r3f","GSE41345",FALSE
-0.0637287144999995,0.836109093888889,-0.906311975202828,0.385802853487161,0.730086829836255,-5.01923186026377,"Ppp1r8","GSE41345",FALSE
0.0549832516500004,2.56311991133333,0.819442615934905,0.431374603883333,0.752308548718672,-5.07821763497666,"Ppp1r9a","GSE41345",FALSE
0.114633762549999,3.53520729511111,1.06861866999563,0.310023098826383,0.67958968631025,-4.89638264855224,"Ppp2ca","GSE41345",FALSE
0.0254611095500022,2.54155569588889,0.345750277670991,0.736597119739347,0.903957909468322,-5.30436513124965,"Ppp2cb","GSE41345",FALSE
0.120232950250003,2.76631258677778,1.11320617456241,0.291315156522058,0.664752187484497,-4.85995029818345,"Ppp2r1a","GSE41345",FALSE
-0.1638722359,0.335954936555556,-1.51759483983459,0.159660394965962,0.580042267756514,-4.48519864977762,"Ppp2r2b","GSE41345",FALSE
-0.134612147350001,1.49598699455556,-1.89557747875019,0.0868528408986293,0.573793150721065,-4.08140254347127,"Ppp2r2d","GSE41345",FALSE
-0.20593600345,0.539315565555556,-2.76787856497391,0.0196208384005232,0.537623773850961,-3.07222560978942,"Ppp2r3c","GSE41345",FALSE
-0.0257358280999997,0.314646909777778,-0.325315947267669,0.751555755657115,0.911080691292989,-5.31017210728362,"Ppp2r4","GSE41345",FALSE
0.0211385597499995,1.10900850244444,0.33187053987919,0.746745465407945,0.908994759447109,-5.30834694412846,"Ppp2r5a","GSE41345",FALSE
0.0616231119499998,0.491088870555556,0.890917419990342,0.393623813674094,0.732609116267005,-5.03004293764081,"Ppp2r5b","GSE41345",FALSE
0.19340701635,4.03546735933333,1.33623002086115,0.21068819054229,0.60897908918619,-4.66230758618772,"Ppp2r5c","GSE41345",FALSE
-0.0191202936999995,1.74926556788889,-0.0748892768537976,0.941759829040125,0.98492219366432,-5.35290324865907,"Ppp2r5d","GSE41345",FALSE
-0.00997003650000253,3.02833302766666,-0.122131329762265,0.905181846964482,0.973370215015763,-5.34891315241872,"Ppp2r5e","GSE41345",FALSE
0.445701489499997,6.05052586808889,2.5777994629357,0.0272417654668158,0.537623773850961,-3.29386370783475,"Ppp3ca","GSE41345",FALSE
0.066867525550003,3.46416504644445,0.765635189023661,0.461344839908361,0.769365749886859,-5.11222642839016,"Ppp3cb","GSE41345",FALSE
-0.0122625975000003,0.546998989666667,-0.192941934051113,0.850814593241729,0.953479554159564,-5.33936698499431,"Ppp3cc","GSE41345",FALSE
0.119128704299996,3.712317687,1.3278093516583,0.213358308585976,0.610837812575172,-4.67020024518387,"Ppp3r1","GSE41345",FALSE
0.0870908186,1.46043713088889,1.60237153411753,0.139737393323401,0.579351577338652,-4.39822089496769,"Ppp4c","GSE41345",FALSE
-0.24948946625,0.823945222777778,-4.32258030438852,0.00145955032671617,0.519305144899208,-1.42175640836578,"Ppp4r1","GSE41345",FALSE
0.121849163650002,1.78244828444445,1.34868290227195,0.206790615512426,0.60599416791512,-4.65057841443594,"Ppp5c","GSE41345",FALSE
-0.14818017965,1.36266613877778,-1.86910008478573,0.0907362952043427,0.573793150721065,-4.11085636708445,"Ppp6c","GSE41345",FALSE
-0.1637122336,0.929294331888889,-2.78853341869178,0.0189334893820336,0.537623773850961,-3.04824775612984,"Ppt1","GSE41345",FALSE
-0.00791494464999988,0.0782243932222222,-0.138324426609206,0.892692749460322,0.970451757819428,-5.3471065848562,"Pqbp1","GSE41345",FALSE
-0.0876348043000002,1.32838525088889,-1.24586042250639,0.240835258209535,0.630197490903886,-4.74532358888283,"Prdm4","GSE41345",FALSE
0.1341015457,0.0676186437777777,1.79985498961323,0.101663890769083,0.573793150721065,-4.1871831186007,"Prdm8","GSE41345",FALSE
0.00136302405000517,2.95159724966666,0.0168975163365218,0.986846270532227,0.997468690419906,-5.3551871169529,"Prdx2","GSE41345",FALSE
-0.11410409215,1.61036892055556,-1.74351922735477,0.111430852981868,0.573793150721065,-4.24845788538751,"Prdx3","GSE41345",FALSE
-0.0491365674000007,1.563351782,-0.632054402066032,0.54134055473916,0.811641100947509,-5.18784750792926,"Prdx4","GSE41345",FALSE
0.134183833400001,4.16283316488889,1.66805618900915,0.125848307125926,0.573793150721065,-4.32924203763968,"Prdx5","GSE41345",FALSE
-0.016120476199998,3.53746241711111,-0.22095794148978,0.829511408955309,0.944934726758894,-5.33441546857867,"Preb","GSE41345",FALSE
0.0544225793500025,1.73238811444445,0.408647252559129,0.691296062874472,0.883254635185195,-5.28434458248534,"Prelp","GSE41345",FALSE
-0.00837985699999991,0.708723263111111,-0.0668630827152883,0.947990847089389,0.986441609221544,-5.35339128854571,"Prep","GSE41345",FALSE
0.1855020823,0.997329566111111,2.30705822134325,0.0433906660166938,0.551749088057453,-3.61029312264385,"Prf1","GSE41345",FALSE
0.0219553873500005,2.34922439533333,0.313867958210465,0.759983879329985,0.915539089862439,-5.31327468838598,"Prickle1","GSE41345",FALSE
-0.32705195555,0.437721175111111,-2.01208586133464,0.0715356820266434,0.564515411734788,-3.95026233311667,"Prkaa2","GSE41345",FALSE
0.0570572146000005,0.474474707444444,0.916341857334997,0.380766570124442,0.728945967725167,-5.0121070019556,"Prkab1","GSE41345",FALSE
0.108284569899998,4.30419553511111,0.839114591845753,0.420748876519107,0.744213894696896,-5.06529477818742,"Prkaca","GSE41345",FALSE
0.156547437900008,3.75637409166667,1.15121154367492,0.27606991452672,0.6523995215362,-4.82804088575819,"Prkacb","GSE41345",FALSE
0.1101410165,1.01074006288889,1.21297016789184,0.252644468505286,0.641105786819756,-4.77457773034385,"Prkag1","GSE41345",FALSE
0.0147581128500006,-0.000792465333333344,0.0629491736137669,0.951030712472257,0.986841128188805,-5.35360925252673,"Prkag2","GSE41345",FALSE
0.00617787190000414,3.61314653344445,0.0820030965476991,0.936240542277488,0.983336584249126,-5.35242455105801,"Prkar1a","GSE41345",FALSE
0.0698999195499971,1.85882083811111,0.727704282197838,0.483260678770267,0.783228662343953,-5.13499713357688,"Prkar1b","GSE41345",FALSE
-0.0265323893000001,0.0323228197777778,-0.368788639795069,0.719869620822359,0.897815874070945,-5.29740652653978,"Prkca","GSE41345",FALSE
0.0567329887500018,3.22526837866667,0.725585286524653,0.48450400243896,0.783853533478679,-5.13623934674987,"Prkcb","GSE41345",FALSE
-0.264196589100001,0.705706129333334,-0.828282311814192,0.426577820426142,0.750080874619607,-5.07244269415887,"Prkcd","GSE41345",FALSE
-0.00793071905000128,1.10616749477778,-0.0356163273999235,0.972279758560598,0.994556490641638,-5.35476523604543,"Prkcdbp","GSE41345",FALSE
0.211657023649999,0.826298649888889,1.54794831051769,0.152257929864032,0.580042267756514,-4.45433740906543,"Prkce","GSE41345",FALSE
-0.00183760549999943,-0.245181341555556,-0.0158612844187011,0.987652839812123,0.997490311904987,-5.35520168660906,"Prkcq","GSE41345",FALSE
0.0102299780499976,2.17714189011111,0.168151997207211,0.869770669069038,0.961265282514828,-5.34319405867945,"Prkcsh","GSE41345",FALSE
0.113614840650005,5.23495855433333,0.595741070995978,0.564409318060077,0.81852367281365,-5.20614912778478,"Prkcz","GSE41345",FALSE
-0.00862457640000018,0.580917919333333,-0.124042919240611,0.903706032915344,0.972554628977121,-5.3487115363042,"Prkd2","GSE41345",FALSE
-0.08521175215,-0.0932458914444445,-1.24135978046507,0.24242430982964,0.630828583318305,-4.74935786333645,"Prkg1","GSE41345",FALSE
-0.124003044200001,0.244457417111111,-0.992820195331292,0.343900192139601,0.708659567491277,-4.95572113138207,"Prkg2","GSE41345",FALSE
-0.16467933755,0.993079471111111,-2.17588584160049,0.0542632553765171,0.551749088057453,-3.76253440992912,"Prkra","GSE41345",FALSE
0.0352356863499996,0.879262784444445,0.380944136373981,0.711105162769133,0.894716938874813,-5.29356004366946,"Prkrip1","GSE41345",FALSE
-0.00927235925000006,1.36303351144444,-0.136344787121482,0.894217993851466,0.970635775100538,-5.34733944259717,"Prkrir","GSE41345",FALSE
0.0445191464999999,1.40427192433333,0.463972163871152,0.652469341222785,0.864343106114561,-5.26408977859795,"Prkx","GSE41345",FALSE
0.390527954225,0.653336811655556,0.641994495397036,0.535121619873675,0.811057565110411,-5.1826663496181,"Prlr","GSE41345",FALSE
0.0704844639999987,2.53533823944445,1.1948915049957,0.259331286066499,0.641851050902518,-4.79042947450851,"Prmt2","GSE41345",FALSE
-0.0334466797999989,1.72136069277778,-0.606631735411819,0.557433743406015,0.816045824259634,-5.20076410934134,"Prmt3","GSE41345",FALSE
0.0840160364999995,1.38055586366667,1.26810232235354,0.233106127647911,0.625294788153412,-4.72524379617995,"Prmt5","GSE41345",FALSE
0.00150239429999937,0.449318457,0.0215053184183897,0.98325990811848,0.997040630069024,-5.35511116902329,"Prmt6","GSE41345",FALSE
0.147071587800005,4.40824428533333,1.15893552800156,0.273049486926043,0.651868544930035,-4.82146201107861,"Prnp","GSE41345",FALSE
-0.0548247693,0.0773921796666667,-0.656026982472213,0.526413467381313,0.804700502516018,-5.17522780133291,"Prodh","GSE41345",FALSE
-0.0740815197000007,0.455327380333333,-1.11983753730624,0.288608937519764,0.661829336875724,-4.85443846202599,"Pros1","GSE41345",FALSE
-0.3793429695,0.926763966666667,-3.63699367132773,0.00445788158304875,0.537623773850961,-2.10280471502154,"Prosc","GSE41345",FALSE
0.0831965663500003,0.784487814111111,0.987405551031761,0.346421205537333,0.709874904317257,-4.95983068580642,"Prox1","GSE41345",FALSE
-0.0396750254999996,1.39495222833333,-0.699351997321205,0.500061241484579,0.792639120007653,-5.15135318437403,"Prpf18","GSE41345",FALSE
0.168890007000004,6.11639376633333,0.794825850057977,0.444921815772139,0.758336071686369,-5.09402192137031,"Prpf19","GSE41345",FALSE
-0.36845012105,0.843981779444445,-3.80858892110629,0.00335286634746764,0.537623773850961,-1.92443743340473,"Prpf3","GSE41345",FALSE
-0.2469979101,0.484061130666667,-1.18381461993129,0.263497692314306,0.6436898197403,-4.80006035563248,"Prpf38a","GSE41345",FALSE
-0.0450717986499999,0.214918200888889,-0.726944547211227,0.483706224435943,0.783228662343953,-5.13544287691241,"Prpf38b","GSE41345",FALSE
0.0881127611499996,0.393724037777778,0.780132872771941,0.453139812402753,0.76402008490374,-5.10325835560312,"Prpf40b","GSE41345",FALSE
0.0677836403999991,0.78627631,0.75693706612545,0.466313274444878,0.772034748202732,-5.11753705842506,"Prpf8","GSE41345",FALSE
-0.025582202049999,2.27295444322222,-0.291668235725064,0.776420674863246,0.924118353395173,-5.31898149589807,"Prps1","GSE41345",FALSE
-0.1235319609,0.176330255666667,-0.961796317680873,0.358528355322175,0.716410933064045,-4.97902746576091,"Prps2","GSE41345",FALSE
-0.0845756565500005,0.281010009111111,-0.796383320858893,0.444056475333671,0.758336071686369,-5.09303419368858,"Prr3","GSE41345",FALSE
0.0470329732500001,0.109622302666667,0.768561314138586,0.459681107397386,0.76844598649671,-5.11042807384658,"Prrg2","GSE41345",FALSE
0.34908019635,0.226347258333334,1.22713825735301,0.247501435367378,0.636522478598047,-4.76204101190624,"Prrt1","GSE41345",FALSE
0.00229826775000049,0.411772864333333,0.0375203151923304,0.970798626353343,0.994556490641638,-5.35470547644366,"Prrt3","GSE41345",FALSE
-0.051713173,0.117535353555556,-0.564357354678382,0.584778734007777,0.831178824117576,-5.22116492310389,"Prss35","GSE41345",FALSE
-0.26653885845,0.413418835333333,-3.36210610057602,0.00708099171185025,0.537623773850961,-2.39862292463179,"Prune","GSE41345",FALSE
0.21175510985,3.74229636355556,1.83811955653217,0.0954840602038278,0.573793150721065,-4.14513543766678,"Psap","GSE41345",FALSE
-0.111000641900002,1.98266141277778,-1.40573615410066,0.189698693597615,0.596239110339268,-4.5959931601689,"Psat1","GSE41345",FALSE
-0.0784599574,0.916645185222222,-0.908090287244271,0.384906504218045,0.730086829836255,-5.01797326817038,"Psd2","GSE41345",FALSE
-0.0026461743,0.743157064333333,-0.0339166540687889,0.973602045780885,0.995198249797534,-5.35481595514624,"Psen1","GSE41345",FALSE
0.0263378128,0.0748023227777778,0.511220619452178,0.620144073930007,0.847553687918767,-5.24486586497302,"Psen2","GSE41345",FALSE
-0.00903087534999932,0.646495133222222,-0.143820955688038,0.888460282780224,0.968757882391497,-5.34644253377507,"Psg23","GSE41345",FALSE
-0.175637342250003,2.261390314,-1.51485947002753,0.16034265875933,0.581314182691086,-4.48796382643806,"Psip1","GSE41345",FALSE
-0.0344198505500007,3.18153178544444,-0.634497763973056,0.539808032839782,0.811572269569108,-5.1865807236915,"Psma2","GSE41345",FALSE
-0.0534821189500047,2.88658836955555,-0.849943510714883,0.414975890103926,0.741776913579799,-5.05807116314197,"Psma3","GSE41345",FALSE
-0.165775063549998,2.55480693477778,-2.3305959186301,0.0416771571051089,0.551749088057453,-3.58285764185191,"Psma4","GSE41345",FALSE
-0.00423382689999724,3.01631630255555,-0.073846827953477,0.942568895958966,0.985155428460324,-5.3529697546706,"Psma5","GSE41345",FALSE
0.0711030537499997,4.31743274222222,0.95077149694121,0.36383405564052,0.718408434845397,-4.98716852911628,"Psma7","GSE41345",FALSE
0.000918967649995978,2.21966734666667,0.0175852845628248,0.986310942583105,0.997468690419906,-5.35517693789742,"Psmb1","GSE41345",FALSE
0.174607963750006,3.20181474044445,1.19856277756698,0.2579620491576,0.64147071691409,-4.78722372453976,"Psmb10","GSE41345",FALSE
0.0670754976000001,4.60460255566666,0.749745684660581,0.470446827384979,0.775441422965574,-5.12188792900391,"Psmb2","GSE41345",FALSE
0.0975744432000069,2.656916445,1.54463539102716,0.153050992798125,0.580042267756514,-4.45772133663211,"Psmb3","GSE41345",FALSE
0.185812838199996,3.32881348744445,1.95265718602121,0.0790010715762502,0.572386052113846,-4.01744877966559,"Psmb4","GSE41345",FALSE
0.0169062615999998,0.805008084444444,0.243677775640776,0.812340121705329,0.937488042134582,-5.3299137469982,"Psmb5","GSE41345",FALSE
0.0494184388500007,2.402592392,0.61380313113628,0.552866951496461,0.814283889134537,-5.19716944053076,"Psmb6","GSE41345",FALSE
-0.147672405150001,6.10194082133334,-0.960178169909904,0.359303560534315,0.716476020472341,-4.98022702821396,"Psmb7","GSE41345",FALSE
-0.0764195326000001,1.77466122188889,-1.26092927546035,0.235576364208046,0.627250055280453,-4.73174531896239,"Psmc1","GSE41345",FALSE
0.0409633947999994,3.09006659944445,0.700468406712917,0.499392988037417,0.792639120007653,-5.15072001695763,"Psmc2","GSE41345",FALSE
-0.0634322973500004,2.10468552044444,-1.03951991796058,0.322717439589272,0.693127788691949,-4.91955666643212,"Psmc3","GSE41345",FALSE
-0.17234667945,0.485546481,-0.559660145758342,0.587861118396937,0.832440312614089,-5.22334775537685,"Psmc3ip","GSE41345",FALSE
0.0677010667999976,2.52225550322222,0.913687730515787,0.382094732917899,0.729663316696362,-5.01399859834257,"Psmc4","GSE41345",FALSE
-0.158726682999998,4.85407947555555,-2.2818377194444,0.0453026144048788,0.551749088057453,-3.63965717677114,"Psmc5","GSE41345",FALSE
-0.0211026094999991,0.513401978444444,-0.37912978682084,0.712410604128285,0.895002416228976,-5.29414182784617,"Psmd1","GSE41345",FALSE
-0.453178873599998,2.92002671688889,-2.86225043294256,0.0166717758849087,0.537623773850961,-2.96290735646581,"Psmd10","GSE41345",FALSE
-0.10827983345,-0.0230223162222224,-0.599768221611706,0.561824246741519,0.817642749100964,-5.20416826597963,"Psmd11","GSE41345",FALSE
-0.242923122350001,1.49718938744444,-1.56636823595274,0.147913913149006,0.580042267756514,-4.43545448619156,"Psmd12","GSE41345",FALSE
0.130415395499996,2.578233845,1.51895574858356,0.159321896419699,0.580042267756514,-4.4838219167437,"Psmd13","GSE41345",FALSE
-0.18472947775,1.03177243188889,-1.31235866363169,0.21833075164533,0.617688005795592,-4.68459999876148,"Psmd14","GSE41345",FALSE
-0.2473330777,-0.109890574111111,-2.7457260320698,0.0203858748860887,0.537623773850961,-3.097970763713,"Psmd2","GSE41345",FALSE
0.1400057138,2.99665259388889,1.18131915467656,0.264443638536031,0.6436898197403,-4.80222142008744,"Psmd4","GSE41345",FALSE
-0.0728539687500002,0.521932820333333,-0.926895712466957,0.375517656571788,0.726505351048035,-5.00454130743972,"Psmd5","GSE41345",FALSE
0.0164070824000004,3.93845087622222,0.188460583273317,0.85423436373026,0.954819470289218,-5.34009740928537,"Psmd7","GSE41345",FALSE
0.112540922650006,2.05094129744444,1.73605858863998,0.112786487947243,0.573793150721065,-4.25651291820471,"Psmd8","GSE41345",FALSE
0.115279146950001,2.58208808422222,1.5219190752586,0.158586992113186,0.580042267756514,-4.48082185368186,"Psme1","GSE41345",FALSE
0.0256072141500002,1.16662607066667,0.339876383528001,0.740885558501238,0.905985904830685,-5.30606959447193,"Psme3","GSE41345",FALSE
-0.1802898772,0.988323874888889,-1.37138502347573,0.199840463757791,0.603082357890033,-4.62902291630662,"Psme4","GSE41345",FALSE
-0.0330523707000003,1.11842757466667,-0.529968368199334,0.607543594649277,0.841790535767707,-5.23675315895318,"Psmf1","GSE41345",FALSE
-0.0115149933000007,0.760170708,-0.181714805080288,0.859388087095177,0.956498371931357,-5.34116482051305,"Ptbp1","GSE41345",FALSE
0.0135327042499997,1.37936685522222,0.223313660911168,0.827726447017743,0.943562772348187,-5.33396890832155,"Ptdss2","GSE41345",FALSE
-0.19622626565,-0.0509616942222223,-1.43049035469808,0.18266403790354,0.590993588481768,-4.57189164818642,"Pten","GSE41345",FALSE
-0.0797261019,-0.238687337666667,-0.961510308038075,0.358665285504914,0.716410933064045,-4.97923960659224,"Pter","GSE41345",FALSE
0.316603557549996,2.58075046544444,0.893999414568178,0.392049241401776,0.731403980883889,-5.02789070183465,"Ptgds","GSE41345",FALSE
0.0796594022500006,0.235689191777778,1.52343640343319,0.158211840735771,0.580042267756514,-4.47928450871087,"Ptges2","GSE41345",FALSE
0.212606050199999,-0.0274846763333335,1.44948457257573,0.177418420945303,0.590052931837169,-4.55323313353859,"Ptgis","GSE41345",FALSE
0.101369465049999,2.11196469077778,1.60422904524737,0.139326609896067,0.579351577338652,-4.39628852723293,"Ptk2","GSE41345",FALSE
0.0651333595000001,1.22481446177778,0.714336140721343,0.491137863688029,0.78728806312102,-5.14278049826483,"Ptk2b","GSE41345",FALSE
0.124421912000001,0.674401218555556,1.56163417919299,0.149019825973329,0.580042267756514,-4.44031849062698,"Ptms","GSE41345",FALSE
0.0251267619999959,2.99335607577778,0.270643833900393,0.792094662101936,0.929469360616727,-5.32400794474559,"Ptn","GSE41345",FALSE
-0.37315110035,5.25357109711111,-2.21027337128543,0.051182526073397,0.551749088057453,-3.72275139208479,"Ptp4a2","GSE41345",FALSE
0.0515519215500001,0.0170157873333334,0.642178305049715,0.535007013165582,0.811057565110411,-5.18256985200434,"Ptp4a3","GSE41345",FALSE
-0.10489838295,0.965127480666667,-1.33858417909253,0.209946709058232,0.608133976898715,-4.66009544771801,"Ptpla","GSE41345",FALSE
-0.0680922672,0.109527294333333,-1.18271567669369,0.2639139323229,0.6436898197403,-4.80101242954429,"Ptplb","GSE41345",FALSE
0.29160777985,0.119791811111111,4.46973039051944,0.00115775799555911,0.519305144899208,-1.28687870994804,"Ptpn1","GSE41345",FALSE
0.0185246997999973,4.72355216411111,0.106253236673128,0.917454354526273,0.978897416270167,-5.3504671841701,"Ptpn11","GSE41345",FALSE
-0.7556982152,-0.366837797222222,-2.76074527160662,0.0198639909386246,0.537623773850961,-3.08051261492034,"Ptpn12","GSE41345",FALSE
-0.09429304875,0.150042703333333,-1.24456409275315,0.241292087092427,0.630197490903886,-4.74648659359162,"Ptpn5","GSE41345",FALSE
0.00805439314999984,0.403794710888889,0.0484420836770478,0.962304892337424,0.99194211377848,-5.3543025907237,"Ptpra","GSE41345",FALSE
0.0635263225500002,0.656758545333333,0.64121292445653,0.535609094674657,0.811057565110411,-5.18307638497547,"Ptprb","GSE41345",FALSE
-0.3863178846,4.423322216,-4.44614610069817,0.001201306885538,0.519305144899208,-1.30822262508866,"Ptprd","GSE41345",FALSE
0.340857018300002,2.99834690233333,3.55234780800814,0.00513650341449525,0.537623773850961,-2.19261867527372,"Ptpre","GSE41345",FALSE
0.0981651061500001,-0.0358429173333333,1.71100980159233,0.117448092537162,0.573793150721065,-4.28345017686779,"Ptprf","GSE41345",FALSE
-0.0941088907500003,0.362107785333333,-1.32924585182877,0.212900824996577,0.61049408975836,-4.66885603987168,"Ptprk","GSE41345",FALSE
0.14085063715,0.386680328777778,1.79899601788302,0.101806738963185,0.573793150721065,-4.18812316491119,"Ptprn","GSE41345",FALSE
-0.06827891525,0.503198863444445,-0.817324751460622,0.432529183368128,0.752412787763184,-5.07959343678072,"Ptpro","GSE41345",FALSE
-0.1982133606,-0.133102804333333,-1.42965585275068,0.182897511350544,0.590993588481768,-4.57270814369473,"Ptprr","GSE41345",FALSE
0.496519406349993,5.09268504811111,3.32607160677324,0.00752770536211367,0.537623773850961,-2.43825540450563,"Ptprs","GSE41345",FALSE
-0.206945485750001,0.651646147555556,-2.06885462039473,0.0650298018104749,0.564515411734788,-3.88558170326637,"Ptprt","GSE41345",FALSE
0.14117270685,-0.0355008723333334,1.81534912421213,0.0991185607618592,0.573793150721065,-4.17019714339411,"Ptpru","GSE41345",FALSE
0.0203449610500009,1.72592945511111,0.233584455739291,0.819956244195877,0.94044305094174,-5.33196728554756,"Pts","GSE41345",FALSE
0.0486390704,2.43334131322222,0.809920922645407,0.436581666417268,0.755034754369782,-5.08437933773954,"Pttg1ip","GSE41345",FALSE
0.0392144746500003,0.359874729,0.672390290114361,0.516365114588118,0.798537035531395,-5.16637111546814,"Pum1","GSE41345",FALSE
-0.10855826255,0.888468369111111,-1.4525371003689,0.176587568256238,0.590052931837169,-4.550221425809,"Pum2","GSE41345",FALSE
-0.00541824139999989,0.786849767111111,-0.0903872324565926,0.929740235208965,0.982859343100233,-5.35180473765999,"Purb","GSE41345",FALSE
-0.1913999282,0.564290147444445,-1.52897379886962,0.156849310985747,0.580042267756514,-4.47366716040952,"Pus3","GSE41345",FALSE
-0.0584595704499978,2.64543866688889,-0.454830701722708,0.658814334525356,0.866769046304865,-5.26760535137118,"Pvalb","GSE41345",FALSE
-0.163663266200007,1.98223602377778,-0.742708685756187,0.474514163023191,0.776942859103912,-5.12611035703249,"Pvrl3","GSE41345",FALSE
0.0391145270000001,0.0260691162222222,0.670728291077121,0.517380458427296,0.799126999034871,-5.16727960509113,"Pwp2","GSE41345",FALSE
0.05570584625,0.104734750888889,0.899650969328775,0.38917335955407,0.731002939929819,-5.02392825576554,"Pxk","GSE41345",FALSE
-0.10198622125,-0.0821295794444443,-1.42803230351188,0.183352471423259,0.590993588481768,-4.57429586864898,"Pxmp2","GSE41345",FALSE
0.0230894255999999,0.116545343333333,0.36702172000669,0.721147201935643,0.898573674647274,-5.29795560694329,"Pxmp4","GSE41345",FALSE
0.101278705,1.31315136177778,1.3331292835543,0.211668149929758,0.609318530695256,-4.66521754051566,"Pycr2","GSE41345",FALSE
-0.0227519396000003,0.751818791444445,-0.393654820366682,0.701987314114795,0.889254464978878,-5.28940914979283,"Pycrl","GSE41345",FALSE
0.1346937104,1.70052878488889,1.38787887259888,0.19491511114398,0.598730395963173,-4.61322479675926,"Pygb","GSE41345",FALSE
-0.1239316765,-0.142535545111111,-1.26346022972174,0.234702332154683,0.626245429130193,-4.7294540905936,"Pygl","GSE41345",FALSE
-0.0137376800499997,0.605347725222222,-0.223596426659108,0.827512260196817,0.943562772348187,-5.33391499148216,"Pygo1","GSE41345",FALSE
0.0543639220500025,2.20712057433333,0.952577050263592,0.362961271874636,0.71794356699861,-4.98584037296233,"Pygo2","GSE41345",FALSE
-0.0752546058000002,1.64119101433333,-1.38797732861989,0.194886021033555,0.598730395963173,-4.61313015167929,"Qars","GSE41345",FALSE
0.131507807400002,1.965787983,1.30393830517767,0.221080825549452,0.617688005795592,-4.69240236160792,"Qdpr","GSE41345",FALSE
-0.2254198696,0.409564292888889,-3.24023355609956,0.0087123272553203,0.537623773850961,-2.53339854301702,"Qpct","GSE41345",FALSE
0.0315409449500002,1.63941666755556,0.51084160686201,0.620400162088867,0.847650505937187,-5.24502705048105,"Qrsl1","GSE41345",FALSE
-0.0489415173999999,0.220776627888889,-0.384097149661482,0.70883886662904,0.893221990107509,-5.29254262889402,"Qtrt1","GSE41345",FALSE
0.0231769187500001,0.114153193777778,0.355487892896987,0.729508714229482,0.900811078809813,-5.30147703592728,"R74862","GSE41345",FALSE
0.1777918425,0.837846892666667,1.88887178270026,0.0878215110487805,0.573793150721065,-4.0888753215632,"Rab1","GSE41345",FALSE
-0.17489027215,-0.0275685204444446,-0.894334171455347,0.391878481760447,0.731400141938539,-5.02765656547927,"Rab10","GSE41345",FALSE
-0.21214685345,0.638747722777778,-2.01292483705032,0.0714352060836459,0.564515411734788,-3.9493098225502,"Rab11a","GSE41345",FALSE
0.133386385299997,3.67743186811111,1.5458992765991,0.152748011511921,0.580042267756514,-4.45643080644566,"Rab11b","GSE41345",FALSE
-0.118050717950001,0.769997272444445,-1.70571228020204,0.118456021922398,0.573793150721065,-4.28912549848855,"Rab11fip2","GSE41345",FALSE
0.0297732141499999,1.53194090022222,0.376077569192082,0.714608896604844,0.896015083435661,-5.29511448955172,"Rab11fip3","GSE41345",FALSE
0.0184953265999986,3.57825467855556,0.106239523324549,0.917464964169153,0.978897416270167,-5.35046843321215,"Rab11fip5","GSE41345",FALSE
-0.0681772292499996,1.42267259522222,-0.796363794258996,0.444067317569608,0.758336071686369,-5.09304658744221,"Rab12","GSE41345",FALSE
0.163948961949999,2.83200690511111,1.94928894955256,0.0794453459013974,0.572386052113846,-4.02123906740194,"Rab14","GSE41345",FALSE
0.1215326406,3.41700489233333,1.46990042125288,0.171924863070008,0.590052931837169,-4.53302220494811,"Rab15","GSE41345",FALSE
-0.149081972800001,1.61854539322222,-2.21715692633357,0.0505863888043868,0.551749088057453,-3.71477552627886,"Rab18","GSE41345",FALSE
0.0400509233499994,0.450439225777778,0.40688142620562,0.692551664662418,0.883515822133208,-5.28495054664186,"Rab1b","GSE41345",FALSE
0.0226116274000004,0.646482689777778,0.357294871713753,0.728196246064898,0.900147499235423,-5.30093254081746,"Rab21","GSE41345",FALSE
0.0151770279000001,0.963936648333334,0.159798914377395,0.876178162583955,0.964752505220717,-5.34436606827556,"Rab22a","GSE41345",FALSE
-0.10235863055,0.179940917111111,-1.6830064251636,0.122865136500072,0.573793150721065,-4.3133628651648,"Rab23","GSE41345",FALSE
0.215267030000005,4.95952964055556,1.40928968499167,0.188674899575488,0.595796818133493,-4.59254852698245,"Rab24","GSE41345",FALSE
-0.0134649807000005,0.767917672333333,-0.245827776905454,0.810720407147568,0.937016424904449,-5.32946525402334,"Rab27a","GSE41345",FALSE
-0.127134004949995,5.115449399,-1.42127255348651,0.185257123440448,0.591109774634124,-4.58089517252109,"Rab28","GSE41345",FALSE
-0.0467990694000001,-0.00523410499999996,-0.611477495346436,0.554345610451541,0.814650360824309,-5.19833939373271,"Rab32","GSE41345",FALSE
-0.0224671892499998,1.46789943855556,-0.385515238437844,0.707820551945548,0.89260791284356,-5.29208240144328,"Rab33a","GSE41345",FALSE
-0.101795617150001,1.26066818188889,-1.10167006188533,0.296069777032786,0.670725910876205,-4.86948176812627,"Rab33b","GSE41345",FALSE
0.1780826034,1.00412131033333,1.57592719908632,0.145702868211766,0.579936514910764,-4.42561032015754,"Rab34","GSE41345",FALSE
-0.0725470525999926,2.20410535311111,-0.959299896260002,0.359724822855037,0.716749222306579,-4.98087743675702,"Rab35","GSE41345",FALSE
-0.105294606000001,0.468611627333334,-1.8042866553184,0.100929814085277,0.573793150721065,-4.18233042755045,"Rab36","GSE41345",FALSE
0.140651708600003,3.35118376288889,1.77543652595737,0.105797087946425,0.573793150721065,-4.21383797074336,"Rab3a","GSE41345",FALSE
-0.1447556956,0.333732978888889,-1.41832438278899,0.186093078430219,0.59119590307711,-4.58376764017668,"Rab3b","GSE41345",FALSE
0.0250600087499996,0.740125638666666,0.325433638786559,0.751469285080472,0.911080691292989,-5.31013964822956,"Rab3d","GSE41345",FALSE
-0.01513144855,0.718130061555556,-0.210164069858154,0.837702917435097,0.947136437588345,-5.33640171703679,"Rab3ip","GSE41345",FALSE
0.00189936644999999,-0.0484593533333334,0.0293817352019148,0.97713045458791,0.996535899435461,-5.3549391487017,"Rab40b","GSE41345",FALSE
-0.0459512215000055,2.11445674088889,-0.81572839984189,0.433400816595796,0.752630963530509,-5.0806284590424,"Rab40c","GSE41345",FALSE
0.0332480542999993,1.19847641922222,0.439086010388576,0.669809058179713,0.870803578345009,-5.27350418126611,"Rab4a","GSE41345",FALSE
0.113003629449999,0.606953983111111,1.70351308697775,0.118876739889443,0.573793150721065,-4.29147927813836,"Rab4b","GSE41345",FALSE
-0.216948554499997,3.22610951922222,-1.57637083972084,0.145600962671918,0.579936514910764,-4.4251527068776,"Rab5a","GSE41345",FALSE
-0.0946221540500009,1.97906030011111,-1.26881500803712,0.232861854867743,0.624971971313478,-4.72459650121406,"Rab5c","GSE41345",FALSE
0.124758319399997,3.54296358455555,1.38553314212845,0.195609273692336,0.600035016563534,-4.61547853675831,"Rab6b","GSE41345",FALSE
-0.170381913949994,3.78017437411111,-1.15573307898202,0.274298614874417,0.651868544930035,-4.82419348277236,"Rab7","GSE41345",FALSE
-0.0111696229,2.32147346255556,-0.145856719574284,0.886893616261035,0.968583718428198,-5.3461900539545,"Rab8a","GSE41345",FALSE
-0.0998887444499995,4.10458291766666,-1.19908092208771,0.257769268251759,0.641365508558957,-4.78677073342307,"Rab8b","GSE41345",FALSE
-0.1360454571,0.263012433,-0.869996010067546,0.404428997989131,0.739003812586054,-5.04449088089256,"Rab9","GSE41345",FALSE
-0.0667692860999987,1.87945272333333,-1.14732657015828,0.277599015589352,0.653868209069175,-4.83133803936094,"Rab9b","GSE41345",FALSE
0.525396858399999,5.54945177244444,2.58864849145104,0.0267365911503556,0.537623773850961,-3.28117986438426,"Rabac1","GSE41345",FALSE
-0.2173892629,-0.0861427017777777,-1.36422315212359,0.202011533480923,0.604970355956323,-4.63584690698294,"Rabep1","GSE41345",FALSE
-0.03790167065,-0.0587219465555556,-0.637839990599205,0.537715789708467,0.811057565110411,-5.1848407421609,"Rabep2","GSE41345",FALSE
-0.137671846249997,2.41838585477778,-2.10978137382367,0.0606920309209414,0.560346185520773,-3.83868494615197,"Rabgap1","GSE41345",FALSE
-0.0505725082000051,1.91097286188889,-0.771521941521866,0.458001706313387,0.767853259620482,-5.10860247892087,"Rabgef1","GSE41345",FALSE
-0.0182443896999996,0.583514566555555,-0.333006538891725,0.745912926948959,0.908827951341774,-5.30802701355492,"Rabggta","GSE41345",FALSE
-0.0455284186000021,2.19551374788889,-0.771147188878847,0.458214063176551,0.767953978264987,-5.10883389577999,"Rabggtb","GSE41345",FALSE
-0.29506417565,1.27659916377778,-2.90108113145037,0.015591970009782,0.537623773850961,-2.91812044196846,"Rabif","GSE41345",FALSE
-0.0396246729500002,0.704963827444445,-0.673610606598934,0.515620361496881,0.798537035531395,-5.16570277884722,"Rabl3","GSE41345",FALSE
0.2836619847,1.054520421,2.42129006985243,0.0356706783906561,0.541735380587652,-3.47693806237695,"Rac1","GSE41345",FALSE
-0.0505913015999996,1.07811587766667,-0.525718404446762,0.610388462992393,0.842673639414171,-5.23861620570626,"Rac3","GSE41345",FALSE
-0.1738574823,0.161980172666667,-2.42680807444627,0.0353339289138404,0.541735380587652,-3.47048613366478,"Rad1","GSE41345",FALSE
-0.0473947863500002,0.182081732111111,-0.686518380309417,0.507782310101173,0.796004410892202,-5.15856724352545,"Rad17","GSE41345",FALSE
0.34294482365,-0.191728939777778,1.87708299472722,0.089548808675908,0.573793150721065,-4.10199095542526,"Rad23a","GSE41345",FALSE
-0.00852603964999994,0.765004561444445,-0.116561542592883,0.909484052047827,0.975187216045509,-5.34948280879283,"Rad23b","GSE41345",FALSE
-0.00586982135000038,0.426096434111111,-0.0880257286558465,0.931570608094565,0.983216698131415,-5.35198540435171,"Rad50","GSE41345",FALSE
-0.0964947056500001,0.554640518555555,-1.01756504854276,0.332551240936809,0.699020705811636,-4.93671828361852,"Rad52","GSE41345",FALSE
0.0627453751499999,1.38191231,1.13450348465032,0.282693304251638,0.65795769687451,-4.84216418008703,"Rae1","GSE41345",FALSE
0.0675199342000001,0.841966202444444,1.01209194767515,0.335037138515078,0.701075638809768,-4.9409525761219,"Raf1","GSE41345",FALSE
-0.102597246,0.232041434,-1.33515678781292,0.211026947137175,0.609318530695256,-4.66331526476248,"Rai14","GSE41345",FALSE
0.0844072882999996,0.642885317555556,0.656178054811265,0.526320172231125,0.804700502516018,-5.17514693005715,"Rala","GSE41345",FALSE
-0.149145058650001,0.353797929666667,-1.89487536489411,0.0869537974289569,0.573793150721065,-4.08218538866558,"Ralb","GSE41345",FALSE
-0.0438189489500003,1.90122069977778,-0.763605538428555,0.462501132790122,0.769838850724009,-5.11347033393986,"Ralbp1","GSE41345",FALSE
0.281167436049998,1.58763246311111,3.11927543353994,0.0107143427446392,0.537623773850961,-2.6691133584097,"Raly","GSE41345",FALSE
0.157367830899999,1.86162413677778,2.14612262271964,0.0570727167255996,0.552658308806149,-3.79687773696803,"Ramp1","GSE41345",FALSE
0.12562736235,1.85940403866667,1.30485672107139,0.220779488058819,0.617688005795592,-4.69155291455353,"Ramp2","GSE41345",FALSE
-1.0253402898,-0.333214178666667,-1.43896699544945,0.180306877896289,0.590052931837169,-4.56358231045733,"Ramp3","GSE41345",FALSE
-0.154109741600001,1.22364295211111,-1.84471827142354,0.0944539876465286,0.573793150721065,-4.13785133098588,"Ran","GSE41345",FALSE
0.137739940900003,2.20058577211111,2.00513802052483,0.0723728926148082,0.564515411734788,-3.95814627286515,"Ranbp1","GSE41345",FALSE
-0.0373160005500005,1.04309144766667,-0.537765964309317,0.602341806299807,0.839274208391953,-5.23329853483543,"Ranbp10","GSE41345",FALSE
-0.18483201845,0.117780334444445,-2.46026219320766,0.033358124717228,0.541735380587652,-3.43135904114461,"Ranbp6","GSE41345",FALSE
-0.0684112158000001,0.939383729,-1.05758716342614,0.314790241877314,0.683083988720866,-4.905224899572,"Ranbp9","GSE41345",FALSE
0.0494456680000069,3.38072151044444,0.535183199341358,0.604062208538727,0.840169259478524,-5.23444800927931,"Rangap1","GSE41345",FALSE
-0.0455265141000015,2.01686446233333,-0.53773651131818,0.602361410831907,0.839274208391953,-5.23331167214122,"Rap1b","GSE41345",FALSE
-0.0311671765500003,0.229758291333333,-0.321842493499906,0.754109395427199,0.912257751740548,-5.31112492333881,"Rap1gap","GSE41345",FALSE
-0.0372958480499978,2.98542107633334,-0.579984989747325,0.574586426634637,0.825538276216089,-5.21378132197562,"Rap1gds1","GSE41345",FALSE
-0.459143114799997,2.47941075022222,-1.73521484684626,0.112940738678475,0.573793150721065,-4.25742297118959,"Rap2c","GSE41345",FALSE
0.13786510265,0.557577530555555,1.20865060957118,0.254229449768283,0.641365508558957,-4.77838010316337,"Rapgef1","GSE41345",FALSE
-0.0456815435000004,0.291192411777778,-0.606087323143635,0.5577812925515,0.816045824259634,-5.20103542001221,"Rapgef3","GSE41345",FALSE
-0.0589754904000004,1.94531119033333,-0.928781490840083,0.374585222593452,0.725605452186926,-5.00318208532056,"Rapgef4","GSE41345",FALSE
-0.129860851250001,1.55917540711111,-0.947182768363782,0.365573297182217,0.719588656397314,-4.98980240592991,"Rapgef5","GSE41345",FALSE
-0.0140097412000001,0.0136419045555556,-0.234798823929568,0.819038862385391,0.940226037561923,-5.3317247508565,"Rapgef6","GSE41345",FALSE
0.14762750405,1.06599758922222,1.17605507713863,0.266447920357513,0.645270027874055,-4.80676961797407,"Rapgefl1","GSE41345",FALSE
0.0485002086499997,0.548890186888889,0.378430674577047,0.712913881814753,0.895002416228976,-5.29436528719681,"Rarres2","GSE41345",FALSE
-0.242471894649999,2.34884088188889,-2.34715129255225,0.0405115921103817,0.551749088057453,-3.56354512710188,"Rars","GSE41345",FALSE
-0.1537037941,2.13374359122222,-1.9995257375163,0.0730559013286095,0.564652545006905,-3.96450928409811,"Rasa1","GSE41345",FALSE
-0.11911592435,0.354706894777777,-1.8699428165884,0.0906102507028335,0.573793150721065,-4.10992108921214,"Rasa2","GSE41345",FALSE
0.0753533429499997,0.501166258444445,0.853335902925076,0.413178530134646,0.741629838353521,-5.05579226755939,"Rasal1","GSE41345",FALSE
0.233706785349998,10.3322956747778,1.13261356656302,0.283450263872906,0.658424542013387,-4.84375237725582,"Rasgrf1","GSE41345",FALSE
0.0938141307500021,5.21325390922222,0.860903491873495,0.409188257511268,0.740837121901425,-5.05068133115234,"Rasgrp1","GSE41345",FALSE
-0.1117194658,0.251184389888889,-1.15001084821454,0.27654179221573,0.653189242048559,-4.82906075838028,"Rasgrp3","GSE41345",FALSE
-0.02214805595,-0.142500718222222,-0.273240013510499,0.7901537539694,0.929262650567212,-5.32340722625728,"Rasip1","GSE41345",FALSE
0.04299502545,0.846246325,0.515361100669824,0.617349933820538,0.84604722800647,-5.24309770745632,"Rasl10b","GSE41345",FALSE
0.00903018624999951,0.449736338111111,0.132465142724601,0.897208430517109,0.970948951737721,-5.3477860985859,"Rasl11a","GSE41345",FALSE
0.17105969245,5.14770438577778,1.30597409693867,0.220413328438143,0.617688005795592,-4.69051893117684,"Rasl11b","GSE41345",FALSE
-0.1005429295,0.471833886555556,-1.62339515485551,0.135150251668088,0.57817881478681,-4.37628651732969,"Rasl12","GSE41345",FALSE
-0.0744972158000002,0.761571867111111,-0.755170951075903,0.467326265509535,0.772789665710527,-5.11860892433677,"Rassf1","GSE41345",FALSE
0.0243999642500004,0.416228893555556,0.228459172206595,0.823831203194732,0.942937076194061,-5.33297723418005,"Rassf2","GSE41345",FALSE
-0.0619808915500004,0.0553540518888891,-0.430059507499114,0.676149621204499,0.875270912053587,-5.27679655752139,"Rassf3","GSE41345",FALSE
-0.159177051,-0.173059356,-0.992848836731775,0.343886892934556,0.708659567491277,-4.95569934669653,"Rassf4","GSE41345",FALSE
-0.0675240718500004,0.589411112,-0.810434870095111,0.436299544524033,0.754805695723738,-5.08404831291537,"Rassf5","GSE41345",FALSE
-0.062803913850001,1.871366172,-0.660653277331291,0.523560910987526,0.802929397028411,-5.1727436794837,"Rb1","GSE41345",FALSE
-0.1123339372,1.27234447588889,-0.680909684496239,0.511179223251504,0.79711713755638,-5.16168263840049,"Rbak","GSE41345",FALSE
-0.0496357867499999,0.163560916333333,-0.646958318606865,0.532031658802718,0.808874180085049,-5.18005164437575,"Rbbp5","GSE41345",FALSE
-0.501155840550004,5.29955671766667,-2.55488449762341,0.0283400886520296,0.537623773850961,-3.32066119213115,"Rbbp7","GSE41345",FALSE
-0.120281050199999,0.421562680666667,-0.874516720630144,0.40207700593511,0.737818980987781,-5.0413929821011,"Rbbp9","GSE41345",FALSE
-0.2061513295,0.450255344888889,-2.69181936410889,0.0223746648606052,0.537623773850961,-3.16073048226647,"Rbm11","GSE41345",FALSE
-0.23070815235,0.593447509,-0.983029279284949,0.348468658566937,0.710557775912246,-4.96313927704688,"Rbm12","GSE41345",FALSE
-0.415549827349998,2.18644438044444,-2.81798849957901,0.0179949105242884,0.537623773850961,-3.01410196617562,"Rbm18","GSE41345",FALSE
-0.0894479105500001,0.491046561888889,-1.36875317731002,0.200635997029684,0.603343669064219,-4.63153313389234,"Rbm26","GSE41345",FALSE
-0.217063079700001,0.926044126333334,-1.56839776865826,0.147442014653153,0.580042267756514,-4.43336694392978,"Rbm28","GSE41345",FALSE
0.0342487530999999,1.13477231144444,0.52984061980507,0.607629008142611,0.841790535767707,-5.23680936403014,"Rbm43","GSE41345",FALSE
-0.0352664788999945,4.58352138877778,-0.502724299228124,0.62589750496941,0.849408266297291,-5.24845219630829,"Rbm5","GSE41345",FALSE
-0.0380929599500004,0.443013848777778,-0.378660524101246,0.712748401558943,0.895002416228976,-5.29429186366003,"Rbms1","GSE41345",FALSE
-0.000609121250000229,-0.0386304765555555,-0.0059606829830728,0.995359744068625,0.998627926207612,-5.35529441790904,"Rbms2","GSE41345",FALSE
-0.22281703455,0.682554534666667,-2.07252048767035,0.0646295555810506,0.564515411734788,-3.88138969472328,"Rbms3","GSE41345",FALSE
-0.28366597905,0.902070115333333,-3.24160826915629,0.0086919205256174,0.537623773850961,-2.53186690255348,"Rbmx","GSE41345",FALSE
-0.0633434681499999,0.00742931488888868,-0.337498480785955,0.742624283372738,0.906573290014214,-5.30675152902526,"Rbp1","GSE41345",FALSE
0.0841491562500038,5.363619484,0.937002143865127,0.370539770142514,0.723995374207167,-4.99723085525074,"Rbx1","GSE41345",FALSE
-0.0235911096499993,0.663290692777778,-0.380371004151402,0.711517431350555,0.894716938874813,-5.29374411243343,"Rce1","GSE41345",FALSE
-0.0379234398500001,0.266990063444444,-0.280722779230807,0.784568068864226,0.928412698091011,-5.3216443219685,"Rchy1","GSE41345",FALSE
0.170310407100002,2.09565266066667,2.42104318277799,0.0356858186052184,0.541735380587652,-3.4772267208086,"Rcl1","GSE41345",FALSE
-0.1681908985,0.173963724555556,-2.07026745972089,0.0648752674965285,0.564515411734788,-3.88396629486566,"Rdh11","GSE41345",FALSE
-0.0968960632499998,2.691738274,-0.882468054333639,0.397963164770695,0.73460038065103,-5.03591199830098,"Rdh14","GSE41345",FALSE
0.2840760574,0.598396254111111,1.10274659532801,0.2956235626864,0.670407592962623,-4.86859538657263,"Rdh5","GSE41345",FALSE
-0.116534746799999,2.332170793,-1.43847038963536,0.180444251450985,0.590052931837169,-4.56406989545114,"Reep1","GSE41345",FALSE
-0.0550677214000002,1.25901708855556,-0.745386766934004,0.472963629562072,0.776942859103912,-5.12450751514075,"Rela","GSE41345",FALSE
0.0446212085499929,2.14574658944445,0.576918999801905,0.576578397932516,0.826046835447068,-5.21524458678542,"Reln","GSE41345",FALSE
0.0713796852999994,1.26026498577778,0.457227446352154,0.657148008603379,0.866553044980333,-5.266690055118,"Rem2","GSE41345",FALSE
0.01191627905,-0.0125978847777778,0.173859997438325,0.865397806873343,0.959658105398398,-5.34235907363288,"Renbp","GSE41345",FALSE
0.0160371632500001,1.30588883811111,0.227838716155055,0.824300636381216,0.94304630428096,-5.33309799520017,"Repin1","GSE41345",FALSE
-0.0330371888999993,1.49855568033333,-0.441406792718883,0.668183203687077,0.870617866134646,-5.27264713620221,"Reps1","GSE41345",FALSE
0.0490418715500002,0.387142684555555,0.361197611049419,0.725364699245232,0.899764254280683,-5.29974740027568,"Rer1","GSE41345",FALSE
0.0494571850999999,1.35625999355556,0.524963791116965,0.610894303502372,0.842883713423382,-5.23894553769661,"Rerg","GSE41345",FALSE
-0.0860497541000044,1.92585558344445,-0.969545906255076,0.354832585348037,0.713640661936576,-4.97326036747881,"Resp18","GSE41345",FALSE
-0.0861422131000002,0.163248408555556,-1.51759203426222,0.159661093442182,0.580042267756514,-4.48520148729055,"Rev1","GSE41345",FALSE
-0.12407171055,0.153478220333333,-1.2130571990528,0.252612615784946,0.641105786819756,-4.77450102394596,"Rev3l","GSE41345",FALSE
0.0520022215499971,1.74997194166667,0.792457826028146,0.446239628511216,0.759165420805862,-5.09552051973719,"Rfc2","GSE41345",FALSE
-0.0125982876000001,0.174721172666667,-0.210095256942458,0.83775520614023,0.947136437588345,-5.33641406414284,"Rfc5","GSE41345",FALSE
-0.13020399435,-0.214922062333334,-1.65851358189221,0.127786266263427,0.573793150721065,-4.33934379476197,"Rffl","GSE41345",FALSE
-0.0994755571000001,0.205225171888889,-0.896578296484475,0.390735096635216,0.731002939929819,-5.02608512005664,"Rfng","GSE41345",FALSE
0.0301853935499996,1.32545168266667,0.541080374130716,0.600137786697814,0.839274208391953,-5.231815882265,"Rftn2","GSE41345",FALSE
-0.02409862215,0.207988112666667,-0.347312210410702,0.735458361269078,0.903458442714324,-5.30390711962289,"Rfwd3","GSE41345",FALSE
0.12833764665,1.34578264266667,1.44024724126783,0.179953142791968,0.590052931837169,-4.56232487382872,"Rfx1","GSE41345",FALSE
-0.0710471154000002,0.257053423666667,-0.678406954754318,0.512699413808058,0.797215066285196,-5.16306543832299,"Rfx2","GSE41345",FALSE
-0.1250659154,0.417641523111111,-1.66310089027871,0.12685133942869,0.573793150721065,-4.33449101081355,"Rfx4","GSE41345",FALSE
0.0393057349499995,0.858520540333333,0.688311417401845,0.506699243595747,0.795639872514673,-5.15756648223313,"Rfxap","GSE41345",FALSE
0.105443164750002,1.39561207077778,0.507931165399171,0.622368433494997,0.848145032547552,-5.24626105523213,"Rgl1","GSE41345",FALSE
-0.0752263817999996,1.23461832333333,-0.538420839688326,0.601905993130143,0.839274208391953,-5.23300625890523,"Rgl2","GSE41345",FALSE
0.0480288624999996,1.13573853711111,0.413571389800899,0.687799905854689,0.882589039497506,-5.28264149903461,"Rgma","GSE41345",FALSE
-0.0821282351500001,1.42226170355556,-0.78366027029347,0.451157911250269,0.762207486242918,-5.10105443387505,"Rgs10","GSE41345",FALSE
0.0712580324999999,0.583880749666667,1.13142295529378,0.283927945644389,0.65862402478595,-4.84475192929876,"Rgs12","GSE41345",FALSE
0.0105945321499998,0.151133629555555,0.0992967705159474,0.922838513730432,0.979969388238064,-5.35108014509716,"Rgs14","GSE41345",FALSE
-0.36903214915,0.344811619888889,-1.376085611605,0.198426213584351,0.601721825078704,-4.62453226250914,"Rgs16","GSE41345",FALSE
-0.1126007512,1.51237682788889,-1.20628863407845,0.255099500292361,0.641365508558957,-4.78045533550515,"Rgs17","GSE41345",FALSE
-0.246025569850003,2.71542600788889,-2.70465043353018,0.0218843610203392,0.537623773850961,-3.14577909479539,"Rgs4","GSE41345",FALSE
0.0488498206999997,1.19609587622222,0.263191855928746,0.797673994025543,0.931649799439166,-5.32570091409622,"Rgs5","GSE41345",FALSE
-0.0967177519999991,2.01380734944445,-1.33340643460712,0.211580404623755,0.609318530695256,-4.66495761470567,"Rgs7","GSE41345",FALSE
-0.1260074278,0.640801316555556,-1.01433532962841,0.334016522767255,0.699603383189702,-4.9392191049326,"Rgs9","GSE41345",FALSE
0.23682601675,-0.0695154785555556,2.2906714430931,0.0446238149380999,0.551749088057453,-3.62937629603406,"Rhbdd2","GSE41345",FALSE
0.0603406522000004,1.16498878244444,0.783836214223393,0.451059203844187,0.762207486242918,-5.10094428005396,"Rhbdf1","GSE41345",FALSE
0.132701955900001,1.11184350766667,1.52312974899907,0.158287596946173,0.580042267756514,-4.4795952743369,"Rhbdl2","GSE41345",FALSE
-0.0203373734999992,2.71752916533333,-0.314615439804918,0.75943255709841,0.915129841206041,-5.31307541944825,"Rheb","GSE41345",FALSE
-0.06007902975,-0.036654239,-0.950443348802144,0.363992841116722,0.718440664482046,-4.98740969736053,"Rhebl1","GSE41345",FALSE
0.0282973729499987,1.849826048,0.431698233425611,0.674996527442274,0.875265882937777,-5.27620369470281,"Rhob","GSE41345",FALSE
0.089519204450002,2.65273637288889,0.851142400171513,0.414340085243702,0.741776913579799,-5.05726665615525,"Rhobtb2","GSE41345",FALSE
-0.09300253145,1.13838492577778,-1.30442263207979,0.220921872807725,0.617688005795592,-4.69195445328375,"Rhobtb3","GSE41345",FALSE
-0.00543180509999998,1.098475905,-0.0686446002071817,0.946607459540861,0.986441609221544,-5.35328772837588,"Rhof","GSE41345",FALSE
-0.0383168081000004,0.247840422111111,-0.511940289305925,0.619657959492914,0.847553687918767,-5.24455949685119,"Rhog","GSE41345",FALSE
-0.0592147473500001,0.101418992111111,-0.672791667861262,0.516120084754766,0.798537035531395,-5.16615141070445,"Rhoj","GSE41345",FALSE
-0.0893414552000013,1.96748473477778,-1.46356393891025,0.173614015165073,0.590052931837169,-4.53931214746986,"Rhot1","GSE41345",FALSE
0.0839801384000024,3.33027739955556,0.574935948663842,0.577868783342878,0.826721212595215,-5.21618720235789,"Rhot2","GSE41345",FALSE
-0.11925192595,0.682721375222222,-1.22263746197329,0.2491260037521,0.636522478598047,-4.76603431589787,"Rhou","GSE41345",FALSE
-0.0957315133000002,1.21909587555556,-1.37471238582996,0.198838497036734,0.601886278845288,-4.62584512381844,"Ric3","GSE41345",FALSE
-0.11196848435,-0.0615521352222223,-1.17495486042637,0.266868343668352,0.645475806771942,-4.80771841197279,"Rims1","GSE41345",FALSE
-0.15993337975,0.800839446888889,-1.20649153894329,0.255024665242909,0.641365508558957,-4.78027717285832,"Rims2","GSE41345",FALSE
-0.149083485800002,2.09907735877778,-0.723484161511147,0.485738813373385,0.784619101807168,-5.13746793975378,"Rims3","GSE41345",FALSE
0.0517274919999991,1.55749613644444,0.64325328156019,0.534337043223169,0.811057565110411,-5.182005003566,"Rin1","GSE41345",FALSE
-0.15844259275,1.03689568288889,-1.1342211241504,0.282806296255309,0.65795769687451,-4.84240158371242,"Rin2","GSE41345",FALSE
-0.0629791754500002,0.0978866015555555,-0.912320582873831,0.382780150352968,0.730086829836255,-5.01497122502667,"Rin3","GSE41345",FALSE
-0.0271695366999999,0.527859292555555,-0.272108814267063,0.790999256613375,0.929469360616727,-5.32366966199115,"Ring1","GSE41345",FALSE
0.1373664374,0.401842024555556,0.628560295797023,0.543536471907646,0.811641100947509,-5.18965135450066,"Riok1","GSE41345",FALSE
-0.0222474785499983,2.65432997455556,-0.21686379975974,0.832616009737376,0.946120557959531,-5.33518043424662,"Riok3","GSE41345",FALSE
-0.0502854248999999,-0.120087843333333,-0.686632477042417,0.507713349345411,0.796004410892202,-5.15850363113892,"Ripk1","GSE41345",FALSE
-0.1189603758,-0.275108767333333,-1.21429548358057,0.252159762805189,0.640948429348068,-4.77340923249855,"Ripk4","GSE41345",FALSE
-0.0680575920000003,1.50670830533333,-1.29518710846265,0.223969213815416,0.619815180923144,-4.70047706753258,"Rit1","GSE41345",FALSE
-0.223320498449994,2.23138507533333,-2.6169921657846,0.0254602583000367,0.537623773850961,-3.24805552178228,"Rit2","GSE41345",FALSE
-0.18422331095,-0.0814645808888889,-1.87402461977861,0.0900020410550615,0.573793150721065,-4.1053889705233,"Rlbp1","GSE41345",FALSE
-0.0365774966999998,0.753616401,-0.26768886722386,0.794305610082964,0.930585889326005,-5.32468482421217,"Rmnd1","GSE41345",FALSE
-0.0812493712000001,-0.00301006144444438,-0.790497743570086,0.44733235770684,0.759561306368887,-5.09675805545454,"Rnase1","GSE41345",FALSE
-0.10288351315,1.07798907755556,-1.15475281918855,0.274681867534468,0.651868544930035,-4.82502850360673,"Rnase4","GSE41345",FALSE
-0.13045874235,-0.0401676746666667,-1.40067579188708,0.191164752649224,0.59648387540768,-4.60088955171407,"Rnaseh1","GSE41345",FALSE
0.109213931750001,2.57764021222222,1.20478189266269,0.25565576499503,0.641365508558957,-4.78177769949917,"Rnf10","GSE41345",FALSE
-0.053359626399995,2.13534657788889,-0.921637413047208,0.37812637957965,0.728556252861778,-5.008319566647,"Rnf103","GSE41345",FALSE
-0.0194762119499951,6.585416856,-0.130470740097503,0.898746378706529,0.971817243307693,-5.34801071395684,"Rnf11","GSE41345",FALSE
-0.0649362417000004,0.272954604333333,-1.02202040086214,0.330537769858402,0.698032652175847,-4.93325838216575,"Rnf121","GSE41345",FALSE
0.0604622059000001,-0.106690011888889,0.845638723689071,0.417264318042774,0.742557299664777,-5.06095204042523,"Rnf123","GSE41345",FALSE
0.00546921804999925,0.612243887777778,0.0871026529019232,0.93228618705896,0.983216698131415,-5.35205472651787,"Rnf126","GSE41345",FALSE
0.0992667752000003,0.525706052555556,1.44993703903617,0.177295054894746,0.590052931837169,-4.55278694548084,"Rnf135","GSE41345",FALSE
-0.533906501500003,5.46775011955556,-2.81958145808538,0.0179455058989234,0.537623773850961,-3.01225702268438,"Rnf14","GSE41345",FALSE
-0.4766041708,0.653662735888889,-3.76612754684896,0.0035966144231002,0.537623773850961,-1.96810175736547,"Rnf141","GSE41345",FALSE
0.0923920648000001,0.952724551111111,1.67774961969057,0.123906756645544,0.573793150721065,-4.31895359785275,"Rnf166","GSE41345",FALSE
-0.199169783650004,4.20501255555556,-1.43072422395047,0.182598652635658,0.590993588481768,-4.57166277569279,"Rnf167","GSE41345",FALSE
-0.18118764625,0.285108601222222,-3.27658140600462,0.00818892838694168,0.537623773850961,-2.49298688493463,"Rnf170","GSE41345",FALSE
0.0489659955499961,2.09345835588889,0.535133219792187,0.604095525454914,0.840169259478524,-5.23447020206304,"Rnf182","GSE41345",FALSE
-0.0830750698000005,1.20087548055556,-0.741908357807305,0.474978154792259,0.776942859103912,-5.12658837870977,"Rnf25","GSE41345",FALSE
-0.33530141065,2.38544275422222,-2.86250533384931,0.0166644470507681,0.537623773850961,-2.96261296011576,"Rnf34","GSE41345",FALSE
-0.347107950999995,2.02050739255556,-2.91500930934047,0.0152221024623158,0.537623773850961,-2.90208657054744,"Rnf4","GSE41345",FALSE
0.0179234733999999,0.587921064777778,0.290061980407905,0.777614563660375,0.924525123054158,-5.31937851750683,"Rnf40","GSE41345",FALSE
-0.258781429899999,0.848570188555556,-2.6143036456949,0.0255786786885009,0.537623773850961,-3.25119661112932,"Rnf41","GSE41345",FALSE
0.0867629126000014,2.62748278488889,1.34468711884241,0.208034620221144,0.606540547208449,-4.65434936326287,"Rnf44","GSE41345",FALSE
0.127063332000002,1.759130319,1.5807387558177,0.144600991650395,0.579936514910764,-4.42064375771049,"Rnf5","GSE41345",FALSE
-0.0060754309999991,3.29595099844444,-0.0729210482919577,0.943287470751765,0.985497972861229,-5.35302803687357,"Rnf6","GSE41345",FALSE
0.0810741080499993,1.36884920011111,0.905420875650738,0.386252560381346,0.730086829836255,-5.01986177535278,"Rnf8","GSE41345",FALSE
-0.26237607355,0.254637658555556,-3.08760613360692,0.0113123140088242,0.537623773850961,-2.70494089458716,"Rngtt","GSE41345",FALSE
-0.1781247147,0.612908320333333,-2.14035636536823,0.0576328897436473,0.552926256887356,-3.80352090575793,"Rnmt","GSE41345",FALSE
0.0946008161000003,0.822639561555556,0.789630336458011,0.447816489513054,0.759616063442426,-5.09730487099487,"Rnpep","GSE41345",FALSE
0.063720139499998,2.048803683,1.06139922116321,0.31313665379746,0.681097424625728,-4.9021771668954,"Rnpepl1","GSE41345",FALSE
0.261142889200005,2.86261266111111,2.5941801639447,0.0264826035630349,0.537623773850961,-3.27471363194783,"Rnps1","GSE41345",FALSE
-0.128181445500001,1.15703638366667,-1.10835462079865,0.293307476488738,0.668089252002126,-4.86396765346135,"Robo1","GSE41345",FALSE
-0.0100937060500002,-0.121181308777778,-0.11568170977845,0.910163935009393,0.975187216045509,-5.3495703712931,"Robo4","GSE41345",FALSE
-0.173610149,-0.00382746822222222,-2.19339443868061,0.0526730572607368,0.551749088057453,-3.74229180787902,"Rock1","GSE41345",FALSE
-0.4766778511,-0.384856223111111,-2.04167437977068,0.0680715666343528,0.564515411734788,-3.91660682192217,"Rock2","GSE41345",FALSE
-0.0356839588000001,-0.0967829494444445,-0.467806336780124,0.649816656345629,0.861816153070185,-5.26259548634906,"Rom1","GSE41345",FALSE
-0.2970544255,0.494733124888889,-2.13725849765982,0.0579360050933201,0.553088683883454,-3.80708842886658,"Rora","GSE41345",FALSE
0.0496442276500011,2.38425806377778,0.891019045691841,0.393571823388544,0.732609116267005,-5.02997206707507,"Rpa1","GSE41345",FALSE
-0.20745478565,0.989177534444445,-1.63288384502262,0.133124144754684,0.57817881478681,-4.36634174230815,"Rpa3","GSE41345",FALSE
-0.0719405204500005,0.423039979555556,-1.2496968811919,0.239487396774666,0.62935640538543,-4.74187695667046,"Rpain","GSE41345",FALSE
0.0116104253999995,0.530619486666667,0.144271149442689,0.888113782792857,0.968757882391497,-5.346387003855,"Rpap1","GSE41345",FALSE
0.0816214641000003,0.791764269666667,0.677492758997495,0.5132553853968,0.797395843670998,-5.16356941232259,"Rph3a","GSE41345",FALSE
-0.0406805868499997,0.327156469777778,-0.606480065333677,0.557530556344586,0.816045824259634,-5.20083971728948,"Rpia","GSE41345",FALSE
0.215030945600003,2.85603424055555,2.42582415282576,0.0353937457951191,0.541735380587652,-3.47163662839839,"Rpl12","GSE41345",FALSE
0.0175770563500005,1.29870894444444,0.245857692253461,0.810697876841095,0.937016424904449,-5.32945898625367,"Rpl13a","GSE41345",FALSE
0.248474075350003,2.75568109777778,2.39350625182421,0.0374146250568789,0.548535783677393,-3.50941379996644,"Rpl18","GSE41345",FALSE
0.05587725345,1.87963663466667,0.859221831887596,0.410072679321608,0.740951817204898,-5.05182032657468,"Rpl19","GSE41345",FALSE
0.0010163942000008,1.99431545655556,0.0213268736634336,0.983398789205498,0.997040630069024,-5.35511444943618,"Rpl22","GSE41345",FALSE
0.147573148399998,2.90493133155556,1.51079901193921,0.161360110729668,0.582907620637332,-4.49206358994438,"Rpl27","GSE41345",FALSE
-0.147330104500001,1.29412063655556,-1.01935577795335,0.331740875540851,0.699020705811636,-4.93532905268501,"Rpl27a","GSE41345",FALSE
0.228352621199999,3.43520605266667,2.23339088610106,0.0492068639748676,0.551749088057453,-3.69595045199577,"Rpl35","GSE41345",FALSE
0.137109719650006,3.03207780977778,1.6199482064352,0.135893043559864,0.57817881478681,-4.37989227011871,"Rpl37a","GSE41345",FALSE
0.290180494599994,5.27925396211111,1.40250224616611,0.190634498090243,0.596383234410108,-4.59912348851978,"Rpl38","GSE41345",FALSE
0.120038003100002,3.176446762,1.14238563084314,0.27955333479358,0.655715101099545,-4.83551986345167,"Rpl39","GSE41345",FALSE
-0.1717032177,1.247902894,-1.7155948234316,0.116581991314228,0.573793150721065,-4.27853201689623,"Rpl4","GSE41345",FALSE
0.210476550949999,4.21178504455555,1.73064551511333,0.113779422361101,0.573793150721065,-4.26234817921447,"Rpl41","GSE41345",FALSE
-0.12436440095,0.933411976111111,-1.30315831407104,0.221337011841012,0.617688005795592,-4.69312347737468,"Rpl7a","GSE41345",FALSE
0.131509069250002,2.98765819222222,2.46733725315609,0.0329543980264713,0.541735380587652,-3.42308243178696,"Rpn2","GSE41345",FALSE
-0.2152711964,1.49210949811111,-2.53820156437446,0.0291671834975101,0.537623773850961,-3.34017545254175,"Rpp14","GSE41345",FALSE
0.0968031740000005,1.72629073388889,1.33290581947754,0.211738920149906,0.609318530695256,-4.66542709134873,"Rpp21","GSE41345",FALSE
-0.12898615425,0.522351135333333,-2.0914750309697,0.0625971231940374,0.564515411734788,-3.85968725826559,"Rpp25","GSE41345",FALSE
-0.2165184862,0.968846501888889,-2.91007915431203,0.0153519995851714,0.537623773850961,-2.90776016097697,"Rpp30","GSE41345",FALSE
0.211385829899999,2.41816296533333,2.39744164015147,0.0371626243265473,0.548535783677393,-3.50481502493391,"Rprml","GSE41345",FALSE
0.318864689850002,2.66023965133333,3.6130765969853,0.00463963317253671,0.537623773850961,-2.12806248619069,"Rps10","GSE41345",FALSE
0.0412870399999963,3.62156814855556,0.457176413255926,0.657183468691735,0.866553044980333,-5.26670959187588,"Rps11","GSE41345",FALSE
0.245907101849996,3.84800387466667,2.43794156559813,0.0346639491953535,0.541735380587652,-3.45746656643175,"Rps14","GSE41345",FALSE
0.0944583601500068,2.697018233,1.2903635031901,0.225574527832667,0.620187610125935,-4.70491277481691,"Rps15","GSE41345",FALSE
0.117079247300002,2.84599500422222,1.68671668450012,0.122134708263569,0.573793150721065,-4.30941220166445,"Rps16","GSE41345",FALSE
0.0885693279500031,3.59587827955556,0.79699514765206,0.443716843954029,0.758336071686369,-5.09264572866912,"Rps17","GSE41345",FALSE
0.2368871589,3.42453174133333,2.03745569958743,0.068555594507475,0.564515411734788,-3.9214131230458,"Rps19","GSE41345",FALSE
0.350312756750002,3.35235703155556,2.25655483779309,0.0473011547028712,0.551749088057453,-3.66905493617282,"Rps2","GSE41345",FALSE
0.183954894450002,3.87810433666667,1.87891899356314,0.0892777420659425,0.573793150721065,-4.09995015119988,"Rps20","GSE41345",FALSE
-0.00708631989999961,3.58132935088889,-0.0811640863557966,0.936891313924803,0.983336584249126,-5.35248326362564,"Rps24","GSE41345",FALSE
0.02193372675,2.278067967,0.186510779323083,0.855723273465281,0.954948543501973,-5.34040989866149,"Rps25","GSE41345",FALSE
0.226431827050001,2.76848964377778,1.5721566846879,0.14657150786453,0.580042267756514,-4.42949695955242,"Rps26","GSE41345",FALSE
0.117335880100002,3.40789398144444,1.07370158852627,0.307845149302041,0.67958968631025,-4.89228530999683,"Rps27","GSE41345",FALSE
0.0457901634000043,1.90890908433333,0.417091460253146,0.685305347430057,0.881510163875961,-5.28141203674973,"Rps27l","GSE41345",FALSE
0.109079454650006,4.67174781222222,1.08053063273647,0.304937418898933,0.678640513463071,-4.88675757067573,"Rps3","GSE41345",FALSE
-0.0404585559499964,3.31358541477778,-0.580264384728968,0.574405090838545,0.825512930492671,-5.2136476234641,"Rps4x","GSE41345",FALSE
0.0384340177999994,1.42548655788889,0.485689002189817,0.637512480694645,0.85618520376647,-5.2554723086622,"Rps5","GSE41345",FALSE
0.0212499333999959,2.78029449244445,0.232328905519552,0.820905035557637,0.940764360249279,-5.33221674003941,"Rps6","GSE41345",FALSE
-0.00124347504999964,1.21596533122222,-0.0184694263617652,0.985622776738108,0.997468690419906,-5.35516325603157,"Rps6ka1","GSE41345",FALSE
0.106009714,0.235313557444444,1.40732377986202,0.189240707256889,0.596239110339268,-4.59445482248067,"Rps6ka2","GSE41345",FALSE
0.0616190886999998,0.178929161444444,1.07269975232775,0.308273494260922,0.67958968631025,-4.89309404061451,"Rps6ka4","GSE41345",FALSE
-0.0963906801499998,0.277022702111111,-1.25924718468361,0.236158719624427,0.627422127475989,-4.7332664021399,"Rps6ka5","GSE41345",FALSE
0.0470691491999982,1.72425394166667,0.904654666311819,0.386639534546725,0.730270851205669,-5.02040300184672,"Rps6kl1","GSE41345",FALSE
0.0854807109499998,3.46148986288889,1.11378181348687,0.291079464516559,0.66451504733228,-4.85947278653763,"Rps7","GSE41345",FALSE
0.0157394381499998,0.0925292194444444,0.252579418022187,0.805640134439399,0.935923335171133,-5.32803162011999,"Rqcd1","GSE41345",FALSE
0.0342413363500023,2.30049726811111,0.625930527990653,0.545192552344097,0.811641100947509,-5.19100299306639,"Rragc","GSE41345",FALSE
-0.1316683323,0.700302306,-1.63077112747527,0.133572913446432,0.57817881478681,-4.36855840123611,"Rragd","GSE41345",FALSE
-0.00373749154999989,0.590100658444445,-0.0505860233593386,0.960638119540951,0.991505942866356,-5.35421149009333,"Rras","GSE41345",FALSE
-0.0581720117499999,-0.0228001994444444,-0.497393068663064,0.629521140652419,0.851347576377085,-5.25067366371912,"Rras2","GSE41345",FALSE
0.1775912775,-0.181461221333333,1.34775964157499,0.207077499631035,0.60599416791512,-4.65145034242014,"Rrbp1","GSE41345",FALSE
-0.0630335920500004,0.489527095,-0.433557278838508,0.673689470475783,0.874495752795205,-5.27552851487946,"Rreb1","GSE41345",FALSE
-0.0584284346999999,0.0999505049999999,-0.821475020444528,0.430268553525739,0.75221382329227,-5.07689451364273,"Rrm1","GSE41345",FALSE
-0.1584489735,1.100295974,-1.91168338028838,0.0845666956740915,0.573793150721065,-4.06341850229126,"Rrm2b","GSE41345",FALSE
-0.1217917182,0.390628155666667,-0.944687367676394,0.366786191346588,0.721131681466215,-4.99162916206771,"Rrn3","GSE41345",FALSE
-0.0160506041499996,0.360196458555556,-0.226199946034269,0.825540867991452,0.943562772348187,-5.33341539368803,"Rsad1","GSE41345",FALSE
-0.17669567335,0.220553186222222,-2.43539029696294,0.0348163668143096,0.541735380587652,-3.4604502246085,"Rsf1","GSE41345",FALSE
-0.1229681076,0.142810152333333,-0.848068364420252,0.415971665993193,0.741776913579799,-5.05932756574812,"Rspo2","GSE41345",FALSE
-0.18073432665,0.544753088,-1.81018159116298,0.0999608916027522,0.573793150721065,-4.17586838304411,"Rspo3","GSE41345",FALSE
-0.2569951515,1.19001093466667,-2.74610673310786,0.0203724781555635,0.537623773850961,-3.09752808294057,"Rsrc2","GSE41345",FALSE
-0.0157676711500003,0.190221578555555,-0.213935717983575,0.83483823637128,0.946938647328018,-5.33571885221483,"Rtkn","GSE41345",FALSE
0.31548950585,11.6834368755556,1.09207838555089,0.300068408780434,0.675494060204369,-4.87735106447789,"Rtn1","GSE41345",FALSE
0.126643672650001,1.18426170633333,1.4433380034435,0.179101605801854,0.590052931837169,-4.5592865313361,"Rtn2","GSE41345",FALSE
0.176232782950004,3.48726009911111,1.60326861283935,0.139538872985452,0.579351577338652,-4.39728780159468,"Rtn3","GSE41345",FALSE
0.0345696774999992,3.18219314611111,0.105300868477342,0.918191215964223,0.978897416270167,-5.35055354581925,"Rtn4","GSE41345",FALSE
-0.0232370809999999,0.0606433864444443,-0.358500925720709,0.727320760528802,0.900147499235423,-5.30056763222853,"Rtn4ip1","GSE41345",FALSE
-0.00477160055000077,1.05661078444444,-0.0701937603606541,0.945404653411807,0.986441609221544,-5.35319546430152,"Rtn4rl1","GSE41345",FALSE
-0.0858416269999999,0.598503723777778,-1.49189443583759,0.166171374410438,0.588898272067351,-4.5110725855127,"Rufy1","GSE41345",FALSE
-0.3579652307,-0.0450836538888888,-2.45086545424925,0.0339018628048466,0.541735380587652,-3.44235081222175,"Rufy2","GSE41345",FALSE
-0.02975884225,7.30180807588889,-0.255656829107035,0.803327657548632,0.934435024359569,-5.32736547661789,"Rufy3","GSE41345",FALSE
-0.0135381911499998,0.495610187555556,-0.234361453198465,0.81936923669605,0.940297279872662,-5.33181224593118,"Rundc1","GSE41345",FALSE
-0.0683766934499999,0.747374530666667,-1.07708485837582,0.306401955539252,0.679198724817337,-4.88955000444008,"Rusc1","GSE41345",FALSE
0.0930501191999993,1.23650289233333,0.713718615755868,0.491503655560234,0.787497620661419,-5.14313696776969,"Rusc2","GSE41345",FALSE
-0.0901971109499988,3.14784345133333,-1.12213700282423,0.287675113423657,0.661829336875724,-4.85252163818794,"Ruvbl1","GSE41345",FALSE
0.00809224180000026,0.611113658111111,0.137805235759178,0.893092724180044,0.970451757819428,-5.34716797861822,"Ruvbl2","GSE41345",FALSE
0.0740029796499957,2.36607790577778,0.816927859523305,0.432745783244101,0.752441919332033,-5.07985092886604,"Rwdd1","GSE41345",FALSE
-0.0630996626499998,0.374881487888889,-0.737017927906644,0.477819626683327,0.779067807570135,-5.12949955701105,"Rwdd3","GSE41345",FALSE
0.12847605435,2.490952519,1.20011703350492,0.257384118027837,0.641365508558957,-4.78586450054456,"Rxrb","GSE41345",FALSE
0.0756643996000019,2.43569566344444,0.723122577696856,0.485951510681626,0.784711325125661,-5.13767905304721,"Ryk","GSE41345",FALSE
-0.1840253446,0.318046766555555,-1.85480463561022,0.0928992891452863,0.573793150721065,-4.12669918741723,"Ryr3","GSE41345",FALSE
-0.0558828826500021,1.91659949766667,-0.690971752776935,0.505094877842225,0.794508256069351,-5.15607736746068,"S100a1","GSE41345",FALSE
0.0280870389000003,0.742321958,0.34447928749429,0.737524253709729,0.904559382377067,-5.30473634851683,"S100a13","GSE41345",FALSE
0.05266702095,0.00394130566666667,0.800066810645803,0.442014319618082,0.758336071686369,-5.09069159551841,"S100a16","GSE41345",FALSE
0.11853456655,0.480165127777777,1.39406246577626,0.193095199593396,0.597673275028176,-4.6072727395683,"S100a6","GSE41345",FALSE
-0.233022547350001,2.110161579,-3.07510367993792,0.0115576495140767,0.537623773850961,-2.71911662169184,"Sacm1l","GSE41345",FALSE
0.134538707349996,3.72206284444444,0.93151687130131,0.373235634125699,0.725044125295751,-5.00120653216174,"Sae1","GSE41345",FALSE
-0.17121170205,0.00276152100000003,-1.92411753544872,0.0828401976474948,0.573793150721065,-4.0495006643453,"Sag","GSE41345",FALSE
-0.0300824751999999,0.00717196922222224,-0.493529019579547,0.632153988399272,0.85330636067921,-5.25226982890148,"Sall1","GSE41345",FALSE
-0.0482168263499999,0.861909804,-0.520787338212465,0.613697779188398,0.845364080974348,-5.24076024103111,"Sall2","GSE41345",FALSE
-0.0701949242999999,0.0433381206666666,-0.841945343568347,0.419234548653946,0.744174526174534,-5.06341397644861,"Samd10","GSE41345",FALSE
-0.151957671500001,1.33210600311111,-1.71895782745552,0.115950403884466,0.573793150721065,-4.27492106079873,"Sap30","GSE41345",FALSE
0.101308977699995,2.30195307011111,1.27874999941672,0.229478396161797,0.622502881230745,-4.71554819664945,"Sap30l","GSE41345",FALSE
0.0441091703999997,1.60485994333333,0.684467285688741,0.509022971037638,0.796625569318823,-5.15970918372481,"Sar1a","GSE41345",FALSE
0.0325360813500019,3.714375598,0.417737391588876,0.684848025527565,0.881510163875961,-5.28118534600637,"Sar1b","GSE41345",FALSE
0.0568047163000007,1.02651364977778,1.02709334990611,0.328256285860855,0.697009031408964,-4.92930472626041,"Sars","GSE41345",FALSE
0.0311959339999996,0.261414255555555,0.410279975254945,0.690135976188251,0.883254635185195,-5.28378205211757,"Sart1","GSE41345",FALSE
0.192390759599999,1.69679317666667,2.40699709534284,0.0365576401598354,0.547225681588067,-3.49364708900289,"Sart3","GSE41345",FALSE
-0.12007783795,1.55756643022222,-1.58779142988743,0.142999179473301,0.579936514910764,-4.41335016021718,"Sat1","GSE41345",FALSE
-0.0996314833500002,0.411598119333333,-1.57669455317039,0.145526644426307,0.579936514910764,-4.42481875692473,"Sat2","GSE41345",FALSE
0.0260199991000009,2.59060881344444,0.271482351668752,0.791467621524487,0.929469360616727,-5.32381453979347,"Satb1","GSE41345",FALSE
-0.12259415635,0.630058750888889,-1.70505438377731,0.118581740030559,0.573793150721065,-4.28982977893684,"Sav1","GSE41345",FALSE
0.0222808054999948,2.30160959522222,0.385190606725417,0.708053613455311,0.892678593163783,-5.29218790205126,"Sbds","GSE41345",FALSE
0.193421834900002,2.42466513155555,2.42342984201751,0.0355397216490299,0.541735380587652,-3.47443620522119,"Sbf1","GSE41345",FALSE
-0.0427591471000001,0.336161244222222,-0.632435771152774,0.541101187961019,0.811641100947509,-5.18765007542068,"Sbno1","GSE41345",FALSE
-0.1109435386,0.101680395222222,-1.74509557415185,0.111146324098328,0.573793150721065,-4.24675410916758,"Sc5d","GSE41345",FALSE
0.197400194049998,3.42376496277778,2.46005753808141,0.0333698751391416,0.541735380587652,-3.43159844546938,"Scamp1","GSE41345",FALSE
0.0367521653500002,1.60822724711111,0.563087700202173,0.585611046476543,0.831429196897862,-5.22175660805216,"Scamp2","GSE41345",FALSE
0.0644088445499999,0.255609203333333,0.852929537619306,0.413393550231515,0.741637735260594,-5.05606564999865,"Scamp3","GSE41345",FALSE
0.0988923602499958,4.06495966411111,0.684484318796458,0.509012660554205,0.796625569318823,-5.15969971314109,"Scamp5","GSE41345",FALSE
0.285786486399998,1.95564862677778,2.67463155184178,0.0230486831456367,0.537623773850961,-3.18077007778483,"Scand1","GSE41345",FALSE
0.0861252213499995,0.746401916555556,1.75021657006608,0.110226541930737,0.573793150721065,-4.2412147420448,"Scap","GSE41345",FALSE
-0.0417858223499995,1.918822315,-0.610589506681313,0.554910789626492,0.81467688852588,-5.19878504300755,"Scara3","GSE41345",FALSE
0.0738576406000001,-0.446665836555555,0.432589660765324,0.674369641529098,0.874928248580201,-5.27588028652765,"Scara5","GSE41345",FALSE
-0.0675030585999999,0.444562368222222,-1.04506574075482,0.320268313214244,0.690514366626521,-4.9151773948766,"Scarb2","GSE41345",FALSE
0.0146013654500001,0.699996742555556,0.189112698709364,0.853736528538664,0.954819470289218,-5.33999217760302,"Scarf2","GSE41345",FALSE
-0.102691551849999,2.00117996088889,-1.08723308991334,0.302104067552251,0.677470019570297,-4.88130694990082,"Scd1","GSE41345",FALSE
-0.0392606518500001,1.193663188,-0.446556918967839,0.664581634511279,0.869386558454054,-5.27072985126135,"Scd2","GSE41345",FALSE
-0.113945773199993,2.04440120733333,-1.57062619291488,0.146925398121571,0.580042267756514,-4.43107324190618,"Scg2","GSE41345",FALSE
-0.0727410034999989,2.20750636011111,-1.34670537060189,0.207405499468867,0.60599416791512,-4.65244554324418,"Scg3","GSE41345",FALSE
0.03546937485,-0.087307227,0.539007449054105,0.601515749653595,0.839274208391953,-5.23274416915444,"Scly","GSE41345",FALSE
-0.0451732471,0.108855370888889,-0.809577404097966,0.436770302115108,0.755102034133181,-5.0846004926121,"Scmh1","GSE41345",FALSE
-0.2279136192,1.40091066533333,-3.62612648472887,0.00453952994249704,0.537623773850961,-2.11426928611693,"Scn1a","GSE41345",FALSE
0.0392043068499911,1.91136525777778,0.59937215121203,0.562078195638193,0.817642749100964,-5.20436362605802,"Scn2b","GSE41345",FALSE
-0.560494291800001,1.79966901566667,-2.92968104652528,0.0148420757659893,0.537623773850961,-2.88521508726278,"Scn3b","GSE41345",FALSE
-0.000704311000000166,1.10862205388889,-0.0049378511843961,0.99615598747999,0.998627926207612,-5.3552992025473,"Scn4b","GSE41345",FALSE
0.153627862749999,0.255505979111111,2.07016131070893,0.0648868657995646,0.564515411734788,-3.88408767230894,"Scn8a","GSE41345",FALSE
-0.422049610900001,2.84070490955555,-1.7213010498936,0.115512168318673,0.573793150721065,-4.27240328140979,"Scoc","GSE41345",FALSE
-0.370874354250004,4.54859072966667,-3.16436894015143,0.00991806807481669,0.537623773850961,-2.61830443638535,"Scp2","GSE41345",FALSE
-0.18218463355,1.36559670555556,-2.25538859592583,0.0473953724582243,0.551749088057453,-3.67040996627999,"Scrg1","GSE41345",FALSE
0.0647744446000003,0.109354569444444,0.70978099505531,0.493840076115014,0.789405755061705,-5.14540357669601,"Scrib","GSE41345",FALSE
0.00218870220000048,0.635675907333333,0.0156744612120497,0.987798258507536,0.997490311904987,-5.35520421532071,"Scrn1","GSE41345",FALSE
0.0150742267499997,-0.297688677666667,0.108911740088639,0.915397866174028,0.977755249711254,-5.35022200519709,"Scube3","GSE41345",FALSE
-0.0906978618999999,0.189862567555556,-1.56232113800743,0.148858897221834,0.580042267756514,-4.43961314216596,"Sdad1","GSE41345",FALSE
-0.0981688304999995,1.08759398466667,-1.17839519880362,0.265555442418163,0.644463953856977,-4.80474949499274,"Sdc2","GSE41345",FALSE
0.042972430000004,2.05864277277778,0.57246950221982,0.579475902581243,0.827501143380105,-5.21735541352882,"Sdc3","GSE41345",FALSE
-0.10338481565,0.483714461444445,-0.613963966929042,0.552764773282103,0.814283889134537,-5.19708837936664,"Sdc4","GSE41345",FALSE
-0.37968051115,3.86159933055556,-1.91854756070406,0.0836094927924887,0.573793150721065,-4.05573884144786,"Sdcbp","GSE41345",FALSE
-0.0182696975500034,3.46901263722222,-0.188513829721902,0.854193712038528,0.954819470289218,-5.34008883043322,"Sdf2","GSE41345",FALSE
0.2400955276,1.19516163077778,1.49769015965734,0.164683287012747,0.586924251876525,-4.50525869898429,"Sdf4","GSE41345",FALSE
-0.183293585850002,3.57807457866667,-1.98836971965166,0.0744316349499377,0.564707806576065,-3.97714291180836,"Sdhb","GSE41345",FALSE
0.00814733044999929,2.64019678555556,0.153129008610753,0.881301280296484,0.966492977887079,-5.34525930228218,"Sdhc","GSE41345",FALSE
-0.0446488974499999,0.143612000777778,-0.335298846248975,0.744234008915921,0.907440064546177,-5.30737819225357,"Sdhd","GSE41345",FALSE
0.0328968286500002,-0.0586347166666666,0.48336056318914,0.639108160445939,0.857079252409234,-5.25641410057947,"Sdk1","GSE41345",FALSE
-0.16018505805,0.264419196666667,-1.33377143693997,0.211464892064824,0.609318530695256,-4.66461524592246,"Sdpr","GSE41345",FALSE
-0.00353762285000003,-0.0146879832222222,-0.065858654919805,0.9487708874692,0.986441609221544,-5.35344847712417,"Sdsl","GSE41345",FALSE
0.3075807223,1.76705935744445,2.10808585894547,0.0608661305245363,0.560346185520773,-3.84063183698475,"Sec14l1","GSE41345",FALSE
0.0859348604999999,0.534421356333333,1.03568951409356,0.324417215508245,0.694707438559695,-4.92257098708483,"Sec14l2","GSE41345",FALSE
-0.0215238632,1.41688049077778,-0.416866175021617,0.685464881565533,0.881510163875961,-5.28149102189049,"Sec22b","GSE41345",FALSE
-0.17539087075,0.886635109888889,-2.10677169805924,0.0610013991375975,0.560346185520773,-3.84214060236247,"Sec23a","GSE41345",FALSE
0.000419776150000308,0.271619292777778,0.00706573706240301,0.994499499136487,0.998627926207612,-5.355288239385,"Sec23b","GSE41345",FALSE
0.0186872541500001,-0.0758167061111112,0.250607885725595,0.807122647541036,0.936246852256042,-5.328454207545,"Sec23ip","GSE41345",FALSE
-0.0197545909000004,0.873019221222222,-0.307524106689159,0.764668569793154,0.917025341108887,-5.31494723493037,"Sec24b","GSE41345",FALSE
0.0650918086000004,0.884867040111111,0.854328996271148,0.412653376160457,0.741441680220741,-5.05512370605321,"Sec24c","GSE41345",FALSE
-0.0424170561499998,0.246509387444444,-0.742094411256023,0.474870264299705,0.776942859103912,-5.12647729244878,"Sec61a1","GSE41345",FALSE
-0.1274420395,2.74891239455556,-1.63109813644956,0.133503364405466,0.57817881478681,-4.36821539336264,"Sec61a2","GSE41345",FALSE
0.2590483065,2.13983809166667,1.94549257248111,0.0799488946904646,0.572386052113846,-4.02550876155738,"Sec61b","GSE41345",FALSE
-0.145371345899997,1.62669454533333,-1.28596416483026,0.227046888971445,0.620458769413808,-4.70894896900521,"Sec63","GSE41345",FALSE
-0.0741205248500005,0.193579642111111,-1.2597384481442,0.235988518442568,0.627422127475989,-4.73282230098048,"Secisbp2","GSE41345",FALSE
-0.0973785760000004,1.26072392488889,-0.874291403606524,0.402194007284436,0.737818980987781,-5.04154769936291,"Seh1l","GSE41345",FALSE
-0.132646432549999,0.0874150137777778,-0.766559969898521,0.460818610093114,0.769217472976707,-5.11165871288619,"Sel1l","GSE41345",FALSE
-0.0550954056499998,0.152817995444445,-0.881772560474852,0.398321826733775,0.734724569209374,-5.03639304733407,"Selenbp1","GSE41345",FALSE
-0.0294556980000006,1.24888029366667,-0.195853030649732,0.848594830696237,0.951838018505588,-5.33888338527027,"Selk","GSE41345",FALSE
-0.1874004905,-0.137823533888889,-1.99260389892785,0.0739066407042961,0.564707806576065,-3.97235023945797,"Sema3a","GSE41345",FALSE
0.10026054015,0.752539565666667,0.523055151909273,0.612174679371463,0.843957601987504,-5.23977654011828,"Sema3f","GSE41345",FALSE
0.0315889812000003,1.878895797,0.396776560288579,0.699755455058402,0.887318772909108,-5.28836961411374,"Sema4a","GSE41345",FALSE
-0.00193275865000003,1.35905287855556,-0.0246442348299555,0.98081703297134,0.996582008029983,-5.35504899661476,"Sema4b","GSE41345",FALSE
0.0137394339999995,0.540415473111111,0.181100652235286,0.859857642729257,0.956598740852337,-5.34126008372114,"Sema4f","GSE41345",FALSE
0.273034980950004,4.10239052622222,2.18395180358941,0.0535250274782526,0.551749088057453,-3.75321242536744,"Sema5a","GSE41345",FALSE
0.219960424200001,2.24454785533333,1.7845029471986,0.104244845663214,0.573793150721065,-4.20395787145879,"Sema6b","GSE41345",FALSE
0.0238096816000001,-0.00434112788888896,0.251428493432533,0.806505485981531,0.936246852256042,-5.32827871089215,"Sema6d","GSE41345",FALSE
0.143338619900001,1.62142598788889,1.08324391766957,0.303787981662639,0.67857764272554,-4.88455407056108,"Sema7a","GSE41345",FALSE
0.0785188905499998,-0.118730027111111,1.18912020219024,0.261495472596944,0.642386604652324,-4.79545516674653,"Senp1","GSE41345",FALSE
0.0164642330500002,1.68361098211111,0.343200151849143,0.738457774610499,0.905212094642865,-5.30510860344547,"Senp2","GSE41345",FALSE
0.0222874155500004,1.46354603822222,0.320741888952539,0.754919195611234,0.912525767849341,-5.31142475317247,"Senp3","GSE41345",FALSE
-0.2690873721,-0.312759614,-2.3245010554409,0.0421144310041772,0.551749088057453,-3.58996441785628,"Senp5","GSE41345",FALSE
-0.30037360625,0.0882257124444442,-3.07337302668089,0.0115920345616278,0.537623773850961,-2.72108028504997,"Senp7","GSE41345",FALSE
-0.0605876570499998,-0.155195908777778,-0.919808200944991,0.379036891658567,0.728556252861778,-5.0096298370234,"Senp8","GSE41345",FALSE
0.0771992198000002,0.303255194555555,1.30312759728634,0.221347105715095,0.617688005795592,-4.69315186992081,"Sephs2","GSE41345",FALSE
-0.0608860336499997,0.811398333,-0.887139075317803,0.395560165696597,0.73338724660004,-5.03267312138618,"Sepn1","GSE41345",FALSE
-0.00954448550000012,1.34261542344444,-0.0579515059694568,0.95491350332454,0.989199830205651,-5.35386848143536,"Sepp1","GSE41345",FALSE
0.120512700349998,2.37914752455555,0.98251711025353,0.348708857148298,0.710557775912246,-4.96352573813787,"Sepw1","GSE41345",FALSE
-0.135788541699992,4.99918183222222,-1.16230345075249,0.271740658538712,0.651514519919803,-4.81858361668612,"Serbp1","GSE41345",FALSE
0.0100969032999996,0.517084029777777,0.0902485752147435,0.929847695009164,0.982859343100233,-5.35181547753207,"Serf1","GSE41345",FALSE
0.104442545900005,1.84743439188889,1.11903827525289,0.288934072906613,0.661829336875724,-4.85510405362382,"Serf2","GSE41345",FALSE
-0.061670149600001,3.40219691722222,-0.851725503842358,0.414031089266386,0.741776913579799,-5.05687502559788,"Serinc1","GSE41345",FALSE
-0.0328034201499991,1.74784779155556,-0.508430221797112,0.622030710018927,0.848145032547552,-5.24604992949014,"Serinc3","GSE41345",FALSE
-0.1333117781,-0.284123944555555,-1.0128718322348,0.334682071376275,0.700623364861169,-4.94035029222582,"Serpina3g","GSE41345",FALSE
0.109967363200003,2.49866035644444,1.45404875380769,0.176177357017376,0.590052931837169,-4.54872865336708,"Serpina3n","GSE41345",FALSE
0.0282007232499999,1.17892161777778,0.495152921915535,0.63104685123885,0.852953436289874,-5.25160045458408,"Serpinb6a","GSE41345",FALSE
-0.14436981795,0.577452065666667,-2.25493695914395,0.0474319077914749,0.551749088057453,-3.67093468764778,"Serpine2","GSE41345",FALSE
-0.0100231345000007,1.55877111255556,-0.131644611334612,0.897841115164044,0.971216804755958,-5.34787892004667,"Serpinf1","GSE41345",FALSE
-0.0737562058499996,0.343151971666667,-0.656479169336138,0.52613424717827,0.804700502516018,-5.17498568896474,"Serping1","GSE41345",FALSE
-0.0653109233500005,0.915340289555556,-0.136304350768798,0.894249153403058,0.970635775100538,-5.34734416415321,"Serpini1","GSE41345",FALSE
0.02361437295,-0.0257380843333333,0.445656645056916,0.665210570371627,0.869829062360083,-5.27106653355406,"Sertad1","GSE41345",FALSE
0.0590515828999935,2.56604951155556,0.639425472756782,0.536724918398841,0.811057565110411,-5.18401243684698,"Sertad2","GSE41345",FALSE
-0.14735242535,0.383239060777778,-1.45483744936903,0.175963657045923,0.590052931837169,-4.54794945889267,"Sertad4","GSE41345",FALSE
-0.0255502722999995,1.95808665522222,-0.307067598469933,0.765006069808663,0.917025341108887,-5.31506630541216,"Sesn1","GSE41345",FALSE
-0.0684318013999996,0.379022832444444,-1.0279070549744,0.327891432390992,0.697009031408964,-4.92866915856792,"Setd6","GSE41345",FALSE
0.1178407844,0.701482328555555,1.19983997247231,0.257487063887168,0.641365508558957,-4.78610688444025,"Setd8","GSE41345",FALSE
-0.0553707307999997,0.247286697111111,-0.96119296278221,0.358817262325711,0.716410933064045,-4.97947493125095,"Setdb1","GSE41345",FALSE
-0.0393959423500002,-0.017773692111111,-0.528742094150668,0.608363745266829,0.841790535767707,-5.23729215662434,"Setmar","GSE41345",FALSE
0.0955525484499998,1.02486349011111,1.01809321563904,0.332312074367704,0.699020705811636,-4.93630873232246,"Sez6","GSE41345",FALSE
0.08902625355,2.106352712,0.80486936189188,0.439361074562503,0.756210887037099,-5.08762344776345,"Sez6l","GSE41345",FALSE
0.0970763672500018,1.57787593611111,0.887137763892625,0.395560838935576,0.73338724660004,-5.03267403270078,"Sez6l2","GSE41345",FALSE
-0.0180199594500003,1.42565830233333,-0.236757839547048,0.817559547374946,0.939190513968695,-5.33133087885326,"Sf3a1","GSE41345",FALSE
-0.044229149800002,1.85288723788889,-0.824653184113308,0.428542782068626,0.750917738002808,-5.07481992923926,"Sf3a3","GSE41345",FALSE
0.00790217669999536,2.32114452533333,0.119035042081961,0.907573089028626,0.973806614461992,-5.34923309922062,"Sf3b2","GSE41345",FALSE
-0.04095109805,0.986601638777778,-0.717749490836926,0.489119006006059,0.78705397169386,-5.14080521916407,"Sf3b3","GSE41345",FALSE
0.174042833200002,2.09244940911111,2.17884389933849,0.0539913944590853,0.551749088057453,-3.75911643204569,"Sf3b5","GSE41345",FALSE
-0.1140023438,1.53220635844444,-2.13455294728182,0.0582019799500177,0.553797329977244,-3.81020331360908,"Sfpq","GSE41345",FALSE
0.241510819149999,0.367241981444444,2.02403493204017,0.0701171516807285,0.564515411734788,-3.93668628773898,"Sfrp1","GSE41345",FALSE
0.167760691899998,5.12548074011111,1.44444973840998,0.178796156668566,0.590052931837169,-4.55819273837865,"Sfxn1","GSE41345",FALSE
-0.2308185601,0.343705034888889,-2.11225354056472,0.0604390333766201,0.559762518320677,-3.83584565601223,"Sfxn4","GSE41345",FALSE
0.0957560198999998,1.13694808966667,1.24650094563001,0.240609796045604,0.630197490903886,-4.74474864303108,"Sfxn5","GSE41345",FALSE
-0.236675318649997,2.04976608888889,-1.9068557033882,0.0852460128084982,0.573793150721065,-4.06881437707824,"Sgcb","GSE41345",FALSE
0.00221907370000007,0.866606735777778,0.0373498599329986,0.970931220649726,0.994556490641638,-5.35471095321323,"Sgip1","GSE41345",FALSE
-0.0235289752499998,-0.100060778333333,-0.168350047367109,0.86961886620367,0.961265282514828,-5.34316555076981,"Sgk3","GSE41345",FALSE
-0.0315214095999997,1.70638415922222,-0.590432174419244,0.567827224219061,0.821915238730403,-5.2087417385496,"Sgpp1","GSE41345",FALSE
-0.19649571275,0.0517044421111111,-1.71000616777821,0.117638451155421,0.573793150721065,-4.28452597294867,"Sgpp2","GSE41345",FALSE
0.0615221381000001,0.0969581068888888,0.687947946445963,0.506918681417736,0.795639872514673,-5.15776953689882,"Sgta","GSE41345",FALSE
-0.223013486399997,3.10035063833333,-1.75427421429222,0.109502670825891,0.573793150721065,-4.23682085183471,"Sgtb","GSE41345",FALSE
-0.2023681754,0.892402056111111,-1.34456224912763,0.20807359640504,0.606540547208449,-4.65446709471781,"Sh3bgrl","GSE41345",FALSE
-0.0941271736500002,-0.226726481,-1.19751174820465,0.258353449255768,0.641811056451645,-4.7881421775273,"Sh3bgrl2","GSE41345",FALSE
0.0990828896000004,2.68319946122222,1.21683130024102,0.251234425644296,0.639563457104587,-4.77117103321108,"Sh3bgrl3","GSE41345",FALSE
-0.151144912,0.146239984555556,-2.37071088548264,0.0389075296067639,0.551749088057453,-3.53604260270177,"Sh3bp2","GSE41345",FALSE
0.0695390387999999,0.612977851666667,1.10437353429509,0.294950195170761,0.669713567873096,-4.8672546128958,"Sh3gl1","GSE41345",FALSE
-0.0661787790000012,7.28178257533333,-0.345585038264578,0.736717629965259,0.903957909468322,-5.30441346773519,"Sh3gl2","GSE41345",FALSE
-0.0796208443500003,0.231045844666667,-0.919568932548464,0.379156105332575,0.728556252861778,-5.00980106978857,"Sh3gl3","GSE41345",FALSE
0.0899532011500071,2.10008126211111,1.1090989822248,0.293001116870128,0.667693010563063,-4.86335211458003,"Sh3glb2","GSE41345",FALSE
-0.24301974825,1.812892549,-1.84380520505104,0.09459590545669,0.573793150721065,-4.13885979846815,"Sh3kbp1","GSE41345",FALSE
-0.21278308265,0.630004795444444,-1.82165878882688,0.0980989025670721,0.573793150721065,-4.16326419765634,"Sh3yl1","GSE41345",FALSE
-0.125029101,1.16962658666667,-1.61290803772825,0.13742143625754,0.57817881478681,-4.38724529077103,"Shc1","GSE41345",FALSE
-0.0152453331499991,1.74080754077778,-0.184699002481309,0.857107314500553,0.955858511062868,-5.34069737814321,"Shd","GSE41345",FALSE
0.2423505599,1.13814008755556,2.21950899092783,0.0503842305272952,0.551749088057453,-3.71204933963301,"Shf","GSE41345",FALSE
-0.45913663305,-1.080181747,-1.07891137161834,0.305624975437851,0.678724210086633,-4.88807063733779,"Shox2","GSE41345",FALSE
-0.2733770361,0.292512924666667,-2.53067759582846,0.0295479715827171,0.537623773850961,-3.34897729407604,"Shprh","GSE41345",FALSE
-0.0795790048000008,1.11658548722222,-1.02295926013939,0.330114641397511,0.697723443657858,-4.93252780671056,"Siah1a","GSE41345",FALSE
-0.1178360496,-0.0341504190000001,-1.4426863510659,0.179280855040203,0.590052931837169,-4.559927442484,"Siah2","GSE41345",FALSE
0.0570653878000005,0.438769950777777,0.498050142466308,0.629073968692574,0.850971036511977,-5.2504010725945,"Siglech","GSE41345",FALSE
-0.0292275970000004,1.07462028088889,-0.43098585959899,0.675497683203218,0.875265882937777,-5.27646168415197,"Sin3a","GSE41345",FALSE
0.225871677,2.892628943,1.75219533170049,0.109872994826147,0.573793150721065,-4.23907252813901,"Sipa1l1","GSE41345",FALSE
-0.142793399,0.356752435111111,-1.73420511470477,0.113125586967515,0.573793150721065,-4.25851181563961,"Sirt1","GSE41345",FALSE
-0.0395221384500003,1.07064944833333,-0.709734393361264,0.493867768633686,0.789405755061705,-5.14543033564962,"Sirt2","GSE41345",FALSE
0.12209208655,2.26081724777778,1.62136381370021,0.135587552301528,0.57817881478681,-4.37841189035767,"Sirt3","GSE41345",FALSE
-0.14527546225,0.380876088888889,-1.37937285737811,0.197442209730593,0.60170478966327,-4.62138629000313,"Sirt5","GSE41345",FALSE
-0.0275769410499966,2.09624533655555,-0.429286990185814,0.6766935093868,0.875270912053587,-5.27707529320847,"Sirt7","GSE41345",FALSE
-0.1119751804,0.958462211555556,-1.55404593646241,0.150807667654778,0.580042267756514,-4.44809926105424,"Skap2","GSE41345",FALSE
-0.0677936315999997,1.43967778466667,-0.767148919916057,0.460483680577585,0.769217472976707,-5.11129685211542,"Skil","GSE41345",FALSE
0.183316250999999,1.70854191833333,1.99306340307725,0.0738498769577442,0.564707806576065,-3.97182995443936,"Skiv2l","GSE41345",FALSE
-0.0474926317000027,1.63429099888889,-0.342161364143262,0.739216215760652,0.905507079488881,-5.30540992171153,"Skp1a","GSE41345",FALSE
-0.0652003284000003,0.140695704666667,-0.559209703053512,0.58815716127139,0.832466057898294,-5.22355619178298,"Slc11a1","GSE41345",FALSE
0.043690942849992,3.95454818022222,0.163356837421741,0.873447772147391,0.962797183593288,-5.34387411328497,"Slc12a2","GSE41345",FALSE
0.00976155320000014,1.07139763288889,0.165299760373921,0.871957482559226,0.962387528484949,-5.34360092108567,"Slc12a3","GSE41345",FALSE
0.0120473785000006,1.47062425344444,0.125048422222004,0.902929903063937,0.972554628977121,-5.34860423347141,"Slc12a6","GSE41345",FALSE
0.0949292422500002,-0.280779195666666,1.01785330655155,0.332420694998481,0.699020705811636,-4.93649478291893,"Slc12a9","GSE41345",FALSE
0.1259381212,-0.268812660888889,0.743997426256855,0.473767616869496,0.776942859103912,-5.12533966945887,"Slc13a3","GSE41345",FALSE
0.324556256700006,1.735164682,0.92678997469338,0.375569988138455,0.726505351048035,-5.00461745457128,"Slc13a4","GSE41345",FALSE
0.0446854594000002,0.220424694777778,0.321534908637378,0.754335678119787,0.912257751740548,-5.31120881734962,"Slc15a2","GSE41345",FALSE
0.0715153703000002,0.144985019222222,0.73035028263286,0.481710942720195,0.782121147500948,-5.13344151086898,"Slc15a4","GSE41345",FALSE
-0.15028913015,-0.302250347555555,-1.16875429872711,0.26924759128984,0.647528268427259,-4.81305390646614,"Slc16a4","GSE41345",FALSE
0.2490406007,-0.213542041777777,1.22837537979949,0.247056395055392,0.636522478598047,-4.76094163731469,"Slc16a8","GSE41345",FALSE
0.1113108034,0.0400266087777778,1.20868564393459,0.254216562544909,0.641365508558957,-4.77834930096165,"Slc16a9","GSE41345",FALSE
0.09079928135,0.213691685555556,1.41102452338822,0.188176789976203,0.59534225335633,-4.59086498748135,"Slc17a5","GSE41345",FALSE
-0.399020209650009,2.116485186,-1.8852861543125,0.0883435792007036,0.573793150721065,-4.09286746575055,"Slc17a6","GSE41345",FALSE
0.104601667049997,2.529370862,0.735952626078081,0.478440015872439,0.779067807570135,-5.13013147626604,"Slc17a7","GSE41345",FALSE
-0.0480062044,0.715965388555555,-0.52890043359999,0.608257813454585,0.841790535767707,-5.23722262553843,"Slc19a1","GSE41345",FALSE
-0.16938689105,0.839358197111111,-1.86149885690155,0.0918805409799334,0.573793150721065,-4.11928568976273,"Slc19a2","GSE41345",FALSE
-0.055245027649994,2.90977827977778,-0.229488856372099,0.823052311145974,0.942259433622962,-5.3327761083228,"Slc1a1","GSE41345",FALSE
-0.0137430761999964,3.37466998833334,-0.0740986586040113,0.942373438495689,0.985155317233367,-5.35295377370176,"Slc1a2","GSE41345",FALSE
0.0899581100499998,3.54167160144445,0.896386894399168,0.390832525038603,0.731002939929819,-5.026219274957,"Slc1a3","GSE41345",FALSE
-0.0984233448999992,0.810789881555556,-1.57771602511687,0.145292353863469,0.579936514910764,-4.42376475718474,"Slc1a4","GSE41345",FALSE
0.0407631791000002,1.38419441688889,0.567135831771072,0.582959540704336,0.829767136260786,-5.21986579470458,"Slc20a2","GSE41345",FALSE
0.280360142750002,2.66094993688889,1.72354596101481,0.115093726342424,0.573793150721065,-4.26998976182017,"Slc22a17","GSE41345",FALSE
-0.17215866535,0.212294284222222,-0.905612466886212,0.386155839825082,0.730086829836255,-5.01972638283795,"Slc22a5","GSE41345",FALSE
0.0241467845499998,-0.0409557675555554,0.127091639507914,0.901353110656381,0.97233982170878,-5.34838353178777,"Slc22a6","GSE41345",FALSE
0.12288272415,0.736530832666667,0.987755106036417,0.346258046762657,0.709874904317257,-4.95956591508162,"Slc23a2","GSE41345",FALSE
0.0322080586499985,3.14196550633333,0.369131609137856,0.719621739388337,0.897815874070945,-5.29729965111279,"Slc24a3","GSE41345",FALSE
-0.0631916853499998,-0.0615903128888888,-0.88541249552632,0.396447221779306,0.734372541783482,-5.03387196856895,"Slc24a4","GSE41345",FALSE
0.16008659245,0.589326660444444,1.96765557202272,0.0770508703940537,0.569747125215855,-4.00054731136784,"Slc25a1","GSE41345",FALSE
0.0745182020999994,3.38632838533333,0.691440199001988,0.504812692410581,0.794508256069351,-5.15581462682185,"Slc25a11","GSE41345",FALSE
0.00728334414999469,1.83594900944444,0.122146624611561,0.905170037297025,0.973370215015763,-5.34891155164615,"Slc25a12","GSE41345",FALSE
-0.124269269900001,1.23964398777778,-1.44675056782681,0.178165421936911,0.590052931837169,-4.55592751077914,"Slc25a14","GSE41345",FALSE
-0.1635606038,-0.277489191888889,-1.9381204315199,0.0809352674464076,0.572386052113846,-4.03379274609629,"Slc25a15","GSE41345",FALSE
-0.0645255375999986,1.53037905688889,-0.63485947209308,0.539581375842751,0.811572269569108,-5.18639281616254,"Slc25a16","GSE41345",FALSE
-0.14592701655,1.15716064,-1.34061141871083,0.209309941757473,0.607336039288225,-4.65818855525555,"Slc25a17","GSE41345",FALSE
0.0393499881000001,1.83247833,0.143888707519592,0.888408134750076,0.968757882391497,-5.346434187848,"Slc25a18","GSE41345",FALSE
-0.072368355400001,1.16109900788889,-0.596036808983615,0.564219256106081,0.81852367281365,-5.20600407741936,"Slc25a19","GSE41345",FALSE
-0.1827866971,0.841879912555555,-2.06402958172173,0.0655601954403906,0.564515411734788,-3.8910965630982,"Slc25a20","GSE41345",FALSE
-0.0449124765000004,0.847809409333334,-0.720335696218236,0.487592809195422,0.785729954642869,-5.13930307723752,"Slc25a25","GSE41345",FALSE
-0.0932576957499997,0.435344840222222,-1.59868111914793,0.140556704582863,0.579601639670235,-4.40205676675388,"Slc25a26","GSE41345",FALSE
0.01366912995,0.0692986986666667,0.241813308907757,0.813745478217546,0.937488042134582,-5.33029953262329,"Slc25a27","GSE41345",FALSE
0.0585919165000006,2.03669341477778,0.675842684879376,0.51425980050757,0.798126588970628,-5.16447752037477,"Slc25a28","GSE41345",FALSE
0.244944206900004,3.60096989555555,0.91971102970278,0.379085303289183,0.728556252861778,-5.00969938211226,"Slc25a3","GSE41345",FALSE
-0.06052603735,-0.153304572444445,-0.760255590162505,0.464413674772933,0.770660796933169,-5.11551714605267,"Slc25a30","GSE41345",FALSE
0.0171847585000014,2.41995835044445,0.102085109600475,0.920679891452172,0.979533479450064,-5.3508394233984,"Slc25a38","GSE41345",FALSE
0.2087630235,0.674707169,2.87020986277248,0.0164444552379164,0.537623773850961,-2.95371707455339,"Slc25a39","GSE41345",FALSE
-0.00345395679999977,0.114267573888889,-0.0457874629446836,0.964368948784946,0.992310264991324,-5.35440992835144,"Slc25a42","GSE41345",FALSE
-0.00144056225000367,3.30700558211111,-0.0233020423925863,0.981861576121055,0.996885026852925,-5.35507661625508,"Slc25a5","GSE41345",FALSE
-0.030053473750001,1.01581644655556,-0.297922908054097,0.771777568076665,0.921892913020512,-5.31741505613099,"Slc26a4","GSE41345",FALSE
0.00517203064999983,0.642590561888889,0.0835760468181837,0.935020628643069,0.983216698131415,-5.35231285411666,"Slc27a1","GSE41345",FALSE
-0.0306998041,-0.100310860777778,-0.33601677352367,0.743708476749932,0.907440064546177,-5.30717409722428,"Slc27a2","GSE41345",FALSE
0.0933604459500006,0.177086617333334,1.30378780456984,0.221130238047101,0.617688005795592,-4.6925415236936,"Slc27a3","GSE41345",FALSE
-0.04916368285,0.178335899888889,-0.617595354665063,0.550460617404198,0.813829637516672,-5.19525300778713,"Slc29a1","GSE41345",FALSE
0.0747730502999997,0.339750142,0.900874284351854,0.388552810061053,0.730895040947702,-5.02306786934908,"Slc29a3","GSE41345",FALSE
0.237374279799999,1.12743089111111,1.35312503917132,0.205414958897437,0.60599416791512,-4.64637808680196,"Slc29a4","GSE41345",FALSE
-0.111763048250004,2.12617038611111,-1.29008319112567,0.225668107194347,0.620187610125935,-4.70517021540411,"Slc2a1","GSE41345",FALSE
-0.109521445000001,1.84111376122222,-1.56810153670378,0.147510810551438,0.580042267756514,-4.43367172877549,"Slc2a13","GSE41345",FALSE
-0.0443369097999974,2.45182961555556,-0.603225228699249,0.55961043321832,0.816356766996878,-5.20245809477922,"Slc2a3","GSE41345",FALSE
0.0287036872999985,1.79205420055556,0.531919843274791,0.606239593439302,0.841063623030096,-5.23589300135584,"Slc2a6","GSE41345",FALSE
-0.1727312082,0.147315294333333,-1.36023597033644,0.20322878313812,0.604970355956323,-4.63963649807361,"Slc30a1","GSE41345",FALSE
-0.0354280546499999,0.0154172313333333,-0.546336777634306,0.59665103084163,0.83743700209695,-5.22944711800684,"Slc30a10","GSE41345",FALSE
0.0335800730999998,-0.113429280666667,0.338365320252082,0.741990273338325,0.906426754532264,-5.30650347636742,"Slc30a3","GSE41345",FALSE
-0.333999009450002,2.445285815,-2.17261735786379,0.0545651739293361,0.551749088057453,-3.76631011635183,"Slc30a5","GSE41345",FALSE
-0.0980362618499998,0.429665164666667,-1.21698119355269,0.251179814121274,0.639563457104587,-4.77103863229766,"Slc30a6","GSE41345",FALSE
0.0917239861999999,0.390821185888889,1.36689701439718,0.201198663364162,0.603955273419923,-4.63330174560735,"Slc30a9","GSE41345",FALSE
0.0904311476499995,0.690814061777778,0.475837148935441,0.644277115337244,0.860209926291696,-5.25942786776471,"Slc31a1","GSE41345",FALSE
-0.2956250806,1.09255611388889,-1.58005647226173,0.144756790061358,0.579936514910764,-4.42134848478734,"Slc35a1","GSE41345",FALSE
0.0423503775500004,0.705631984222223,0.640410278682277,0.536109982623289,0.811057565110411,-5.18349700657573,"Slc35a2","GSE41345",FALSE
-0.0286889886500001,-0.0700515282222222,-0.54672043187935,0.596396956620576,0.83743700209695,-5.22927339247423,"Slc35a3","GSE41345",FALSE
-0.0179250646999997,1.14931673677778,-0.32433575396249,0.752276065208721,0.911423297156877,-5.31044199775786,"Slc35a4","GSE41345",FALSE
-0.15972306445,0.103204504555555,-1.38080151401295,0.197015840381075,0.601423052688717,-4.62001761516453,"Slc35a5","GSE41345",FALSE
0.1439613724,1.40660147777778,2.08484933496853,0.0633005666580217,0.564515411734788,-3.86727865398433,"Slc35b1","GSE41345",FALSE
-0.133269903949996,2.02730770777778,-0.917141066471951,0.380367275746139,0.728945967725167,-5.01153653320964,"Slc35b3","GSE41345",FALSE
-0.0154187310000006,1.49179464566667,-0.243309392039605,0.812617738638576,0.937488042134582,-5.3299902025631,"Slc35b4","GSE41345",FALSE
-0.0417409737499999,1.64022657811111,-0.640881386004394,0.53581595697074,0.811057565110411,-5.18325018344123,"Slc35c1","GSE41345",FALSE
0.138048071200002,1.88346603711111,1.28378919050319,0.227777717532664,0.620663703122923,-4.71094109694046,"Slc35c2","GSE41345",FALSE
-0.0142329383999998,1.749565429,-0.245649621254718,0.810854586215153,0.937016424904449,-5.32950256506756,"Slc35e3","GSE41345",FALSE
-0.1881874849,0.360603334222222,-2.14475029463052,0.0572055596265734,0.552658308806149,-3.79845908113343,"Slc35f1","GSE41345",FALSE
-0.00334225435000111,1.79118610622222,-0.0263142175177572,0.979517444709428,0.996535899435461,-5.35501247309385,"Slc35f3","GSE41345",FALSE
-0.0815646678499999,0.488727746111111,-1.59700801694747,0.140929550995927,0.579936514910764,-4.40379437817155,"Slc35f4","GSE41345",FALSE
-0.15481122105,0.155772810666667,-2.00474984218542,0.072419939182644,0.564515411734788,-3.95858653302404,"Slc37a3","GSE41345",FALSE
-0.0642216615999982,1.76747428688889,-0.603653677327534,0.55933640170994,0.816356766996878,-5.20224551590792,"Slc38a2","GSE41345",FALSE
0.1212197178,0.192393317333333,1.72406704127775,0.11499679569943,0.573793150721065,-4.26942935288912,"Slc38a3","GSE41345",FALSE
-0.13064411465,0.876753876444444,-1.4858156220294,0.167744651039909,0.5897571471234,-4.51715715357401,"Slc38a5","GSE41345",FALSE
-0.0444773576,-0.0350302748888889,-0.431183103260915,0.675358905442872,0.875265882937777,-5.27639029223179,"Slc39a10","GSE41345",FALSE
0.0271464171499999,0.920841552888889,0.405258976556113,0.693706177592978,0.88426760721226,-5.28550508683384,"Slc39a11","GSE41345",FALSE
-0.115916741350004,2.02601806688889,-1.57414947692748,0.146111847369234,0.580042267756514,-4.42744337964302,"Slc39a12","GSE41345",FALSE
0.0573416677999997,0.252159482888889,0.691110547690455,0.505011259740511,0.794508256069351,-5.15599953712243,"Slc39a13","GSE41345",FALSE
-0.10778952445,1.60420523088889,-1.45598220302093,0.175653878068814,0.590052931837169,-4.5468180692702,"Slc39a6","GSE41345",FALSE
-0.0527463630000001,1.570995043,-0.587295214927497,0.569852182446021,0.823142516731666,-5.21026365884442,"Slc39a7","GSE41345",FALSE
0.0061195385499996,1.11527786311111,0.0940916093143915,0.926869885921727,0.982072970606157,-5.35151171854264,"Slc40a1","GSE41345",FALSE
-0.0668257151499999,0.119384583555555,-1.18839169847845,0.261769675304486,0.642386604652324,-4.79608835014169,"Slc41a2","GSE41345",FALSE
0.0409285276999999,1.01273086055556,0.363103593540254,0.723983425388113,0.89927300843159,-5.29916407852945,"Slc44a1","GSE41345",FALSE
0.0572765439000001,-0.0734970606666668,0.849472077375824,0.41522608659497,0.741776913579799,-5.05838725565178,"Slc45a1","GSE41345",FALSE
0.0132858803999998,0.144950544333333,0.190257539900596,0.85286270144713,0.954502131246754,-5.33980656324185,"Slc45a4","GSE41345",FALSE
-0.16813451045,0.973220911111111,-2.69649016057879,0.02219492559399,0.537623773850961,-3.15528696204224,"Slc4a1ap","GSE41345",FALSE
0.31133392605,1.235804562,1.16109795071864,0.272208564964848,0.651514519919803,-4.81961457739891,"Slc4a2","GSE41345",FALSE
0.0835456714499978,4.02173998933333,0.329725924311829,0.748318116935667,0.909797466552958,-5.30894802828442,"Slc4a3","GSE41345",FALSE
0.0904468891500001,0.0827081989999998,0.861186502463679,0.409039544811161,0.740837121901425,-5.05048946463823,"Slc4a8","GSE41345",FALSE
0.0715279449499996,-0.379975316444444,0.417017672302679,0.685357598060051,0.881510163875961,-5.28143791135654,"Slc5a5","GSE41345",FALSE
-0.0905321287000003,1.51275390355556,-1.08057111078759,0.304920246634899,0.678640513463071,-4.88672472804518,"Slc5a6","GSE41345",FALSE
-0.0181271654499998,0.601152833222222,-0.348384873599045,0.734676702799046,0.903431995175711,-5.30359141707018,"Slc6a1","GSE41345",FALSE
-0.0544933797000001,0.218665049333333,-0.275918891470157,0.788152594037796,0.928819625483433,-5.32278146843528,"Slc6a12","GSE41345",FALSE
-0.0713153803499999,0.646655463,-0.354958888218122,0.729893121079993,0.901009707947478,-5.30163593368175,"Slc6a13","GSE41345",FALSE
-0.19147018915,1.45050016055556,-2.55857167506618,0.0281604446433859,0.537623773850961,-3.31634872644888,"Slc6a15","GSE41345",FALSE
0.0519406769500047,1.99606567211111,0.625625387623419,0.545384899631151,0.811641100947509,-5.19115949459564,"Slc6a17","GSE41345",FALSE
0.0133061337500003,2.28399412222222,0.170848992202304,0.867703936041135,0.960877194250267,-5.34280298237185,"Slc6a6","GSE41345",FALSE
0.000753200999999911,1.187627091,0.00819275716710789,0.99362216205069,0.998627926207612,-5.3552808583265,"Slc6a7","GSE41345",FALSE
-0.0917742925000006,1.73907777655556,-1.80803051793621,0.100313459663273,0.573793150721065,-4.17822732571968,"Slc6a8","GSE41345",FALSE
0.0101900067499978,1.91755157288889,0.0921888844011687,0.928344084485829,0.982785330155221,-5.35166369245226,"Slc6a9","GSE41345",FALSE
0.0782655818500002,0.865609113444444,0.974925491823914,0.352283423789843,0.710557775912246,-4.96923547130835,"Slc7a10","GSE41345",FALSE
-0.0300401771500004,0.514913948555556,-0.21075659066004,0.837252714327478,0.947136437588345,-5.33629523546188,"Slc7a11","GSE41345",FALSE
-0.238650222,0.930986094666667,-2.26645162111598,0.0465088782601752,0.551749088057453,-3.65755237363885,"Slc7a3","GSE41345",FALSE
0.0362390781000025,1.73270686833333,0.581288140867236,0.573740909299572,0.825499402452993,-5.21315721992269,"Slc7a4","GSE41345",FALSE
0.0640119696500012,1.74198729888889,1.08484981162273,0.303109236892035,0.67816321279793,-4.88324796486554,"Slc7a5","GSE41345",FALSE
0.0812815345999999,0.984858980888889,0.912429128285055,0.382725699531698,0.730086829836255,-5.01489404608123,"Slc7a8","GSE41345",FALSE
-0.22674168085,1.30548638422222,-2.55197576130214,0.0284826062657197,0.537623773850961,-3.32406333778991,"Slc8a1","GSE41345",FALSE
0.0938325204000005,0.284293517,0.795855051927248,0.444349860563572,0.758336071686369,-5.09336940034141,"Slc8a2","GSE41345",FALSE
0.152904710499998,1.65773041211111,1.70313614311669,0.118948986635412,0.573793150721065,-4.29188258506854,"Slc9a1","GSE41345",FALSE
-0.0793165521000001,0.991167489666667,-1.16153114422338,0.272040350794671,0.651514519919803,-4.81924419142924,"Slc9a3r1","GSE41345",FALSE
-0.0416512379500004,1.16102043088889,-0.613278698589376,0.553200195217594,0.814330688337885,-5.19743361970355,"Slc9a3r2","GSE41345",FALSE
-0.193302847,-0.106217497444444,-2.52680118958695,0.0297460705431083,0.537623773850961,-3.35351224984342,"Slc9a9","GSE41345",FALSE
-0.0927766421999996,-0.405998883,-0.459172032906163,0.655797486716003,0.866553044980333,-5.26594407415777,"Slco1a4","GSE41345",FALSE
-0.28859960925,0.50642937,-1.04149514670179,0.32184353537065,0.691624276707519,-4.91799895520217,"Slco1c1","GSE41345",FALSE
0.0992040996499997,1.15977261755556,1.82244194879743,0.0979730169625355,0.573793150721065,-4.16240304778456,"Slco2b1","GSE41345",FALSE
0.0573835628500002,0.333676124111111,0.65462911840381,0.527277184410868,0.805287353417325,-5.17597530352617,"Slco3a1","GSE41345",FALSE
-0.17395039035,0.844357512,-1.57888236579731,0.145025242338625,0.579936514910764,-4.42256085499995,"Slit2","GSE41345",FALSE
0.08394201765,0.37106807,1.084239393408,0.30336709830427,0.678439147116821,-4.88374459954003,"Slitrk1","GSE41345",FALSE
-0.00633540384999952,0.749681569555556,-0.0885612813470389,0.931155470690861,0.983216698131415,-5.3519448504613,"Slitrk3","GSE41345",FALSE
-0.191219784,0.987250545333334,-1.72479312744982,0.114861853443347,0.573793150721065,-4.26864834482448,"Slitrk4","GSE41345",FALSE
0.180366861749999,2.80394373866667,1.61508611075711,0.136946961379117,0.57817881478681,-4.38497208360043,"Slitrk5","GSE41345",FALSE
-0.1439792713,0.129021640555556,-1.35052806068276,0.206218267039619,0.60599416791512,-4.64883473642306,"Slk","GSE41345",FALSE
-0.16609183335,1.044880621,-1.12116227327876,0.288070668528104,0.661829336875724,-4.85333451710984,"Slmap","GSE41345",FALSE
0.01821939265,-0.248712076555555,0.110552688692113,0.914128833582209,0.977755249711254,-5.35006765427388,"Sln","GSE41345",FALSE
-0.19878119815,0.995463137222222,-1.20290079185952,0.256351600516981,0.641365508558957,-4.78342701473268,"Smad1","GSE41345",FALSE
0.09620969655,-0.0982610986666667,0.288945054885757,0.778445103564437,0.924781780276903,-5.31965332398928,"Smad2","GSE41345",FALSE
0.0223632429000002,0.566025253666667,0.311813361461326,0.761500018672692,0.91608888219618,-5.31382003235231,"Smad3","GSE41345",FALSE
0.0419349233000017,2.03635935888889,0.678833518116316,0.512440121629542,0.797215066285196,-5.16283007649657,"Smad4","GSE41345",FALSE
-0.11017554145,1.15100127188889,-0.998357555157722,0.341336040178438,0.707291320966234,-4.95150029359967,"Smad5","GSE41345",FALSE
0.0517737721999996,0.739863188222222,0.60712916318129,0.557116295215051,0.816045824259634,-5.20051601895015,"Smap1","GSE41345",FALSE
-0.1183842358,1.28320461088889,-1.65479696045777,0.12854826177659,0.573793150721065,-4.34327096879308,"Smarca1","GSE41345",FALSE
-0.147493404149996,3.33012192733333,-1.22553293422457,0.248079895751466,0.636522478598047,-4.76346646902214,"Smarca2","GSE41345",FALSE
0.15587306405,0.0101628755555556,2.52232993619469,0.0299761988558442,0.537623773850961,-3.35874323647,"Smarca4","GSE41345",FALSE
-0.16971267315,0.605292149666667,-2.02826178376451,0.0696217518143306,0.564515411734788,-3.93187884573813,"Smarcad1","GSE41345",FALSE
-0.0796107171500002,0.326352475444444,-1.13686197494386,0.281750886528283,0.657201535967682,-4.84017954141214,"Smarcal1","GSE41345",FALSE
0.08342314785,1.06404113,1.50256298948371,0.163441117688399,0.585809208601702,-4.5003610893036,"Smarcb1","GSE41345",FALSE
-0.1174248286,0.131706232888889,-1.79910916964679,0.101787911151652,0.573793150721065,-4.18799934313931,"Smarcc1","GSE41345",FALSE
0.0356150817499994,1.17613777122222,0.56152530588581,0.586636132585743,0.832181720570999,-5.22248302235638,"Smarcd2","GSE41345",FALSE
0.0149675439000004,0.916545158333333,0.223327129011729,0.827716244988201,0.943562772348187,-5.33396634179756,"Smarcd3","GSE41345",FALSE
-0.254435094050006,2.46143028877778,-2.91114622081781,0.0153237903962207,0.537623773850961,-2.90653200849381,"Smarce1","GSE41345",FALSE
-0.5639381687,2.76811312711111,-4.33538253628548,0.00143026080444018,0.519305144899208,-1.40986054955152,"Smc1a","GSE41345",FALSE
-0.0286325367999995,0.275525988888889,-0.277152841208133,0.787231357551525,0.928656780381834,-5.32249121430311,"Smek1","GSE41345",FALSE
-0.17253840925,0.740342264555556,-1.79254625552414,0.102885232961628,0.573793150721065,-4.19517614571316,"Smek2","GSE41345",FALSE
0.0343187224999997,0.429491256555556,0.586279879044575,0.570508448728115,0.823142516731666,-5.21075466025684,"Smg6","GSE41345",FALSE
0.0718458841499998,1.14802015366667,0.932232846537639,0.37288295852025,0.725044125295751,-5.00068866579284,"Smg7","GSE41345",FALSE
0.061749993850001,1.86123135711111,0.99409032893668,0.343310788550231,0.708659567491277,-4.95475459446806,"Smn1","GSE41345",FALSE
-0.17444853385,0.780273812888889,-1.77280323011098,0.106251869526193,0.573793150721065,-4.21670384596719,"Smoc1","GSE41345",FALSE
-0.377219848899998,2.17203740722222,-2.43580154072607,0.0347917539294414,0.541735380587652,-3.45996929045814,"Smox","GSE41345",FALSE
-0.192363744100008,4.20973354122223,-0.72683268163883,0.48377184957639,0.783228662343953,-5.13550847490607,"Smpd1","GSE41345",FALSE
0.02840881495,0.0779684057777778,0.486765177511709,0.636775631391922,0.856105100498132,-5.2550355799368,"Smpd2","GSE41345",FALSE
0.0703690747999998,1.31225183155556,1.09182420956094,0.30017493335673,0.675494060204369,-4.87755890701475,"Smpd3","GSE41345",FALSE
-0.12182631085,0.936594268555555,-1.08779531506795,0.301867317152367,0.677470019570297,-4.88084859598422,"Smpdl3a","GSE41345",FALSE
0.12385510935,0.0971283846666667,1.36011489452012,0.203265842566385,0.604970355956323,-4.63975146723608,"Smpdl3b","GSE41345",FALSE
-0.21526427445,0.810468470333333,-1.77892633105984,0.105197122788171,0.573793150721065,-4.21003732853647,"Smu1","GSE41345",FALSE
-0.129665127,0.436997265666667,-1.8069308823259,0.100494134143741,0.573793150721065,-4.17943281252616,"Smug1","GSE41345",FALSE
0.0883985841500004,1.85939093022222,1.06727789345297,0.310599551681582,0.67958968631025,-4.89746102009122,"Smyd2","GSE41345",FALSE
-0.0401542332499998,0.354900502111111,-0.634856111440402,0.539583481473978,0.811572269569108,-5.1863945624698,"Smyd3","GSE41345",FALSE
-0.0402763046000001,-0.109035414222222,-0.386632928663867,0.707018374866924,0.892162685459139,-5.29171851257319,"Smyd4","GSE41345",FALSE
-0.1452227205,0.0574190866666667,-1.86992807384829,0.0906124543297755,0.573793150721065,-4.10993745220949,"Smyd5","GSE41345",FALSE
-0.0652968961999999,-0.0861658745555554,-0.509651943771707,0.621204328884951,0.847897013089309,-5.2455322584177,"Snai3","GSE41345",FALSE
-0.1424040387,0.507055894333333,-1.08081087680771,0.304818544325931,0.678640513463071,-4.88653017058416,"Snap23","GSE41345",FALSE
-0.03108778185,1.05029216966667,-0.351044608141389,0.732739901900167,0.902197571821654,-5.30280453540235,"Snap29","GSE41345",FALSE
-0.1254569516,0.739775716444444,-1.10682319435282,0.293938550742287,0.668912248120037,-4.86523309233032,"Snap91","GSE41345",FALSE
-0.31183165055,0.458947743111111,-2.50514516707082,0.0308771531010899,0.537623773850961,-3.3788488278838,"Snapc3","GSE41345",FALSE
0.0351430867000005,0.299783064444444,0.345980512303208,0.736429220517299,0.903957909468322,-5.30429774467307,"Snapc4","GSE41345",FALSE
0.233316753150009,8.77720750133333,1.77357215536717,0.106118888646363,0.573793150721065,-4.21586718281934,"Snca","GSE41345",FALSE
-0.0357814032000004,-0.252212748666667,-0.297880766935853,0.771808819903352,0.921892913020512,-5.31742571896204,"Sncg","GSE41345",FALSE
-0.0827917064499999,0.906543664222222,-0.910345575278788,0.383771851077561,0.730086829836255,-5.01637420869869,"Snip1","GSE41345",FALSE
0.0122242431999984,3.12658599077778,0.170011599690092,0.868345527021216,0.960953805742372,-5.34292506950451,"Snn","GSE41345",FALSE
0.0430504343999978,2.400875401,0.586533742884889,0.570344323903038,0.823142516731666,-5.210631968711,"Snph","GSE41345",FALSE
-0.00457183795000494,2.40804582122222,-0.0419109128109405,0.967383586901771,0.99330637246421,-5.3545558147365,"Snrk","GSE41345",FALSE
-0.132746797,0.894855967555556,-2.05725255609828,0.0663120949568819,0.564515411734788,-3.8988372469895,"Snrpa1","GSE41345",FALSE
0.0512331538999971,2.27181407522222,0.679762470433745,0.511875718684522,0.797215066285196,-5.16231705782218,"Snrpb","GSE41345",FALSE
-0.0438383467999976,2.14503946411111,-0.689204466418453,0.506160329044787,0.795639872514673,-5.15706717085862,"Snrpd3","GSE41345",FALSE
-0.00474248640000018,1.31934046766667,-0.0438152648748656,0.96590257808755,0.992826425468961,-5.35448575909399,"Snrpg","GSE41345",FALSE
0.118622927999999,6.03123490133334,0.871145913222951,0.403829838602287,0.739003812586054,-5.0437041501036,"Snrpn","GSE41345",FALSE
0.18130555195,0.605348826111111,1.54562366999097,0.152814035648641,0.580042267756514,-4.45671227011899,"Snta1","GSE41345",FALSE
-0.0917674446499999,0.110701286444444,-0.613903689143014,0.552803066220927,0.814283889134537,-5.19711876161229,"Snx1","GSE41345",FALSE
-0.0510238395500051,2.48101952177778,-0.60878594758908,0.556059702529031,0.815414097078774,-5.19968836315305,"Snx10","GSE41345",FALSE
0.198864126549999,1.97867663544444,3.26960256729092,0.00828685827989489,0.537623773850961,-2.50073210502269,"Snx11","GSE41345",FALSE
-0.00968885714999979,0.833913574666667,-0.134514340170727,0.895628692414284,0.970643617857129,-5.34755177794494,"Snx12","GSE41345",FALSE
-0.0335673292000005,0.229042386222222,-0.468109330258213,0.649607246879078,0.861816153070185,-5.26247690337574,"Snx13","GSE41345",FALSE
-0.634608239250005,2.50810224066667,-2.59646043980561,0.0263786028189195,0.537623773850961,-3.27204831392501,"Snx14","GSE41345",FALSE
0.0449558280499997,1.63751329822222,0.773065224830353,0.457127862773373,0.766898141039961,-5.1076484490385,"Snx15","GSE41345",FALSE
-0.23671950695,0.935561311444445,-2.59159208637427,0.026601136032391,0.537623773850961,-3.27773887197038,"Snx16","GSE41345",FALSE
0.129437763550004,3.65479186511111,0.792166608364716,0.446401868915632,0.759165420805862,-5.09570455169975,"Snx17","GSE41345",FALSE
-0.578971985500008,2.94645863555556,-4.06647841394906,0.00219960575690454,0.537623773850961,-1.66615639583482,"Snx2","GSE41345",FALSE
0.0264941451500005,1.40084364722222,0.396944978848723,0.699635130568616,0.887318772909108,-5.28831330617606,"Snx21","GSE41345",FALSE
-0.11011952195,1.28133219944444,-1.40156353574006,0.190906867618236,0.59648387540768,-4.60003133158849,"Snx24","GSE41345",FALSE
-0.0252789056000002,0.871626090444444,-0.318183308485039,0.756802941978642,0.913489046529031,-5.31211789653495,"Snx25","GSE41345",FALSE
0.0558674482,0.154813728777778,0.523808344746339,0.611669250065406,0.843491394060662,-5.23944894572345,"Snx3","GSE41345",FALSE
-0.1561626864,1.060027689,-2.20452878204882,0.0516851991216456,0.551749088057453,-3.72940453671575,"Snx4","GSE41345",FALSE
0.0636323203999997,1.13538660788889,0.84948516684229,0.415219138438466,0.741776913579799,-5.05837848124278,"Snx6","GSE41345",FALSE
-0.0751910898500003,-0.0702127165555556,-0.696738816153439,0.501627561604955,0.792639120007653,-5.15283173625824,"Snx7","GSE41345",FALSE
-0.12783681325,0.869578312555556,-1.7640997735197,0.1077677173656,0.573793150721065,-4.22616386715532,"Snx8","GSE41345",FALSE
0.00691360460000024,-0.0572798624444446,0.0540283575601309,0.957962348811582,0.990568817932501,-5.35405697182716,"Soat1","GSE41345",FALSE
-0.12248351525,1.26591892611111,-1.44250050421421,0.179332003869706,0.590052931837169,-4.56011019559469,"Socs2","GSE41345",FALSE
-0.0999155426000001,1.44662371777778,-1.37798829054786,0.197856163184136,0.601721825078704,-4.62271190784189,"Socs5","GSE41345",FALSE
0.130163625950001,2.98082450922222,1.49347084661266,0.165765471825638,0.588386266586014,-4.50949245582752,"Sod1","GSE41345",FALSE
0.0796919064999994,2.56667540611111,1.26232614016372,0.235093647404296,0.626295437855183,-4.73048113798504,"Sod2","GSE41345",FALSE
-0.0329093141499999,0.156462222555555,-0.529397653616228,0.60792522638173,0.841790535767707,-5.23700415649598,"Son","GSE41345",FALSE
-0.2017116373,-0.108047160777778,-3.01171766419669,0.01288740452867,0.537623773850961,-2.79124978997679,"Sorbs1","GSE41345",FALSE
0.0857703439499937,2.30534461166667,0.865910532960127,0.406562702343663,0.739911839739838,-5.04727907501999,"Sorcs3","GSE41345",FALSE
0.185654152100005,2.14049721788889,1.93906737380808,0.0808079353953764,0.572386052113846,-4.03272922096005,"Sorl1","GSE41345",FALSE
0.405421934449994,6.74905134222222,2.41831862143515,0.035853319862429,0.541735380587652,-3.48041217174719,"Sort1","GSE41345",FALSE
0.34195209625,0.792015198444444,0.919440142880673,0.379220284826136,0.728556252861778,-5.00989322335301,"Sostdc1","GSE41345",FALSE
-0.180977601749999,-0.273039940666667,-1.38208118895173,0.196634593019552,0.600685983285625,-4.61879094005645,"Sox17","GSE41345",FALSE
-0.0532098934499998,0.323281729666666,-0.640045070587632,0.536337979329325,0.811057565110411,-5.18368823386329,"Sox18","GSE41345",FALSE
0.0438444794999999,-0.0536897216666667,0.634896726678706,0.539558034141686,0.811572269569108,-5.18637345687564,"Sox2","GSE41345",FALSE
-0.106230380250001,1.39470631366667,-0.603215951057493,0.55961636793738,0.816356766996878,-5.20246269644181,"Sox21","GSE41345",FALSE
-0.00723475620000389,2.009269633,-0.0541720558367512,0.957850661931889,0.990568817932501,-5.35405030059456,"Sox5","GSE41345",FALSE
0.0503178586500002,0.378349638333334,0.616816220642024,0.550954526696118,0.813982599286129,-5.19564762808456,"Sox8","GSE41345",FALSE
0.0112290704999998,0.140548619,0.138489190560375,0.89256582503597,0.970451757819428,-5.34708705365837,"Sox9","GSE41345",FALSE
-0.188967361349999,-0.147234518333333,-2.12490471063538,0.0591600021158057,0.55869642447567,-3.82130476728267,"Sp4","GSE41345",FALSE
-0.0841394317999999,0.0417110427777777,-0.528389454610756,0.608599701251053,0.841790535767707,-5.23744694017016,"Spag6","GSE41345",FALSE
0.0482340896000003,1.36922819455556,0.840635484304858,0.419934805833784,0.744213894696896,-5.06428493136451,"Spag7","GSE41345",FALSE
-0.3762712807,0.690045521888889,-2.18259301117464,0.053648710204898,0.551749088057453,-3.75478323096092,"Spag9","GSE41345",FALSE
-0.216814285549998,3.78931194811111,-1.38695283029077,0.195188902012761,0.599109940870576,-4.61411479720836,"Sparc","GSE41345",FALSE
-0.2137196058,0.362649773333333,-1.27544687989172,0.23059880762425,0.622502881230745,-4.71856165481863,"Sparcl1","GSE41345",FALSE
0.05506699115,-0.0342918641111111,0.839142552661544,0.420733900616102,0.744213894696896,-5.06527622654122,"Spata2","GSE41345",FALSE
-0.0428826878499999,0.0402663182222222,-0.586048275810328,0.570658204553423,0.823142516731666,-5.21086655071289,"Spc24","GSE41345",FALSE
-0.175913273099999,5.38900222966667,-1.84674585026401,0.0941395435714072,0.573793150721065,-4.13561125854768,"Spcs1","GSE41345",FALSE
0.0538671163999998,1.12181529122222,0.850320538361188,0.414775870056059,0.741776913579799,-5.0578182633912,"Spcs3","GSE41345",FALSE
-0.0554765883499996,0.897022515111111,-0.824216142836351,0.428779823698602,0.751062832844773,-5.07510561494323,"Spg20","GSE41345",FALSE
0.11332988265,1.26779939733333,1.57153807015717,0.146714457402461,0.580042267756514,-4.43013417608529,"Spg21","GSE41345",FALSE
0.0467189916000002,0.987983073666667,0.677960956695083,0.512970603963698,0.797215066285196,-5.16331138213041,"Spg7","GSE41345",FALSE
0.02369162805,0.350635389666667,0.131827274867113,0.897700262846594,0.971216804755958,-5.34785830618847,"Sphk1","GSE41345",FALSE
-0.0104043524000005,0.494512636777778,-0.139155306842754,0.892052720774255,0.970451757819428,-5.34700785599961,"Sphk2","GSE41345",FALSE
0.0718728461000005,0.241443520555555,0.795787513644897,0.444387378563012,0.758336071686369,-5.09341224222269,"Spire1","GSE41345",FALSE
-0.0639694953,0.018797862,-0.634059721173973,0.54008259700058,0.811572269569108,-5.18680815715909,"Spire2","GSE41345",FALSE
-0.0656807454500004,1.06440169077778,-0.576018585614302,0.577164109490236,0.826416412310977,-5.21567295712757,"Spock1","GSE41345",FALSE
0.0291234383500002,1.13330040477778,0.350811213802544,0.732909779753461,0.902197571821654,-5.30287381759134,"Spock2","GSE41345",FALSE
-0.21587313165,1.36868803833333,-1.67943043072363,0.123572848842056,0.573793150721065,-4.31716687241955,"Spock3","GSE41345",FALSE
0.0317422530499998,3.07804182922222,0.480704796976318,0.640930512969432,0.857805885590458,-5.2574830661076,"Spop","GSE41345",FALSE
0.148146382699995,2.51245519255555,1.85627716099144,0.0926743038181669,0.573793150721065,-4.12506925368538,"Sppl3","GSE41345",FALSE
0.1245727383,0.917691409666667,1.5401826000097,0.154122624460894,0.580042267756514,-4.46226360926106,"Spr","GSE41345",FALSE
-0.120618255549998,2.01331074122222,-2.16476013602386,0.0552975744487075,0.551749088057453,-3.77538246581141,"Spred1","GSE41345",FALSE
0.0134261772499996,1.17961510388889,0.100003478966816,0.922291345099261,0.979800980268712,-5.35101976297688,"Sprn","GSE41345",FALSE
-0.0409018510000002,0.802171957555556,-0.510388495131316,0.620706386654906,0.847839194989352,-5.24521960141946,"Spry3","GSE41345",FALSE
0.00362873535000043,1.57584215866667,0.0319329175993057,0.975145429927836,0.996082317829872,-5.35487201586462,"Spsb3","GSE41345",FALSE
-0.0792650774500005,1.28525271088889,-1.2945322948206,0.224186584625728,0.61983165913791,-4.70107985146849,"Sptlc1","GSE41345",FALSE
-0.21825942815,2.89005712511111,-2.16568166559188,0.0552111897491816,0.551749088057453,-3.77431873159868,"Sqle","GSE41345",FALSE
0.123893964800003,2.69063366555556,1.27313410724728,0.231385960062315,0.623000211742796,-4.72066857063384,"Sqstm1","GSE41345",FALSE
-0.0909560910000026,1.86686130766667,-0.980448125454999,0.349680410518202,0.710557775912246,-4.96508529579755,"Sra1","GSE41345",FALSE
0.2216771096,0.210746000222222,1.71513826957148,0.116667973725146,0.573793150721065,-4.27902199760696,"Src","GSE41345",FALSE
0.086678521400002,1.76381870988889,1.55684603792485,0.150145762870166,0.580042267756514,-4.445230386042,"Srf","GSE41345",FALSE
-0.0903188685499998,0.700015182444445,-1.44558284290205,0.178485295802842,0.590052931837169,-4.55707742466581,"Srfbp1","GSE41345",FALSE
-0.179661055900001,2.87647028722222,-1.0382678709942,0.32327230851775,0.694023947149856,-4.92054289311695,"Sri","GSE41345",FALSE
0.450579709050004,4.24629791566666,2.73804397967101,0.0206580972976359,0.537623773850961,-3.10690521036191,"Srm","GSE41345",FALSE
0.109221111749996,2.18324980333333,1.5937739106373,0.141652746299251,0.579936514910764,-4.4071506315929,"Srp14","GSE41345",FALSE
-0.0387786670999999,0.136330049444444,-0.38686664489118,0.706850681875814,0.892162685459139,-5.29164229261301,"Srp19","GSE41345",FALSE
0.0600843288499998,0.118492162555555,1.13379835237221,0.282975542510521,0.65795769687451,-4.84275696297105,"Srp68","GSE41345",FALSE
-0.00121525764999981,0.0242605738888888,-0.0128160926768154,0.99002319892107,0.99767409443427,-5.35523916850743,"Srp72","GSE41345",FALSE
-0.0605646013500003,1.141634781,-0.474124414097773,0.645456640456415,0.860210845090302,-5.26010771162246,"Srp9","GSE41345",FALSE
-0.0331447787999996,1.275747425,-0.654727867515209,0.52721614160143,0.805287353417325,-5.17592254496661,"Srpk1","GSE41345",FALSE
-0.0573127366499999,1.142976905,-0.738267053605686,0.477092832531512,0.778886097266564,-5.12875757774852,"Srpk2","GSE41345",FALSE
0.0279239164499995,0.408828797333333,0.312579089108307,0.760934844786614,0.916080668409596,-5.31361719702487,"Srprb","GSE41345",FALSE
0.0108452828499998,1.42577305611111,0.101024964652178,0.921500535450428,0.979774612634793,-5.35093173088957,"Srr","GSE41345",FALSE
-0.0342901202500002,1.96712379355556,-0.150109646995778,0.883622336637455,0.967272063968532,-5.34565120577765,"Srrm2","GSE41345",FALSE
-0.175652402049999,1.49422062155556,-0.962310545224738,0.358282258743143,0.716410933064045,-4.9786459238021,"Ss18","GSE41345",FALSE
-0.25631618735,1.08241533511111,-3.62660121213297,0.00453593094275924,0.537623773850961,-2.1137680515303,"Ss18l1","GSE41345",FALSE
-0.0341810391000004,0.283648911666667,-0.262991168952086,0.797824416005282,0.931649799439166,-5.32574586432398,"Ssbp1","GSE41345",FALSE
-0.267496465949999,2.301407252,-2.16810155627078,0.0549849634489502,0.551749088057453,-3.77152502331224,"Ssbp2","GSE41345",FALSE
0.0453589474999972,2.33228206922222,0.494392055591883,0.631565472701618,0.853158927203159,-5.25191434252846,"Ssbp3","GSE41345",FALSE
0.1926855045,0.790172458,2.22870561569149,0.0496012378092604,0.551749088057453,-3.70138565784882,"Ssbp4","GSE41345",FALSE
-0.0221667571500006,1.08771731233333,-0.218538655328322,0.831345593847121,0.945446661044846,-5.33486920699303,"Ssfa2","GSE41345",FALSE
0.0548274604000004,1.58954474677778,0.816474029059396,0.432993545489106,0.752441919332033,-5.08014523103585,"Ssna1","GSE41345",FALSE
-0.0202036755500001,-0.352852867555556,-0.0666253324765521,0.948175479175173,0.986441609221544,-5.35340490331884,"Sspn","GSE41345",FALSE
-0.00115404709999455,1.80374812477778,-0.0146241249278697,0.988615823584302,0.99767409443427,-5.3552178742639,"Ssr2","GSE41345",FALSE
-0.0851282801000037,1.99540433644445,-1.27646311640287,0.230253625806738,0.622502881230745,-4.71763507916045,"Ssr3","GSE41345",FALSE
0.0147654695499993,2.13995558211111,0.262614378560153,0.798106857113937,0.931649799439166,-5.3258301674176,"Ssr4","GSE41345",FALSE
-0.0745721157,1.08561645066667,-1.00769039638797,0.337046330423466,0.702247726450985,-4.94434504351992,"Ssrp1","GSE41345",FALSE
0.267388884999996,3.07200407744445,2.13200722407675,0.0584533080825542,0.554097805752482,-3.81313346589018,"Sssca1","GSE41345",FALSE
0.0561332268999977,3.10676060144444,0.683865916667238,0.509387072719689,0.796625569318823,-5.16004341641351,"Sst","GSE41345",FALSE
0.1753647566,-0.0661516227777776,1.34824722576387,0.206925951500646,0.60599416791512,-4.65098991377165,"Sstr1","GSE41345",FALSE
-0.03125178275,1.64893437777778,-0.470158272416324,0.648191989763037,0.86148839876386,-5.26167309554549,"Ssx2ip","GSE41345",FALSE
-0.0592378555000001,0.043677337222222,-0.448275081190649,0.663382074058846,0.868771786463804,-5.27008550043935,"St13","GSE41345",FALSE
0.0341217038999998,-0.0568086346666667,0.270715806075383,0.792040835471411,0.929469360616727,-5.3239913673532,"St18","GSE41345",FALSE
0.12132790525,1.51261864044445,1.57154433286081,0.146713009600664,0.580042267756514,-4.43012772569661,"St3gal3","GSE41345",FALSE
-0.014186254500002,2.647813546,-0.0656975168519688,0.948896032871126,0.986441609221544,-5.35345757127034,"St5","GSE41345",FALSE
-0.0841361881999997,1.41240727677778,-1.22569630944652,0.24802097549833,0.636522478598047,-4.76332145683977,"St6gal1","GSE41345",FALSE
0.0992391518999997,0.494650602333333,0.372432903895362,0.717237468780616,0.897074525332385,-5.2962659935533,"St6galnac2","GSE41345",FALSE
-0.0129226840000074,2.21418983088889,-0.18731593346481,0.85510836926806,0.954822190577716,-5.34028124955745,"St6galnac5","GSE41345",FALSE
-0.297412830950001,1.41804448277778,-2.08080042617168,0.0637341285907037,0.564515411734788,-3.87191498794761,"St7l","GSE41345",FALSE
-0.2365273543,0.257245242222222,-1.59219368121743,0.14200730263048,0.579936514910764,-4.40878931814258,"St8sia4","GSE41345",FALSE
-0.00426572119999994,-0.0979789538888889,-0.0791258432860798,0.938472462800438,0.983765714843513,-5.35262338530295,"Stac","GSE41345",FALSE
0.0383822404999996,0.868972394555555,0.40236853947585,0.695765005431047,0.885598920340427,-5.28648773788639,"Stac2","GSE41345",FALSE
-0.0153263094,0.228858858333333,-0.161484810583618,0.874884172366959,0.963959117598115,-5.34413430088787,"Stag1","GSE41345",FALSE
-0.1603463822,0.601818764444445,-1.072496076521,0.308360633442654,0.67958968631025,-4.89325838853192,"Stag2","GSE41345",FALSE
-0.365921825,-0.172458629222222,-2.25759342516782,0.0472174023460643,0.551749088057453,-3.66784814622772,"Stam","GSE41345",FALSE
-0.0508050178499999,-0.178472139333333,-0.62656292462055,0.544794040586427,0.811641100947509,-5.1906784263238,"Stam2","GSE41345",FALSE
-0.0183009437999995,1.556747497,-0.3048868373823,0.766619032628015,0.918512806566329,-5.31563272441103,"Stambp","GSE41345",FALSE
0.1055148341,1.15034580422222,1.1406752412667,0.280232362809566,0.656391920877214,-4.83696445760428,"Stard10","GSE41345",FALSE
-0.1229045583,0.0365880186666667,-1.26667707126662,0.233595260264472,0.625407662508162,-4.72653755752091,"Stard13","GSE41345",FALSE
0.06940388855,-0.0656938091111111,1.08847703497522,0.301580439087872,0.677470019570297,-4.88029258842194,"Stard3","GSE41345",FALSE
-0.0582900695999994,0.892168696,-0.898499169143417,0.389758267258081,0.731002939929819,-5.02473747005849,"Stard3nl","GSE41345",FALSE
-0.0927325146,0.694951209666666,-1.19105821013567,0.260767136938985,0.642386604652324,-4.79376942111467,"Stard4","GSE41345",FALSE
-0.08765925155,0.134770296444445,-1.22685987651346,0.247601668738165,0.636522478598047,-4.76228829275351,"Stard5","GSE41345",FALSE
-0.283713339700005,2.64763402955555,-1.52093653029663,0.158830334811225,0.580042267756514,-4.48181692499839,"Stard7","GSE41345",FALSE
-0.2750622752,0.481317014111111,-2.56945213688156,0.02763688369139,0.537623773850961,-3.30362431437047,"Stard8","GSE41345",FALSE
-0.0655925550000001,0.421346836333333,-1.03612104367417,0.324225384997344,0.694591595812067,-4.92223182098665,"Stat1","GSE41345",FALSE
0.0220861105499998,1.50067039033333,0.27734178866148,0.787090324324489,0.928656780381834,-5.3224466571482,"Stat3","GSE41345",FALSE
-0.0259499949500001,0.989584715111111,-0.467970950699935,0.649702881905203,0.861816153070185,-5.26253107020661,"Stau1","GSE41345",FALSE
-0.0499860172500017,2.60732922233333,-0.622406301450416,0.547416436940745,0.812903737188509,-5.19280628391465,"Stau2","GSE41345",FALSE
-0.0406828756000001,-0.0210940244444442,-0.357566749820755,0.727998851497554,0.900147499235423,-5.30085038436537,"Steap2","GSE41345",FALSE
0.04032299325,0.736805020333333,0.617655119660691,0.550422741514901,0.813829637516672,-5.19522271892207,"Stim1","GSE41345",FALSE
0.00031413639999618,2.12279139077778,0.00517749500925162,0.995969431629102,0.998627926207612,-5.35529816209059,"Stip1","GSE41345",FALSE
0.0855787137999995,0.940906456111111,1.73805948634399,0.112421453039343,0.573793150721065,-4.25435402469639,"Stk11","GSE41345",FALSE
-0.101867542,-0.160943163111111,-1.17954459468107,0.265117954567796,0.643712010055559,-4.80375624180176,"Stk17b","GSE41345",FALSE
0.1959929748,1.151238805,1.52716675440246,0.15729282132969,0.580042267756514,-4.47550148473371,"Stk19","GSE41345",FALSE
-0.0375427426000002,0.341933183222222,-0.686601925126392,0.507731814552326,0.796004410892202,-5.15852066568144,"Stk24","GSE41345",FALSE
0.118563955799999,2.40844139666666,0.888705141175384,0.394756773122918,0.733184396287367,-5.03158406544883,"Stk25","GSE41345",FALSE
-0.2253803483,-0.0568490738888889,-2.81288793164252,0.0181540237530972,0.537623773850961,-3.02001057140108,"Stk3","GSE41345",FALSE
-0.0636744998000003,-0.219631241888889,-0.602444134102014,0.560110206901317,0.816840882996917,-5.20284528683833,"Stk32b","GSE41345",FALSE
0.0553628499499999,1.00789461688889,0.441690867560346,0.667984314448002,0.870617866134646,-5.27254193370883,"Stk32c","GSE41345",FALSE
-0.0282728704999996,-0.149920090222222,-0.317600838900494,0.757232016904732,0.913788241505279,-5.3122749359987,"Stk36","GSE41345",FALSE
-0.0299942524999997,0.641102373111111,-0.386896211324079,0.706829468927503,0.892162685459139,-5.29163264718882,"Stk38l","GSE41345",FALSE
0.00204825740000009,1.43742188822222,0.0252674156674843,0.980332063672283,0.996535899435461,-5.35503564721096,"Stk39","GSE41345",FALSE
-0.109953153000001,1.112549187,-1.4757744345476,0.170371668438688,0.590052931837169,-4.52717776211194,"Stk4","GSE41345",FALSE
-0.0320845272000002,-0.0668773596666667,-0.537809550246003,0.602312795189663,0.839274208391953,-5.23327909239501,"Stk40","GSE41345",FALSE
-0.0363223100000005,0.441926215111111,-0.223791503200254,0.827364504025374,0.943562772348187,-5.33387775563627,"Stmn1","GSE41345",FALSE
-0.0568532409500059,2.96865180911111,-0.834085958455662,0.423448097044163,0.746660403284516,-5.06862275743251,"Stmn2","GSE41345",FALSE
0.135556025699993,2.67101765933333,1.43600598136604,0.181127294096796,0.590052931837169,-4.56648810348163,"Stmn3","GSE41345",FALSE
-0.0578403339999994,4.07023158188889,-0.714829484210554,0.49084575215584,0.78728806312102,-5.1424955176908,"Stmn4","GSE41345",FALSE
0.32469761775,0.603072692333333,1.8419791763377,0.0948803152062584,0.573793150721065,-4.14087607718746,"Stoml1","GSE41345",FALSE
-0.0737940015000007,2.085572314,-1.1950270605071,0.259280626320716,0.641851050902518,-4.79031122878944,"Strap","GSE41345",FALSE
-0.207063146900001,1.02199806211111,-2.63016031211024,0.0248880730956323,0.537623773850961,-3.23267377942421,"Strbp","GSE41345",FALSE
-0.1945665317,0.430533523111111,-1.4994092937597,0.164244117520024,0.58623681373689,-4.50353181118552,"Strn3","GSE41345",FALSE
0.0936551213499959,1.86769354077778,0.979059261498771,0.350333703389675,0.710557775912246,-4.96613074259155,"Strn4","GSE41345",FALSE
0.00025800194999882,1.91540441633333,0.00510709712839158,0.996024234336316,0.998627926207612,-5.35529847284953,"Stx12","GSE41345",FALSE
0.00122236794999967,0.829891878444444,0.0201575451696191,0.984308875560802,0.997338978781246,-5.35513526927814,"Stx18","GSE41345",FALSE
0.0699651208499924,2.67472708366667,0.516937973798453,0.6162874798472,0.84604722800647,-5.24242080072759,"Stx1a","GSE41345",FALSE
-0.0396595802999997,0.423936131666667,-0.666643022726225,0.519881279802221,0.800293435299939,-5.1695041489259,"Stx4a","GSE41345",FALSE
-0.0909515696999995,2.52168784933333,-1.30280998168668,0.221451499995723,0.617688005795592,-4.69344542737721,"Stx5a","GSE41345",FALSE
0.0596836060999995,0.634319699555556,0.588751665000794,0.568911526152892,0.822776262227999,-5.20955797739214,"Stx6","GSE41345",FALSE
-0.108210823949997,2.39426591766667,-1.54928626856947,0.151938665734974,0.580042267756514,-4.45296970569966,"Stx7","GSE41345",FALSE
-0.269115493799998,2.94166249666667,-1.10522004363838,0.294600305572916,0.669220423875773,-4.8665564237905,"Stx8","GSE41345",FALSE
0.092113625799996,5.18831553644444,0.364574943964674,0.722917839865115,0.899056637839649,-5.2987117411587,"Stxbp1","GSE41345",FALSE
-0.0793955458000008,1.07328027755556,-1.28961372776047,0.225824904361512,0.620280497110623,-4.70560129261061,"Stxbp2","GSE41345",FALSE
-0.209810922900001,0.760214757333333,-1.47683411301163,0.170092763678566,0.590052931837169,-4.52612203524779,"Stxbp4","GSE41345",FALSE
0.0150840257499998,0.363362120444445,0.292066256665629,0.77612493007271,0.924102437501008,-5.31888278411708,"Stxbp5l","GSE41345",FALSE
-0.0452128867499998,1.11716972266667,-0.656163576673985,0.526329112823504,0.804700502516018,-5.17515468114614,"Styx","GSE41345",FALSE
0.239642309449996,5.25077302488889,2.13270825268765,0.0583839953006033,0.554097805752482,-3.81232664551238,"Suclg1","GSE41345",FALSE
0.16706590585,0.357756856111111,0.595583998332111,0.564510278414808,0.81852367281365,-5.20622614023765,"Sulf1","GSE41345",FALSE
-0.2650463534,0.478079338111111,-1.91825762858492,0.0836497184645338,0.573793150721065,-4.05606339713457,"Sult1a1","GSE41345",FALSE
-0.0135359739999994,0.298592745555556,-0.110401551345073,0.914245705604252,0.977755249711254,-5.35008196678146,"Sult2b1","GSE41345",FALSE
0.10811512195,3.65245899211111,1.26251217510515,0.235029419951346,0.626295437855183,-4.73031270398284,"Sult4a1","GSE41345",FALSE
-0.0626404052,0.0106834891111111,-0.886784443456057,0.395742250151913,0.733453938815177,-5.03291951611569,"Sumf2","GSE41345",FALSE
-0.511305376349996,5.80545924866667,-3.968377786732,0.00257965893650424,0.537623773850961,-1.76298817090453,"Sumo1","GSE41345",FALSE
0.117095070200001,4.18921908722222,0.777273383109288,0.454750597902057,0.76526473283426,-5.10503868513137,"Sumo3","GSE41345",FALSE
-0.0193553052000005,0.526756895333333,-0.246886671617449,0.809923026399743,0.937016424904449,-5.32924294017942,"Supv3l1","GSE41345",FALSE
0.1181260472,1.84386734922222,1.79809305108671,0.101957101926812,0.573793150721065,-4.18911117220218,"Surf1","GSE41345",FALSE
-0.1085848144,0.860490585888889,-1.69962696647768,0.119623475235886,0.573793150721065,-4.29563531350272,"Surf2","GSE41345",FALSE
0.0670532013500003,1.16914704222222,1.03731025862711,0.323697176765768,0.694344901076038,-4.92129658459994,"Surf4","GSE41345",FALSE
-0.0520123291999999,0.266786463444444,-0.646016019806954,0.532617433668571,0.809467226631355,-5.18054940134184,"Suv420h1","GSE41345",FALSE
0.00148124165000039,0.885985568222222,0.0234742375888645,0.981727565483252,0.996885026852925,-5.35507315927784,"Suv420h2","GSE41345",FALSE
-0.0461269935000006,1.817272115,-0.90880440456153,0.384546970482359,0.730086829836255,-5.01746728933917,"Suz12","GSE41345",FALSE
0.177149080100002,5.72796345888889,0.67178630372561,0.516733962388354,0.798768621480886,-5.16670150221185,"Sv2a","GSE41345",FALSE
0.0720736809499973,2.55583589988889,1.16109505714172,0.272209688850939,0.651514519919803,-4.81961705111485,"Sv2b","GSE41345",FALSE
-0.0470054549000002,-0.338690347888889,-0.339977456432887,0.740811687631957,0.905985904830685,-5.3060405056305,"Swap70","GSE41345",FALSE
-0.301164029950001,1.99273461422222,-1.84805664311126,0.0939367757087943,0.573793150721065,-4.13416262147928,"Syap1","GSE41345",FALSE
-0.00742513549999743,3.13608379277778,-0.0846992266761906,0.934149645446622,0.983216698131415,-5.35223179935273,"Syf2","GSE41345",FALSE
0.3271987726,6.07109345911111,1.86098062063119,0.0919590374144753,0.573793150721065,-4.11985994556611,"Syn1","GSE41345",FALSE
-0.00682706744999559,3.575743624,-0.0603592757152572,0.953042696715024,0.988115608456798,-5.35374626350434,"Syn2","GSE41345",FALSE
-0.0534539901,0.122785080666667,-0.93832258332434,0.369892896483567,0.723516011453055,-4.99627101062888,"Syncrip","GSE41345",FALSE
0.0252718682499994,1.73285509844445,0.364960713963083,0.722638558886068,0.899056637839649,-5.29859285073887,"Syne1","GSE41345",FALSE
0.257039110900002,2.26801341444445,1.83879423595782,0.0953782679517002,0.573793150721065,-4.1443911159644,"Syngr1","GSE41345",FALSE
0.00308799374999952,2.47599030366667,0.0480275008287882,0.962627225570341,0.99194211377848,-5.35431975235884,"Syngr3","GSE41345",FALSE
-0.108493150599997,2.95490110355556,-1.04183448393747,0.321693581183406,0.691624276707519,-4.91773111943043,"Synj2bp","GSE41345",FALSE
0.109985655850002,3.65464854911111,0.912553113118399,0.382663510362667,0.730086829836255,-5.01480588012475,"Syp","GSE41345",FALSE
-0.252842183649996,3.11093139955555,-1.08113975188984,0.304679086569672,0.678640513463071,-4.88626325357592,"Sypl","GSE41345",FALSE
0.0559660577999957,3.27544580866667,0.741418882455257,0.475262070665624,0.777155195319956,-5.12688051177049,"Syt1","GSE41345",FALSE
0.122601410699996,7.45935413866667,0.584768430489905,0.571486148393421,0.823489672116988,-5.21148412686736,"Syt11","GSE41345",FALSE
-0.0580934313500001,0.227784204777778,-1.00226598272245,0.339534701549316,0.704639300375802,-4.9485100992855,"Syt12","GSE41345",FALSE
-0.161075597049999,1.00365158855556,-1.24718132199097,0.240370493415451,0.630197490903886,-4.74413770750622,"Syt13","GSE41345",FALSE
-0.147532765450003,2.49430924622222,-1.94403287985677,0.0801433007356911,0.572386052113846,-4.0271497668212,"Syt4","GSE41345",FALSE
0.137121572999999,1.56109927433333,1.58878851302816,0.142773990389437,0.579936514910764,-4.4123177078004,"Syt5","GSE41345",FALSE
-0.1564756415,0.0512845374444445,-1.15677852682943,0.273890339815428,0.651868544930035,-4.82330237717545,"Syt9","GSE41345",FALSE
-0.0600846684499999,0.538297549111111,-0.729700995734331,0.482090934614356,0.782486187080849,-5.1338236949926,"Sytl2","GSE41345",FALSE
0.105817116950002,2.60243272155556,1.48234416322204,0.168648880004986,0.590052931837169,-4.52062575319113,"Syvn1","GSE41345",FALSE
-0.24917962685,0.337247756777778,-3.48203865914804,0.00578127710741155,0.537623773850961,-2.26810117979806,"Tac1","GSE41345",FALSE
0.0918733487499998,1.26303260444444,1.42197572782677,0.185058211418248,0.591109774634124,-4.58020953933748,"Tacc1","GSE41345",FALSE
0.22186172185,1.52272713711111,2.56671603652785,0.0277676282681102,0.537623773850961,-3.30682393092422,"Taf10","GSE41345",FALSE
-0.0488899851500001,0.514386556111111,-0.799677988432419,0.442229592671433,0.758336071686369,-5.09093931176857,"Taf11","GSE41345",FALSE
-0.0621119190000004,0.372615448666667,-0.540536029307441,0.600499476718864,0.839274208391953,-5.23205996938957,"Taf12","GSE41345",FALSE
-0.0461596985499999,0.778699170222222,-0.359056876544058,0.726917328966622,0.900147499235423,-5.30039902007884,"Taf13","GSE41345",FALSE
-0.0371644916500004,0.627349512555556,-0.437930940974909,0.67061892375663,0.871280786650611,-5.27392913142625,"Taf15","GSE41345",FALSE
-0.1356182587,-0.225536762444444,-1.13755757803698,0.281473403544102,0.656983597550459,-4.83959363401446,"Taf6","GSE41345",FALSE
-0.12779131815,1.683105552,-1.60203562821337,0.139811792508653,0.579351577338652,-4.39857022037998,"Taf9b","GSE41345",FALSE
0.121752673749994,2.53606516444444,1.03357246897766,0.325359553087782,0.695474824687639,-4.92423334192065,"Tagln3","GSE41345",FALSE
0.126727303249999,2.28550319688889,2.28471530039189,0.0450804036131384,0.551749088057453,-3.63630869725778,"Taldo1","GSE41345",FALSE
-0.3795100111,0.555485872555555,-2.39728422099502,0.0371726726171587,0.548535783677393,-3.50499898838041,"Tank","GSE41345",FALSE
0.0812302679000006,0.547715339888889,1.40035482027573,0.191258065939762,0.59648387540768,-4.60119976918926,"Tap2","GSE41345",FALSE
-0.2903508735,1.47091742933333,-2.25908206250207,0.0470976077708732,0.551749088057453,-3.66611829068526,"Tardbp","GSE41345",FALSE
0.0490759364500003,0.205517501111111,0.69862134174172,0.500498888989835,0.792639120007653,-5.15176708789634,"Tatdn2","GSE41345",FALSE
-0.222797561549998,2.00592783433333,-1.64731147323355,0.13009531806096,0.574492722400542,-4.35116810392917,"Tax1bp1","GSE41345",FALSE
-0.0736300902499978,2.10599666244445,-0.445469769910267,0.665341156382989,0.869829062360083,-5.2711363395206,"Tax1bp3","GSE41345",FALSE
-0.21061706885,1.45551625244444,-3.14814981329192,0.0101972661117874,0.537623773850961,-2.63655085814895,"Taz","GSE41345",FALSE
0.12103241755,-0.240386660222222,1.13199776216602,0.283697250608181,0.65862402478595,-4.84426945731307,"Tbc1d10a","GSE41345",FALSE
-0.0221389480500003,0.868541931333333,-0.293755964583148,0.774869829971621,0.923474975865709,-5.31846225746938,"Tbc1d13","GSE41345",FALSE
-0.186479111200001,0.876345503222222,-1.89208633494188,0.087355908106433,0.573793150721065,-4.08529415446376,"Tbc1d15","GSE41345",FALSE
0.0464401751500004,0.819646997444444,0.495935921710693,0.63051336194921,0.852460826892726,-5.25127696084691,"Tbc1d17","GSE41345",FALSE
-0.0907623624000004,0.534888058666667,-1.07102658914077,0.308989884989271,0.67958968631025,-4.89444343981477,"Tbc1d23","GSE41345",FALSE
0.06036248815,-0.0208320948888888,0.866655270553543,0.406173174836059,0.739469790865792,-5.046771629653,"Tbc1d2b","GSE41345",FALSE
0.1144888131,0.667463846333333,1.12810690972022,0.285261678699892,0.659844798338244,-4.84753183954857,"Tbc1d5","GSE41345",FALSE
-0.113301604800001,2.042976072,-1.3621876936664,0.202632172945253,0.604970355956323,-4.63778234572345,"Tbc1d7","GSE41345",FALSE
0.00307276674999969,0.206444467111111,0.0427131193630919,0.966759697135488,0.993149144969295,-5.35452668310365,"Tbc1d9","GSE41345",FALSE
-0.01484587485,2.956394817,-0.219846449430809,0.830353955661338,0.944989364118815,-5.33462454264452,"Tbca","GSE41345",FALSE
0.02891977285,0.767721578777778,0.47596919975267,0.644186217506797,0.860209926291696,-5.25937535585457,"Tbcd","GSE41345",FALSE
-0.0405379453499949,2.135293589,-0.731450793964101,0.481067303459939,0.781774424235665,-5.13279304542927,"Tbk1","GSE41345",FALSE
-0.1849530466,1.11544156455556,-2.16644960628155,0.0551393014142406,0.551749088057453,-3.77343222358691,"Tbl1x","GSE41345",FALSE
-0.0530834958000003,0.414535653,-0.783848060351567,0.451052558480245,0.762207486242918,-5.100936862744,"Tbl2","GSE41345",FALSE
-0.1954504476,0.221257307,-2.05885162767365,0.0661339471586458,0.564515411734788,-3.89701135156611,"Tbp","GSE41345",FALSE
-0.0408450188499998,0.733963539888889,-0.550315594819915,0.594018834054217,0.836046968437545,-5.22763993000946,"Tbr1","GSE41345",FALSE
0.0406344981500007,0.605346954555556,0.483674164660458,0.638893136695561,0.857079252409234,-5.25628750625167,"Tbrg1","GSE41345",FALSE
0.0667166824999997,0.192445497888889,0.938820113103423,0.369649370288646,0.723516011453055,-4.99590906823485,"Tbrg4","GSE41345",FALSE
-0.0124659525000013,1.86546524666667,-0.173663780477068,0.865548049430965,0.959658105398398,-5.34238823617637,"Tcea2","GSE41345",FALSE
-0.405518023199997,1.94727452966667,-1.93282850129994,0.0816503128707107,0.572386052113846,-4.03973322308917,"Tceal1","GSE41345",FALSE
-0.251926119550001,1.52041801255556,-2.95053336307202,0.014318412269781,0.537623773850961,-2.86126979646935,"Tceal8","GSE41345",FALSE
-0.149095701949998,2.03648813277778,-1.71265872729712,0.117135946228145,0.573793150721065,-4.28168209846226,"Tceb1","GSE41345",FALSE
0.497129792249995,9.39419661833333,2.0137487759082,0.0713366605056569,0.564515411734788,-3.94837428005709,"Tceb2","GSE41345",FALSE
0.0344723458500001,0.55102667,0.60103908026903,0.561009841116961,0.817337994466016,-5.20354062209941,"Tceb3","GSE41345",FALSE
-0.0835510360499983,3.452580482,-0.862135369061663,0.408541217541317,0.740837121901425,-5.04984579937381,"Tcf25","GSE41345",FALSE
0.0622955319999999,-0.0190981808888889,1.07677231822769,0.306535058037727,0.679198724817337,-4.88980295609098,"Tcf3","GSE41345",FALSE
-0.00552307629999971,3.51592636822222,-0.0650150346162939,0.949426088290107,0.986441609221544,-5.35349584176496,"Tcf4","GSE41345",FALSE
-0.5236417103,-0.617537841222222,-1.54346415679117,0.153332233519611,0.580042267756514,-4.45891677108938,"Tcf7l2","GSE41345",FALSE
0.0346279019000001,0.0164954622222223,0.347324248865585,0.735449586992044,0.903458442714324,-5.30390358175249,"Tcn2","GSE41345",FALSE
0.0878790129500004,0.327940453888889,1.44113038974835,0.179709473133861,0.590052931837169,-4.56145708519969,"Tcof1","GSE41345",FALSE
-0.319163990450004,2.50434903277778,-1.79702963579328,0.102134443909183,0.573793150721065,-4.19027449322275,"Tcp1","GSE41345",FALSE
-0.30212096785,0.810100375888889,-2.13642490155242,0.0580178294218416,0.553088683883454,-3.80804822748002,"Tdrd3","GSE41345",FALSE
-0.00604531790000227,1.64146371044444,-0.0794464186856502,0.938223760555097,0.983765714843513,-5.35260158273119,"Tdrd7","GSE41345",FALSE
-0.1355754353,0.650099285777778,-1.94381807912499,0.0801719457994884,0.572386052113846,-4.02739121675666,"Tdrkh","GSE41345",FALSE
0.100474510900001,1.79865025077778,1.0234264593011,0.329904233138579,0.697723443657858,-4.93216406246726,"Tef","GSE41345",FALSE
-0.0512925459499999,0.169775082111111,-0.761471863214365,0.463718697475198,0.770014287575707,-5.11477490767016,"Tek","GSE41345",FALSE
0.23179854075,-0.0760300593333334,0.906586413219557,0.385664428495172,0.730086829836255,-5.01903775925113,"Tekt1","GSE41345",FALSE
0.07033615805,1.36485257888889,0.763122906368389,0.46277636276263,0.769838850724009,-5.11376570216159,"Terf2","GSE41345",FALSE
-0.183036913299997,1.66361072855556,-0.781220499775731,0.452528115137505,0.763243907905833,-5.10257971724459,"Terf2ip","GSE41345",FALSE
-0.10934221495,-0.0143829217777778,-1.45794193350559,0.175124648176022,0.590052931837169,-4.54488004687199,"Tes","GSE41345",FALSE
0.13402794645,0.851303814,1.34481927415452,0.207993376594441,0.606540547208449,-4.65422475528655,"Tesc","GSE41345",FALSE
0.0838915362999995,1.59850666644444,1.24485944472173,0.241187942724633,0.630197490903886,-4.74622168937502,"Tesk1","GSE41345",FALSE
-0.1613142059,-0.0548400752222223,-1.70443994289905,0.118699262964593,0.573793150721065,-4.29048743299557,"Tex10","GSE41345",FALSE
-0.0850059894500011,0.653196966444444,-0.701058542759118,0.499039969175556,0.792639120007653,-5.1503849616851,"Tex2","GSE41345",FALSE
0.0213004307000023,2.03041289088889,0.249493736259964,0.80796079734648,0.936246852256042,-5.32869157705751,"Tex261","GSE41345",FALSE
0.224494359200003,2.36593778455556,2.2991439211996,0.0439820502072849,0.551749088057453,-3.61951156659086,"Tex264","GSE41345",FALSE
-0.15374960185,-0.210031416777778,-2.31200714118436,0.0430247985603041,0.551749088057453,-3.60452699702805,"Tex9","GSE41345",FALSE
-0.163338044499999,1.72834091555555,-1.24152194178622,0.242366907882374,0.630828583318305,-4.74921267575429,"Tfam","GSE41345",FALSE
-0.00425329850000058,0.880060868111111,-0.053023799389339,0.958743149892676,0.990989978109523,-5.35410311413659,"Tfb2m","GSE41345",FALSE
0.0114736660000002,1.10687934211111,0.180733337364844,0.860138503694648,0.956700148683747,-5.34131690618793,"Tfdp1","GSE41345",FALSE
0.0541518866499996,1.58043765377778,0.749212173975844,0.470754413203093,0.775499530956458,-5.1222092687024,"Tfg","GSE41345",FALSE
0.0938871672999995,0.579505723111111,1.43729273020355,0.180770379541799,0.590052931837169,-4.56522577537659,"Tfip11","GSE41345",FALSE
0.235502944850002,1.63473589288889,3.31496505838983,0.00767115876773846,0.537623773850961,-2.45050834359307,"Tfpt","GSE41345",FALSE
-0.214601848649998,3.043640629,-1.54006617859676,0.154150730960553,0.580042267756514,-4.46238227826224,"Tfrc","GSE41345",FALSE
-0.1738879717,0.253449044222222,-0.919653683593611,0.379113875721049,0.728556252861778,-5.00974042171165,"Tgfb1i1","GSE41345",FALSE
0.1371622149,1.022957479,1.11732499565705,0.289631984204354,0.662410021017033,-4.85652963499834,"Tgfb2","GSE41345",FALSE
0.00684744059999999,-0.336873447666667,0.0351203561000496,0.972665598224183,0.994556490641638,-5.35478029220833,"Tgfbi","GSE41345",FALSE
-0.31697185535,0.118704516444444,-2.76567341417821,0.0196956848573743,0.537623773850961,-3.07478708749721,"Tgfbr1","GSE41345",FALSE
-0.05897632225,0.926800924222222,-0.589804954905301,0.568231786668135,0.822264820708007,-5.20904663484546,"Tgfbr2","GSE41345",FALSE
0.17646710335,0.094283170111111,1.27529564481648,0.230650213384372,0.622502881230745,-4.71869950531754,"Tgfbr3","GSE41345",FALSE
-0.18236332775,0.760121647111111,-3.1147620061131,0.0107975541452593,0.537623773850961,-2.67421226636342,"Tgm2","GSE41345",FALSE
0.0246685007499994,2.19822040111111,0.354774809814589,0.730026901977671,0.901009707947478,-5.30169117169372,"Thap11","GSE41345",FALSE
-0.2936688471,0.537234603,-1.17113703450897,0.268331321023375,0.646842663442103,-4.81100594795565,"Thap4","GSE41345",FALSE
0.0776917434500004,0.717862383555555,1.2310241616711,0.246105699457957,0.636522478598047,-4.75858526141485,"Thap7","GSE41345",FALSE
-0.11383905545,0.0564858114444445,-0.931977728583427,0.373008597401702,0.725044125295751,-5.00087322988777,"Thg1l","GSE41345",FALSE
-0.214947937800001,0.524728773,-2.65399353020059,0.023884817622049,0.537623773850961,-3.20484834635947,"Thoc1","GSE41345",FALSE
0.1063452152,-0.100206795111111,1.65059545019731,0.12941456650737,0.574426201312774,-4.34770558296753,"Thoc3","GSE41345",FALSE
-0.0597241553499996,0.193957708555556,-1.04831764553964,0.318838748912716,0.6883149874858,-4.91260129023984,"Thoc6","GSE41345",FALSE
0.0536797384499999,0.705603354333333,0.783261699649603,0.451381568008388,0.76232995561497,-5.10130388974223,"Thop1","GSE41345",FALSE
0.363694847699994,1.86292834333333,2.81556536918668,0.0180703249029123,0.537623773850961,-3.01690874516862,"Thra","GSE41345",FALSE
0.0382800293499998,0.468815656777778,0.547305234445776,0.596009781756036,0.83743700209695,-5.22900836519988,"Thrsp","GSE41345",FALSE
0.0156146315499997,-0.169492786555556,0.154523492751996,0.880229702207318,0.966049703641242,-5.34507568293006,"Thsd4","GSE41345",FALSE
-0.0729015636500001,0.148547727444444,-0.473016632573483,0.646220095389106,0.860773360023048,-5.26054619217116,"Thsd7b","GSE41345",FALSE
-0.00405560495000029,1.32648438811111,-0.0652062637729582,0.949277565982825,0.986441609221544,-5.35348515876467,"Thtpa","GSE41345",FALSE
-0.107330816,1.43776087511111,-1.75809578664405,0.108824873779095,0.573793150721065,-4.23267878506384,"Thumpd1","GSE41345",FALSE
-0.142792760199999,0.671280340222222,-1.66283340446244,0.126905686211566,0.573793150721065,-4.33477414561132,"Thumpd3","GSE41345",FALSE
0.0396468980499954,3.29388488177778,0.269225154269201,0.793155898904621,0.92998958339363,-5.32433382594585,"Thy1","GSE41345",FALSE
-0.103296324500003,2.55584397244445,-1.45533404989804,0.175829215592325,0.590052931837169,-4.54745871772339,"Thyn1","GSE41345",FALSE
-0.18024809805,0.03354042,-1.73694810434036,0.112624076016383,0.573793150721065,-4.25555329284878,"Tia1","GSE41345",FALSE
-0.00865249049999986,-0.0537590043333334,-0.105795028205943,0.917808867063627,0.978897416270167,-5.35050883174323,"Tial1","GSE41345",FALSE
-0.00146538140000766,2.36684864977778,-0.0176428217926936,0.986266158501801,0.997468690419906,-5.35517606793516,"Tiam1","GSE41345",FALSE
0.0462368890500008,0.668569323666667,0.591338943174197,0.567242631182126,0.821304791573776,-5.20830042496365,"Tiam2","GSE41345",FALSE
-0.23926048855,0.797488508888889,-1.8182977724464,0.0986408450767724,0.573793150721065,-4.16695834474688,"Tigd2","GSE41345",FALSE
0.0980171134999931,1.78943606555555,1.71545408634692,0.116608490099876,0.573793150721065,-4.27868306411631,"Timm10","GSE41345",FALSE
-0.0763669693999987,2.48717052511111,-1.44538879496573,0.178538498864831,0.590052931837169,-4.55726846138329,"Timm17a","GSE41345",FALSE
0.0704071896999987,2.35484079911111,0.539318465705682,0.601308898423068,0.839274208391953,-5.23260510291481,"Timm44","GSE41345",FALSE
0.0259958916500002,0.870081410222222,0.384611643781608,0.708469344254405,0.892979480898516,-5.29237584379333,"Timm50","GSE41345",FALSE
-0.21672071565,1.23913045433333,-1.5831765420512,0.144045535530003,0.579936514910764,-4.41812453382262,"Timm8a1","GSE41345",FALSE
0.0169227854000044,5.71189259455556,0.145775514237541,0.886956099881305,0.968583718428198,-5.34620019282532,"Timm8b","GSE41345",FALSE
-0.0179084993500019,2.35825518155556,-0.195972793770671,0.848503538724567,0.951838018505588,-5.33886333619756,"Timp2","GSE41345",FALSE
-0.0659474979000007,1.32343005533333,-0.482191168922246,0.639910274949668,0.857079252409234,-5.2568854763475,"Timp3","GSE41345",FALSE
-0.0832243650499997,1.15721290011111,-1.56066508991293,0.149247107462802,0.580042267756514,-4.44131325179642,"Timp4","GSE41345",FALSE
-0.28084255765,0.314023982888889,-2.60299647735166,0.0260827435549437,0.537623773850961,-3.26440930751408,"Tipin","GSE41345",FALSE
-0.1504023891,0.537656597333333,-0.875206610500437,0.401718910268154,0.737752536228078,-5.04091905396481,"Tjap1","GSE41345",FALSE
0.0577169642000001,-0.220842997111111,0.543781724429412,0.598344558073182,0.838189183566567,-5.23060119822741,"Tjp1","GSE41345",FALSE
-0.0081892918499998,0.623541372333334,-0.0815338190945321,0.936604527611998,0.983336584249126,-5.35245746462442,"Tjp2","GSE41345",FALSE
-0.00608041520000031,1.65997633044444,-0.0840535209874646,0.934650354573936,0.983216698131415,-5.35227852897938,"Tk2","GSE41345",FALSE
-0.0545030896499999,1.61375312,-0.620041748800972,0.548911433033338,0.813549921088405,-5.19401099477345,"Tkt","GSE41345",FALSE
-0.1132136878,1.04398347522222,-2.05970094207779,0.066039512161083,0.564515411734788,-3.89604142412888,"Tlcd1","GSE41345",FALSE
-0.0562859901999952,2.59354245855556,-0.558547411487063,0.588592581167084,0.83284859338541,-5.22386237596761,"Tle1","GSE41345",FALSE
-0.221725374699994,1.92195967422222,-1.48685064413525,0.167475866447696,0.5897571471234,-4.5161221175766,"Tle4","GSE41345",FALSE
-0.0272401189499999,-0.0940388723333334,-0.456406166348614,0.657718778968911,0.866553044980333,-5.26700421005587,"Tle6","GSE41345",FALSE
-0.0033150626500076,2.10739816122222,-0.0639975764235474,0.950216353404408,0.986441609221544,-5.353552154928,"Tlk1","GSE41345",FALSE
-0.0682077356499996,1.51830773322222,-0.846753834708061,0.416670701980168,0.74245286123305,-5.06020695403896,"Tlk2","GSE41345",FALSE
-0.00817966444999963,-0.251632006222222,-0.0759808942157552,0.940912675775652,0.984444527787679,-5.35283260792555,"Tlr2","GSE41345",FALSE
-0.0660043623500001,0.00353307544444445,-1.28332600044492,0.2279336066198,0.620663703122923,-4.71136506362598,"Tm6sf1","GSE41345",FALSE
-0.38035807485,-0.0936013346666666,-1.36287824511321,0.202421435025267,0.604970355956323,-4.63712592568068,"Tm9sf2","GSE41345",FALSE
-0.0371063571999972,1.65284823188889,-0.441012276538509,0.66845946078076,0.870617866134646,-5.27279313174942,"Tm9sf4","GSE41345",FALSE
0.01489054265,-0.0107612124444444,0.210200483021305,0.837675248586834,0.947136437588345,-5.3363951818019,"Tmbim1","GSE41345",FALSE
-0.17746920025,0.965638702888889,-2.21820144043475,0.0504965172533658,0.551749088057453,-3.71356492576119,"Tmc7","GSE41345",FALSE
-0.0832038170999974,2.02518984433333,-1.08716483393318,0.302132819523367,0.677470019570297,-4.88136258361249,"Tmed10","GSE41345",FALSE
-0.0493218865000006,0.871888783555556,-0.683049771703709,0.509881463068712,0.796866349704223,-5.16049659951808,"Tmed3","GSE41345",FALSE
-0.1232608999,0.221500748222222,-1.66662259820491,0.126137755153645,0.573793150721065,-4.33076132383697,"Tmed8","GSE41345",FALSE
-0.0608503673000003,-0.329925943888889,-0.486426861825367,0.63700722903101,0.856105100498132,-5.25517297208397,"Tmeff2","GSE41345",FALSE
0.0150651620000001,0.935089229555555,0.179848503163323,0.860815160632352,0.956896410826267,-5.34145331729315,"Tmem108","GSE41345",FALSE
0.1072856664,-0.047022433,1.34918969371218,0.206633281972486,0.60599416791512,-4.65009964282714,"Tmem119","GSE41345",FALSE
0.0611248213499999,1.66650425566667,0.923321697367149,0.377289381851523,0.728155511931585,-5.00711124554384,"Tmem126a","GSE41345",FALSE
-0.0901453112499997,0.526229560222222,-1.02876917274727,0.327505202492405,0.697009031408964,-4.92799535576879,"Tmem134","GSE41345",FALSE
0.00627263405000007,0.506570989555556,0.0647172121334426,0.949657402671869,0.986441609221544,-5.3535124171714,"Tmem136","GSE41345",FALSE
-0.1696429682,0.588181918444444,-2.84062590717283,0.0173054947351805,0.537623773850961,-2.98790070294483,"Tmem141","GSE41345",FALSE
0.18508908965,-0.540894828777778,0.791353393914545,0.44685512424214,0.759373663253587,-5.09621814718639,"Tmem143","GSE41345",FALSE
0.152111421550006,3.77229276044444,0.205605643109162,0.841168493364629,0.947136437588345,-5.33721098848759,"Tmem14c","GSE41345",FALSE
0.308056144050005,2.164479257,2.52530825352521,0.0298227147997607,0.537623773850961,-3.35525884405259,"Tmem160","GSE41345",FALSE
-0.1136604899,0.0245004621111111,-1.16872794526482,0.269257739221091,0.647528268427259,-4.81307654079317,"Tmem17","GSE41345",FALSE
-0.0633157148500006,1.21455348488889,-0.798114082143807,0.443096154658783,0.758336071686369,-5.09193462780584,"Tmem183a","GSE41345",FALSE
-0.0552494343000005,0.313513108666667,-0.565851588130006,0.583800013963744,0.83026042595013,-5.22046700015269,"Tmem19","GSE41345",FALSE
7.68188999997105e-05,0.901974709333333,0.000723962275937272,0.999436408245987,0.999547966920348,-5.35530944293383,"Tmem2","GSE41345",FALSE
-0.125303448800002,2.59946977111111,-1.01700633383184,0.332804379688376,0.699020705811636,-4.93715134378822,"Tmem25","GSE41345",FALSE
-0.115222161,1.11211292266667,-1.5835994390119,0.143949369336681,0.579936514910764,-4.41768731131611,"Tmem35","GSE41345",FALSE
0.149843839249998,1.67811517788889,1.4173973946607,0.186356589383615,0.59119590307711,-4.58467010342211,"Tmem38b","GSE41345",FALSE
-0.187200562750007,2.06598441888889,-3.37275088152276,0.00695432094190376,0.537623773850961,-2.38695126049342,"Tmem43","GSE41345",FALSE
-0.2595777637,1.00992428922222,-3.14668290066465,0.010222910468333,0.537623773850961,-2.63820271535687,"Tmem47","GSE41345",FALSE
-0.0543143518000004,1.25479536388889,-0.936641059984309,0.370716803486167,0.724060743602146,-4.99749314274308,"Tmem5","GSE41345",FALSE
0.0414349987499935,2.162588478,0.456762678294722,0.657470983204167,0.866553044980333,-5.26686790353285,"Tmem50a","GSE41345",FALSE
-0.0233981845000004,0.114959211888889,-0.190762922951319,0.852477022104567,0.954282269139474,-5.33972427159909,"Tmem53","GSE41345",FALSE
-0.16303089085,1.34024321088889,-2.26088999363459,0.0469525141319388,0.551749088057453,-3.66401720071523,"Tmem56","GSE41345",FALSE
0.00251709185000078,1.80184678488889,0.028964335555701,0.977455240948736,0.996535899435461,-5.354949600659,"Tmem60","GSE41345",FALSE
0.0395821266,0.342569330666667,0.534471279647143,0.604536871808948,0.840551266758347,-5.23476394579379,"Tmem63a","GSE41345",FALSE
0.000421472649999824,2.19595716177778,0.00585173874426743,0.995444553603608,0.998627926207612,-5.3552949702659,"Tmem65","GSE41345",FALSE
0.0984111253999995,7.20225763355556,0.621635704043616,0.547903394331055,0.813144170953828,-5.19319935234068,"Tmem66","GSE41345",FALSE
0.0263183185499999,0.0390573966666669,0.182119672230602,0.859078573939188,0.956364955491242,-5.34110184529036,"Tmem8","GSE41345",FALSE
-0.130625086950001,0.725561355,-1.58032324478033,0.144695855331751,0.579936514910764,-4.42107295506582,"Tmem87a","GSE41345",FALSE
0.0364210790999974,1.94762480166667,0.566730858820897,0.583224504956045,0.829910039078255,-5.22005551469939,"Tmem9","GSE41345",FALSE
0.0968440889999997,0.0456571373333332,0.390792075289962,0.704036618122649,0.890485555439963,-5.29035548751104,"Tmem98","GSE41345",FALSE
-0.0346268428499951,5.90522260866667,-0.265069689879556,0.796266912019289,0.931350960839188,-5.32527867972873,"Tmem9b","GSE41345",FALSE
-0.15230253975,-0.0040297066666667,-1.78360674167576,0.1043973505137,0.573793150721065,-4.2049353937469,"Tmie","GSE41345",FALSE
0.1018094513,0.654725898222222,1.7376669547184,0.112492980092914,0.573793150721065,-4.25477763373809,"Tmod1","GSE41345",FALSE
0.119065071999998,2.45973338377778,1.64762146065325,0.130030922699524,0.574492722400542,-4.35084140056974,"Tmod2","GSE41345",FALSE
-0.0898389873,0.114830564,-0.79199578760634,0.446497052966525,0.759165420805862,-5.09581247312917,"Tmod3","GSE41345",FALSE
0.0187421645499998,-0.371996051888889,0.13017521006427,0.898974308949115,0.971817243307693,-5.348043708723,"Tmprss11a","GSE41345",FALSE
0.358589020049996,4.38367203,0.929733845202458,0.374114953335794,0.725605452186926,-5.00249480510961,"Tmsb10","GSE41345",FALSE
-0.0321189384000031,3.74196449066667,-0.509579794457555,0.621253115876461,0.847897013089309,-5.24556286211796,"Tmsb4x","GSE41345",FALSE
-0.20929991425,0.0238101308888888,-2.87752776532762,0.01623821585039,0.537623773850961,-2.94527198083208,"Tmtc4","GSE41345",FALSE
-0.0919418395,0.237580094222222,-1.18422532277375,0.263342267010207,0.6436898197403,-4.79970438301858,"Tmub1","GSE41345",FALSE
0.00426237499999526,2.34534753488889,0.0594883518099622,0.95371935971788,0.988410754430183,-5.35379104520617,"Tnfaip1","GSE41345",FALSE
-0.0336095029500005,0.265526539333333,-0.337586448371693,0.742559934314093,0.906573290014214,-5.30672638465766,"Tnfaip8","GSE41345",FALSE
0.1381786974,0.095568746,1.39230155846565,0.193611987246952,0.597673275028176,-4.60896932655524,"Tnfrsf10b","GSE41345",FALSE
-0.0193560869499999,0.0770596928888889,-0.249814021215551,0.807719828010016,0.936246852256042,-5.3286234470581,"Tnfrsf12a","GSE41345",FALSE
-0.13487987885,0.444412226777777,-1.82453466280033,0.0976373615258724,0.573793150721065,-4.16010125729369,"Tnfrsf19","GSE41345",FALSE
0.0784794141500063,2.55479539622222,0.838570142147325,0.42104055747363,0.744213894696896,-5.06565591011554,"Tnfrsf21","GSE41345",FALSE
0.0498618607500001,0.167333669,0.716299686420975,0.489975875896549,0.78728806312102,-5.14164522407799,"Tnfrsf25","GSE41345",FALSE
-0.0316797216999999,0.316037692888889,-0.328885337552573,0.748934851387719,0.909819056998714,-5.30918258904303,"Tnip1","GSE41345",FALSE
-0.0924082125000001,-0.0758748536666666,-1.43944756356569,0.180174026008812,0.590052931837169,-4.56311037965354,"Tnnc1","GSE41345",FALSE
-0.689970289000001,0.209058236222222,-1.93587458541758,0.0812380085947187,0.572386052113846,-4.03631444612239,"Tnnt1","GSE41345",FALSE
-0.0423944762499998,-0.114342208444444,-0.50099066023152,0.627074721905732,0.849521597559418,-5.24917703066606,"Tnpo2","GSE41345",FALSE
0.240654384550001,1.61303060144444,2.02205050676234,0.070350878967198,0.564515411734788,-3.93894238315085,"Tnrc6c","GSE41345",FALSE
0.0828678664000005,0.655373939444445,1.13162496256785,0.283846854643555,0.65862402478595,-4.84458239190124,"Tob1","GSE41345",FALSE
-0.03909678545,-0.0278493188888889,-0.695036535815406,0.502649505023295,0.792639120007653,-5.15379225195715,"Tob2","GSE41345",FALSE
-0.17298189445,0.0449966192222222,-2.69339528342537,0.0223138591733717,0.537623773850961,-3.15889373644873,"Toe1","GSE41345",FALSE
-0.098271676549998,2.94822940411111,-1.47833958124027,0.169697206161425,0.590052931837169,-4.52462145662128,"Tollip","GSE41345",FALSE
-0.1551179395,0.583264830555555,-2.54006906225578,0.0290734236221789,0.537623773850961,-3.33799085914223,"Tom1","GSE41345",FALSE
-0.1272957444,-0.159140289,-1.45939953881571,0.174731907952473,0.590052931837169,-4.5434376313035,"Tomm22","GSE41345",FALSE
0.1915177089,2.57616332933334,1.80052111988457,0.101553238896858,0.573793150721065,-4.18645399623328,"Tomm34","GSE41345",FALSE
0.0829987760500048,2.24442696111111,0.682523246099371,0.510200566418266,0.796866349704223,-5.16078870867214,"Tomm7","GSE41345",FALSE
-0.0434061709499999,0.463712578666666,-0.277379068066164,0.78706249936657,0.928656780381834,-5.32243786248372,"Tomm70a","GSE41345",FALSE
-0.39340922065,0.994914393888889,-2.2554471590554,0.0473906369648133,0.551749088057453,-3.67034192533832,"Top1","GSE41345",FALSE
-0.0373142619500001,0.531191976777778,-0.645605834670612,0.532872540599589,0.809467226631355,-5.18076587157192,"Top1mt","GSE41345",FALSE
0.13338549645,0.201264471666667,1.57987119316074,0.144799123833214,0.579936514910764,-4.42153983219022,"Top3b","GSE41345",FALSE
-0.0765148679999995,0.565178853,-1.16789070290299,0.269580293796442,0.647994957872,-4.81379543980406,"Topors","GSE41345",FALSE
-0.0330942653499997,0.311834873222222,-0.408679787987242,0.6912729375304,0.883254635185195,-5.28433339392136,"Tor1b","GSE41345",FALSE
-0.1221013778,0.848921140777778,-1.01918096419011,0.331819919782616,0.699020705811636,-4.9354647544437,"Tpbg","GSE41345",FALSE
-0.0418406326000001,1.21337636688889,-0.455193904190295,0.658561693652296,0.866769046304865,-5.26746694154982,"Tpcn1","GSE41345",FALSE
-0.0540448356500011,2.07229458944445,-0.714472109935093,0.491057344778475,0.78728806312102,-5.1427019727829,"Tpd52","GSE41345",FALSE
-0.20089646825,1.53235706877778,-2.2599039528402,0.0470315941175025,0.551749088057453,-3.66516315697715,"Tpd52l1","GSE41345",FALSE
-0.0706020874500001,0.688582124666667,-0.890791145534196,0.39368842059956,0.732609116267005,-5.03013098822409,"Tpd52l2","GSE41345",FALSE
0.288089396700002,8.36655611266667,1.67017634214571,0.125421331611986,0.573793150721065,-4.32699405707395,"Tpi1","GSE41345",FALSE
0.0483924977000002,1.67290286255556,0.788134867022874,0.448651972139678,0.759921484796752,-5.0982464092947,"Tpm1","GSE41345",FALSE
-0.0851341364499997,0.184462545222222,-1.02931940233161,0.327258876988004,0.697009031408964,-4.92756508817772,"Tpm3","GSE41345",FALSE
-0.2363016843,1.095615051,-3.23127161769259,0.00884657071315731,0.537623773850961,-2.5433896573888,"Tpm4","GSE41345",FALSE
-0.1102803139,0.518844302555556,-0.917145679712028,0.380364971778152,0.728945967725167,-5.01153323914662,"Tpp2","GSE41345",FALSE
0.0169592482499997,0.811717684666667,0.261341069855044,0.79906155148888,0.931649799439166,-5.32611417783562,"Tpr","GSE41345",FALSE
0.110882107749999,1.57277709477778,0.817624576273539,0.432365604932555,0.752387765933359,-5.07939884873807,"Tprkb","GSE41345",FALSE
0.0881714218499994,1.840869188,1.4664250572639,0.172849548617509,0.590052931837169,-4.53647393201003,"Tpst1","GSE41345",FALSE
-0.1164717333,1.473042108,-1.69762200352098,0.120010390408972,0.573793150721065,-4.29777790353835,"Tpst2","GSE41345",FALSE
-0.138788439150002,1.84532048266667,-1.67557226044306,0.124340513599967,0.573793150721065,-4.32126696076068,"Tra2a","GSE41345",FALSE
0.1143448615,-0.300400278555556,0.932660902732364,0.37267222002366,0.725044125295751,-5.00037889881206,"Trabd","GSE41345",FALSE
0.0708539631499974,2.81722972588889,0.59721734547107,0.563460915000738,0.818009532503256,-5.20542440299431,"Traf3","GSE41345",FALSE
-0.0436357615,-0.0162551957777778,-0.501384055320712,0.626807493095424,0.849500184810594,-5.24901275882123,"Traf6","GSE41345",FALSE
-0.121721419099999,1.58964969311111,-0.737213232462125,0.477705944185304,0.779067807570135,-5.12938361883506,"Trafd1","GSE41345",FALSE
-0.00365038269999996,1.25817671388889,-0.0529986967055391,0.958762661748238,0.990989978109523,-5.3541042560939,"Trak1","GSE41345",FALSE
0.0478253119500018,2.928354783,0.597145789669665,0.563506864151559,0.818009532503256,-5.20545956871188,"Trak2","GSE41345",FALSE
-0.362329506649993,3.37222504711111,-1.85373862802078,0.0930624779589934,0.573793150721065,-4.12787886119625,"Tram1","GSE41345",FALSE
0.0361547248499978,1.754734419,0.636095472732963,0.538807276406238,0.811572269569108,-5.18574998092598,"Trap1","GSE41345",FALSE
-0.13004276415,1.92034081833333,-2.50826918310533,0.0307114040353594,0.537623773850961,-3.37519376736272,"Trappc1","GSE41345",FALSE
-0.1693163949,0.985520314333333,-1.3140815035795,0.217771579406033,0.617325505871065,-4.68299965019341,"Trappc2","GSE41345",FALSE
-0.510086112199994,4.60981122544444,-3.2460049481902,0.00862698305367746,0.537623773850961,-2.52697002044088,"Trappc3","GSE41345",FALSE
0.191379602000002,3.82985681488889,2.60880970532153,0.025822373628901,0.537623773850961,-3.25761598836698,"Trappc4","GSE41345",FALSE
0.103829333,0.213827128222222,1.47777253218347,0.169846103325949,0.590052931837169,-4.52518676369642,"Trem2","GSE41345",FALSE
-0.0556469122000006,-0.391344790777777,-0.246404488255042,0.810286097341105,0.937016424904449,-5.3293442908469,"Trh","GSE41345",FALSE
-0.0486427680499999,0.107635941777778,-0.671226194800352,0.517076155414894,0.798901670268784,-5.16700764991428,"Trhde","GSE41345",FALSE
-0.2102668092,-0.128582231,-1.54528133753044,0.152896079415215,0.580042267756514,-4.45706184128678,"Trhr","GSE41345",FALSE
-0.0948568460999999,1.12641070533333,-1.45931638013638,0.174754294008776,0.590052931837169,-4.54351994529749,"Trib2","GSE41345",FALSE
0.02063173745,-0.0048552331111111,0.303515573221282,0.76763386338045,0.918646789992314,-5.3159868675631,"Trim11","GSE41345",FALSE
-0.0229620273500038,2.54214229011111,-0.128638699805552,0.900159511055374,0.97233982170878,-5.34821405313852,"Trim2","GSE41345",FALSE
-0.47387676615,1.25553902833333,-1.60691955941629,0.138733509041804,0.579351577338652,-4.39348764317634,"Trim23","GSE41345",FALSE
-0.0590492638000004,1.08312532655556,-1.00450746318089,0.338504811745249,0.703080628348966,-4.94679112743711,"Trim26","GSE41345",FALSE
0.10899882875,1.62698174088889,1.26608433627774,0.233798928046749,0.625407662508162,-4.72707532577761,"Trim28","GSE41345",FALSE
0.3457615474,1.37481656644444,2.15008806207697,0.0566905147930429,0.552658308806149,-3.79230722818267,"Trim3","GSE41345",FALSE
-0.0769290873500032,3.73793511111111,-0.965562805150423,0.356728646189003,0.714835980344854,-4.97622909563629,"Trim32","GSE41345",FALSE
-0.25625580295,0.112485713222222,-1.80599759087274,0.100647711849761,0.573793150721065,-4.18045572344383,"Trim33","GSE41345",FALSE
-0.0229061740500002,0.07001337,-0.307593758602641,0.764617080133814,0.917025341108887,-5.31492905250415,"Trim35","GSE41345",FALSE
-0.16402772905,0.0598370948888888,-2.08543092155341,0.0632385204654963,0.564515411734788,-3.86661251989404,"Trim36","GSE41345",FALSE
-0.1020836055,1.12828025866667,-0.57333596485808,0.5789110459011,0.827501143380105,-5.21694554918504,"Trim37","GSE41345",FALSE
-0.10116612615,0.916198978666667,-1.20247761166237,0.256508347297797,0.641365508558957,-4.78379780662652,"Trim39","GSE41345",FALSE
-0.078073987749992,2.38100840388889,-0.905724220600849,0.386099431333772,0.730086829836255,-5.01964739862253,"Trim41","GSE41345",FALSE
0.0623079191000002,0.232678768888889,0.866947567513799,0.406020362098784,0.739469790865792,-5.04657236692553,"Trim46","GSE41345",FALSE
0.0571663346499907,2.56996845944445,0.868575132765045,0.405170195829044,0.739003812586054,-5.04546181440546,"Trim8","GSE41345",FALSE
-0.00923311364999983,-0.290170218666667,-0.0519805642783702,0.959554061283533,0.991198511071867,-5.35415011696815,"Trim9","GSE41345",FALSE
0.0750557145499969,2.45094921555556,0.704017368026947,0.497272310220599,0.792336259223532,-5.14870129130428,"Triobp","GSE41345",FALSE
-0.351111139849999,1.29578329311111,-1.40705635740874,0.189317785442843,0.596239110339268,-4.59471401469953,"Trip12","GSE41345",FALSE
-0.0310281174500004,0.709319896777778,-0.482806469117579,0.639488165727137,0.857079252409234,-5.25663758706494,"Trit1","GSE41345",FALSE
0.258458527999998,3.99909340688889,0.952838719909279,0.362834909249286,0.71794356699861,-4.98564772334177,"Tro","GSE41345",FALSE
-0.0722993130999997,0.622428817555555,-0.952490663399965,0.363002995842503,0.71794356699861,-4.98590396449048,"Trove2","GSE41345",FALSE
0.0133665409000002,0.167753159444445,0.232436099372479,0.820824019716276,0.940764360249279,-5.33219549442577,"Trp53","GSE41345",FALSE
-0.0594336117500048,2.04619001444444,-0.658864190797852,0.524662969566367,0.803849768830854,-5.17370620403526,"Trp53bp1","GSE41345",FALSE
0.0282034682500006,0.236756442777778,0.372718016712425,0.717031702394887,0.897074525332385,-5.29617630525404,"Trp53bp2","GSE41345",FALSE
-0.0960852155000007,-0.390696441222222,-0.630090982325223,0.542573862503896,0.811641100947509,-5.18886224844761,"Trp53inp1","GSE41345",FALSE
0.00535552665000061,1.11582017666667,0.0625174853790336,0.951366048537242,0.986986007564968,-5.3536324890695,"Trp53inp2","GSE41345",FALSE
-0.21270617985,-0.0820776053333332,-1.74845556366086,0.110542052509901,0.573793150721065,-4.24312037448334,"Trpc3","GSE41345",FALSE
0.1869497211,3.22467399733333,1.24508740987979,0.241107584638548,0.630197490903886,-4.74601719627684,"Trpc4ap","GSE41345",FALSE
-0.0638617133499999,-0.0617503041111112,-0.743973157192438,0.473781668654608,0.776942859103912,-5.12535419352622,"Trpc6","GSE41345",FALSE
-0.0797096859000003,0.294824620333333,-0.82138053350215,0.430319931937966,0.75221382329227,-5.07695608736072,"Trpc7","GSE41345",FALSE
-0.0302683614499995,-0.672291981888889,-0.057097011962761,0.955577503894202,0.989319924479258,-5.35391066037889,"Trpm3","GSE41345",FALSE
-0.12950535085,0.412514091888889,-1.42559630899488,0.184036911597131,0.591109774634124,-4.5766761451595,"Trps1","GSE41345",FALSE
-0.12264352455,1.35485099366667,-1.20492817409946,0.255601717681799,0.641365508558957,-4.78164936816021,"Trpt1","GSE41345",FALSE
-0.1441695755,0.066387418111111,-2.11793344018061,0.0598615662570256,0.559762518320677,-3.82931959889947,"Trpv2","GSE41345",FALSE
-0.0543157228500077,2.54021227233333,-1.01165004360948,0.335238453500158,0.701205939859519,-4.94129368753843,"Trub2","GSE41345",FALSE
0.359562250150001,4.42303064511111,2.53801508021424,0.0291765625552759,0.537623773850961,-3.34039360303252,"Tsc2","GSE41345",FALSE
-0.212779176699995,1.91736385722222,-2.09885779912002,0.0618220650490189,0.562699041155405,-3.85122208013244,"Tsc22d3","GSE41345",FALSE
-0.1965011229,0.912953731,-2.09471013374405,0.0622563638332946,0.564515411734788,-3.8559786655962,"Tsg101","GSE41345",FALSE
-0.0956792166500002,0.342966509111111,-0.808304271787306,0.437469887017476,0.755275809732671,-5.08541943023565,"Tsn","GSE41345",FALSE
0.00232633290000289,3.18049841433333,0.0353154447558401,0.972513828593391,0.994556490641638,-5.35477439510015,"Tsnax","GSE41345",FALSE
0.185157595300001,2.79655787877778,1.44004846123766,0.180008027213861,0.590052931837169,-4.56252015450345,"Tspan17","GSE41345",FALSE
-0.0556748251000002,-0.0692649661111111,-0.667589069989105,0.519301511903078,0.800293435299939,-5.1689900836719,"Tspan31","GSE41345",FALSE
0.18886612295,3.40675563788889,1.39796872830028,0.191952965078691,0.597673275028176,-4.6035045886701,"Tspan7","GSE41345",FALSE
0.53871052245,0.874195322666667,1.78419995936732,0.104296381465122,0.573793150721065,-4.20428837237158,"Tspo","GSE41345",FALSE
-0.00134199469999937,1.47455706711111,-0.0179008659812427,0.986065310520948,0.997468690419906,-5.35517213136096,"Tspyl1","GSE41345",FALSE
-0.105845930500001,1.64529395322222,-1.56097873325537,0.149173515036629,0.580042267756514,-4.44099133445448,"Tspyl3","GSE41345",FALSE
-0.325500900500001,1.65292869911111,-2.25809152171714,0.0471772864277891,0.551749088057453,-3.66726935513515,"Tsr2","GSE41345",FALSE
-0.138118657649999,5.29937448633333,-0.896468733313277,0.390790864921211,0.731002939929819,-5.026161916429,"Tssc1","GSE41345",FALSE
0.16763374015,0.141781733111111,1.99350273001506,0.0737956441135816,0.564707806576065,-3.97133248425133,"Tssc4","GSE41345",FALSE
0.0814547443499995,0.825488008,1.23937615586814,0.243127366543846,0.631719256850786,-4.75113282633677,"Tst","GSE41345",FALSE
0.0433534548000063,1.85003255933333,0.631350788984695,0.541782338419258,0.811641100947509,-5.18821148070428,"Tsta3","GSE41345",FALSE
-0.1991111055,1.45088771133333,-2.96090621820617,0.0140649262873975,0.537623773850961,-2.84937338485291,"Ttc1","GSE41345",FALSE
0.00302405530000001,1.84387844277778,0.0514813313156026,0.959942134479913,0.991234389442454,-5.35417227965291,"Ttc13","GSE41345",FALSE
-0.2342498429,0.965683436111111,-3.02702985569469,0.0125525583148434,0.537623773850961,-2.77378523875118,"Ttc14","GSE41345",FALSE
-0.0801714356999998,1.093553694,-0.879237525672502,0.399631029239711,0.734986193986031,-5.0381437945036,"Ttc17","GSE41345",FALSE
0.000350268850004074,2.58196560544445,0.0036644473505247,0.997147299660962,0.998627926207612,-5.35530390428111,"Ttc19","GSE41345",FALSE
0.145983983999995,15.6229735476667,0.664754770202504,0.521039611854961,0.801088771064833,-5.17052823612914,"Ttc3","GSE41345",FALSE
-0.168132337350001,0.581262082333333,-2.71716076708407,0.0214166552603959,0.537623773850961,-3.13120899869824,"Ttc4","GSE41345",FALSE
-0.2032614697,0.347938383222222,-1.66498581519861,0.126468958524982,0.573793150721065,-4.33249521843527,"Ttc5","GSE41345",FALSE
-0.138366330250001,0.712997830222222,-1.73700951452452,0.112612871295808,0.573793150721065,-4.25548703484384,"Ttc8","GSE41345",FALSE
0.10583044815,0.115767867333333,0.792567830377469,0.446178354016325,0.759165420805862,-5.09545098855903,"Ttl","GSE41345",FALSE
0.22549036535,0.0197161655555557,1.5357140777633,0.155204640273694,0.580042267756514,-4.46681502370525,"Ttll1","GSE41345",FALSE
0.12991833955,0.346529832444445,1.95107613790166,0.0792093232787868,0.572386052113846,-4.01922818480577,"Ttll11","GSE41345",FALSE
0.433195340849998,3.946129002,0.859262173653871,0.41005144737048,0.740951817204898,-5.05179302463703,"Ttr","GSE41345",FALSE
0.0240405433500017,3.40218522633334,0.271213631779992,0.791668552363735,0.929469360616727,-5.32387658430151,"Ttyh1","GSE41345",FALSE
0.35144700375,0.195280201333333,2.29111914809457,0.0445896764137423,0.551749088057453,-3.62885512435181,"Ttyh2","GSE41345",FALSE
0.0420762271999998,0.519713830222222,0.381561509599327,0.710661179572411,0.894716938874813,-5.29336146697787,"Ttyh3","GSE41345",FALSE
0.0042246934999954,3.17009052155556,0.0427685366887992,0.966716598994796,0.993149144969295,-5.35452465027158,"Tuba1a","GSE41345",FALSE
-0.00843706234999974,-0.147435752888889,-0.119752914590516,0.90701859391772,0.973806614461992,-5.34915964877134,"Tuba8","GSE41345",FALSE
0.447203572700007,10.7682371942222,1.42882490947855,0.183130242355344,0.590993588481768,-4.57352088268474,"Tubb2b","GSE41345",FALSE
0.163764583249998,3.97078778722222,1.3178586199099,0.216549814855396,0.614740970650072,-4.67948640445266,"Tubb5","GSE41345",FALSE
-0.0184100082499996,1.22413169811111,-0.28667850766406,0.780131392885927,0.92634862592977,-5.32020778731517,"Tubg1","GSE41345",FALSE
0.0227257387500045,2.47013973033333,0.276003898439268,0.788089118940962,0.928819625483433,-5.32276151356916,"Tubg2","GSE41345",FALSE
0.03016190165,1.47745834122222,0.556659795099046,0.589834525723205,0.833514260793808,-5.22473319467598,"Tubgcp2","GSE41345",FALSE
-0.0457362718500035,2.04892676466666,-0.766632208942599,0.460777520077333,0.769217472976707,-5.11161434094559,"Tufm","GSE41345",FALSE
-0.00571043899999994,0.829846575111111,-0.0744686099575218,0.942086309335997,0.985059352681201,-5.35293019835168,"Tuft1","GSE41345",FALSE
-0.0755515490000001,0.195740114777778,-0.720199745084902,0.487672964115047,0.785729954642869,-5.13938216003267,"Tug1","GSE41345",FALSE
0.000146022149997717,1.79979431833333,0.00179982975736803,0.998598865245783,0.999193269332239,-5.35530827749198,"Tusc2","GSE41345",FALSE
0.55004252045,-0.663393282777778,1.59578714895203,0.141202170659645,0.579936514910764,-4.40506175175919,"Twistnb","GSE41345",FALSE
-0.0309553311499991,1.57855733844444,-0.35980499818563,0.726374584515591,0.900147499235423,-5.30017172549759,"Twsg1","GSE41345",FALSE
0.00924432315000007,0.0698361816666668,0.0687706364407016,0.946509596610856,0.986441609221544,-5.35328029882947,"Txn1","GSE41345",FALSE
0.0114720964499999,0.519850412333333,0.19611369813959,0.848396134392184,0.951838018505588,-5.33883973240381,"Txn2","GSE41345",FALSE
-0.00953911590000004,1.21675172833333,-0.183084027964253,0.858341443263121,0.956245294157048,-5.34095128419817,"Txndc5","GSE41345",FALSE
-0.0390840667999994,0.476499378444444,-0.408895944102475,0.691119307772153,0.883254635185195,-5.28425903856792,"Txnip","GSE41345",FALSE
0.0873058271499999,1.03601970244444,1.17414716125879,0.267177322626832,0.645715959830055,-4.80841455047026,"Txnl4b","GSE41345",FALSE
-0.0229868093,1.24472318611111,-0.215745626778599,0.833464450455387,0.946231702756983,-5.33538689898463,"Txnrd2","GSE41345",FALSE
0.0379330379499996,0.275854132777778,0.457457489918869,0.656988175053846,0.866553044980333,-5.26660196289856,"Tyro3","GSE41345",FALSE
0.0881695541500001,0.00804206111111108,1.25198890751902,0.238685069922399,0.629226152170424,-4.73981444813963,"Tyrobp","GSE41345",FALSE
-0.0023144983500005,0.285356042666667,-0.0393039348391075,0.96941123512038,0.994455016011407,-5.35464667311882,"U2af1l4","GSE41345",FALSE
0.0878553703499998,0.101676920666667,0.931781876681719,0.373105069824829,0.725044125295751,-5.00101489058024,"U2af2","GSE41345",FALSE
0.02162078675,1.13178004255556,0.213416299047451,0.83523260170253,0.946959984349339,-5.33581360745476,"Uaca","GSE41345",FALSE
-0.1256748187,-0.133886776777778,-1.24336887697351,0.241713906069638,0.630501573170411,-4.74755816451549,"Uap1","GSE41345",FALSE
0.22417505995,0.736648819777778,2.57757600631734,0.0272522693997938,0.537623773850961,-3.29412498087704,"Uap1l1","GSE41345",FALSE
-0.0306904510500006,0.813868864333333,-0.621206650118433,0.548174629936936,0.813144170953828,-5.19341801327648,"Ubap1","GSE41345",FALSE
0.145870513499999,1.94651027033333,1.81799483533648,0.0986898267340701,0.573793150721065,-4.16729118222976,"Ubap2","GSE41345",FALSE
0.14153975675,0.508147251555555,0.905042070016032,0.386443842142958,0.730174708103012,-5.02012939861419,"Ubap2l","GSE41345",FALSE
-0.032783151199997,6.46571319577778,-0.199063635273226,0.84614829454533,0.950785617065976,-5.33834171043982,"Ubc","GSE41345",FALSE
-0.26861361755,0.986165667777778,-1.83562558388556,0.0958760640593753,0.573793150721065,-4.14788598023032,"Ube2a","GSE41345",FALSE
-0.0365544762500027,2.83326574911111,-0.562506136301655,0.585992498141938,0.831736607973485,-5.22202721675328,"Ube2b","GSE41345",FALSE
-0.1146052385,1.05928664844444,-0.983431061476791,0.348280314421149,0.710557775912246,-4.96283599851919,"Ube2d3","GSE41345",FALSE
0.000237369350000679,0.706505087888889,0.00367187374369016,0.997141518388159,0.998627926207612,-5.3553038808963,"Ube2e1","GSE41345",FALSE
0.071600863300007,2.78813210911111,1.02579336078443,0.32883981190252,0.697108204877566,-4.9303193188035,"Ube2e2","GSE41345",FALSE
-0.0100218166000026,2.79567790788889,-0.101505131076012,0.921128833044409,0.979774612634793,-5.35089004158318,"Ube2e3","GSE41345",FALSE
-0.182844041,1.50712161677778,-2.38754488984306,0.0377995457739237,0.551749088057453,-3.51637922486848,"Ube2f","GSE41345",FALSE
-0.709813753399996,3.57471279811111,-2.85612678672796,0.0168488212066274,0.537623773850961,-2.96998134941175,"Ube2g1","GSE41345",FALSE
0.0122705051000001,-0.145121508777778,0.136064690172231,0.894433835563542,0.970635775100538,-5.34737211953382,"Ube2j1","GSE41345",FALSE
0.1473790288,1.17728342377778,1.63547291286451,0.132576026407425,0.576860139061814,-4.36362344047255,"Ube2m","GSE41345",FALSE
-0.461410281700002,1.17910303988889,-1.67338972412884,0.124776670444762,0.573793150721065,-4.32358446051139,"Ube2q2","GSE41345",FALSE
-0.1396553966,0.345235382444444,-0.997235730834452,0.341854374012864,0.707996553653747,-4.95235687974259,"Ube3a","GSE41345",FALSE
0.0437700127499919,2.258994457,0.245847871790421,0.810705272959137,0.937016424904449,-5.32946104388909,"Ube3b","GSE41345",FALSE
0.0895727571499981,1.84425068088889,1.31002223536233,0.219090971866972,0.617688005795592,-4.68676816948619,"Ube3c","GSE41345",FALSE
0.205985427799999,1.65440928622222,2.35157377534655,0.0402056468352405,0.551749088057453,-3.55838414108567,"Ube4b","GSE41345",FALSE
0.0294414240000009,2.44195774433333,0.527782398835942,0.609006000762983,0.842121541499239,-5.23771316820634,"Ubl3","GSE41345",FALSE
0.103702820899996,3.18964930422222,0.923975648676129,0.37696475884216,0.72780753401264,-5.00664161392995,"Ubl5","GSE41345",FALSE
0.127053062450001,1.62234112155556,1.43447205097581,0.181553558541323,0.590052931837169,-4.56799206959247,"Ubl7","GSE41345",FALSE
-0.0650635842999969,1.97820275622222,-1.00008255024449,0.340540146322061,0.706144719532135,-4.95018168403354,"Ublcp1","GSE41345",FALSE
-0.0664095166999998,1.43441361344444,-0.965594926562154,0.356713326155506,0.714835980344854,-4.97620519325844,"Ubp1","GSE41345",FALSE
-0.189566108949998,3.68517992222222,-1.25248330053121,0.238512293943298,0.629226152170424,-4.73936923189702,"Ubqln1","GSE41345",FALSE
-0.0745618587000003,0.959140363333333,-0.980517164688906,0.349647959166974,0.710557775912246,-4.96503329713246,"Ubr1","GSE41345",FALSE
0.0125676711,-0.032784687,0.225521590813832,0.8260543988126,0.943562772348187,-5.33354611585784,"Ubtd1","GSE41345",FALSE
-0.11632169485,0.784738000555555,-0.911891651293958,0.382995373553791,0.730086829836255,-5.01527613481893,"Ubtd2","GSE41345",FALSE
0.0863756963500002,0.917613913777778,0.909060086460041,0.384418300967632,0.730086829836255,-5.01728605040169,"Ubtf","GSE41345",FALSE
0.223683237950001,2.73727711722222,1.70766430238721,0.118083716085175,0.573793150721065,-4.2870351552407,"Uchl1","GSE41345",FALSE
-0.861163401249996,2.46418497155556,-2.64983394326479,0.0240569665060766,0.537623773850961,-3.20970327168749,"Uchl5","GSE41345",FALSE
0.26293162835,0.980314322888889,2.21046867827222,0.0511655189924384,0.551749088057453,-3.72252514694083,"Uck1","GSE41345",FALSE
-0.02566853225,0.906854887444444,-0.223474408648462,0.827604683472367,0.943562772348187,-5.33393826574209,"Uck2","GSE41345",FALSE
-0.0938455227500087,2.01812400877778,-1.89859069191108,0.0864208084663125,0.573793150721065,-4.07804176694291,"Ugcg","GSE41345",FALSE
-0.1816633012,0.959924053222222,-1.89131739727576,0.0874670736963043,0.573793150721065,-4.08615097419523,"Ugp2","GSE41345",FALSE
-0.309534329150003,2.24704432644444,-1.952383392221,0.0790370982774418,0.572386052113846,-4.01775695455794,"Uhrf2","GSE41345",FALSE
0.0889415891499996,1.47868365477778,0.724459533246176,0.48516535261645,0.784195151681012,-5.1368979991719,"Ulk1","GSE41345",FALSE
-0.207077858199998,1.92559334555556,-1.33164251972776,0.212139373089195,0.609930934144132,-4.66661132091349,"Ulk2","GSE41345",FALSE
0.1305887034,-0.136387404666667,1.70135322436875,0.11929124615271,0.573793150721065,-4.29378966993734,"Unc119","GSE41345",FALSE
0.10558855975,1.56230973177778,1.32565522068867,0.214045868903387,0.611496204072323,-4.67221425545397,"Unc13b","GSE41345",FALSE
-0.1166388579,-0.15993367,-1.26545214959004,0.23401631155124,0.625407662508162,-4.7276487040796,"Unc13c","GSE41345",FALSE
0.19273892465,0.161750704888889,1.79898270390364,0.101808954543702,0.573793150721065,-4.18813773417746,"Unc5a","GSE41345",FALSE
-0.02367503015,0.424802414777778,-0.2597998080696,0.800217613986818,0.931985549038227,-5.32645613830769,"Unc5b","GSE41345",FALSE
0.0305400374499997,0.869600559777778,0.399067483553631,0.698119481028483,0.886358646230272,-5.2876017108638,"Unc5c","GSE41345",FALSE
0.10660040135,0.537613944555555,1.6546837474054,0.128571536846084,0.573793150721065,-4.34339053157374,"Upf1","GSE41345",FALSE
-0.00942152664999887,2.16488682622222,-0.152565599621689,0.881734297851676,0.966614588149416,-5.34533301995763,"Upf2","GSE41345",FALSE
0.0673931784499998,0.452107366555556,1.12034185636636,0.288403929657591,0.661829336875724,-4.85401830864508,"Upf3a","GSE41345",FALSE
0.422894413900001,-0.416479918555556,2.62198003017789,0.0252420012841616,0.537623773850961,-3.24222857780343,"Upp1","GSE41345",FALSE
-0.043361248800003,1.85046873066667,-0.359064920361935,0.726911492526399,0.900147499235423,-5.30039657864205,"Uqcrb","GSE41345",FALSE
0.24090972305,2.62999573222222,2.42121262174124,0.0356754271754661,0.541735380587652,-3.47702861423706,"Uqcrc1","GSE41345",FALSE
-0.0309681629000036,3.15697644044445,-0.453018424526879,0.660075611768014,0.867477451081127,-5.26829440650115,"Uqcrc2","GSE41345",FALSE
-0.0120305875500019,3.482623795,-0.17306684394196,0.866005155850898,0.959838241968369,-5.34247675422968,"Uqcrh","GSE41345",FALSE
0.000923352549999531,2.27833386611111,0.0168590872559724,0.986876182209638,0.997468690419906,-5.3551876737311,"Urod","GSE41345",FALSE
-0.18854168275,0.979938988555556,-2.2260654602271,0.0498248094111091,0.551749088057453,-3.70444765566102,"Uros","GSE41345",FALSE
0.0302998957999999,0.615085556555556,0.283531969151663,0.782474365644316,0.928068079313853,-5.32097042463883,"Usf1","GSE41345",FALSE
0.1873044202,-0.142429915222222,2.56907719195788,0.0276547642986558,0.537623773850961,-3.30406277027574,"Usf2","GSE41345",FALSE
-0.0712254303499995,0.770765475777778,-1.19145627025769,0.260617739728025,0.642386604652324,-4.79342293851346,"Ush2a","GSE41345",FALSE
-0.3029407719,0.492123064333333,-1.1702974283821,0.268653905668822,0.647015175529872,-4.81172792377886,"Usp1","GSE41345",FALSE
-0.109008484,0.741212970888888,-1.09907555978877,0.297147312337781,0.671076532073188,-4.87161537735916,"Usp11","GSE41345",FALSE
0.0204292441500002,-0.0482126433333334,0.278458460589596,0.786256988269115,0.928629158928062,-5.32218271752597,"Usp12","GSE41345",FALSE
-0.2029997341,0.0630384095555556,-1.35020190350296,0.206319340954582,0.60599416791512,-4.64914306303397,"Usp14","GSE41345",FALSE
-0.105667845450001,0.459938918333334,-1.53756207681775,0.154756359178443,0.580042267756514,-4.464933585254,"Usp16","GSE41345",FALSE
0.0938026318000001,0.168742516777778,1.50279816698167,0.163381373181624,0.585809208601702,-4.50012449710854,"Usp19","GSE41345",FALSE
0.10638922105,1.09169154844444,0.749612418617075,0.470523647486547,0.775441422965574,-5.12196821536299,"Usp2","GSE41345",FALSE
0.0905366529999942,2.33416592644444,1.22366518404051,0.248754290730916,0.636522478598047,-4.76512335436144,"Usp20","GSE41345",FALSE
-0.0442863148999997,0.268489551777777,-0.739475693391879,0.476390259648376,0.778747513584039,-5.12803860094956,"Usp21","GSE41345",FALSE
0.0195740091499976,2.18531139522222,0.262036475479346,0.798540111023685,0.931649799439166,-5.32595923647895,"Usp22","GSE41345",FALSE
-0.0994871412500001,0.101324199777778,-1.54703165799413,0.152477001329149,0.580042267756514,-4.45527408617551,"Usp28","GSE41345",FALSE
-0.0312571580000003,0.693776920777778,-0.389395108850024,0.705037542751595,0.891103841628144,-5.29081486599593,"Usp29","GSE41345",FALSE
-0.19845114555,0.594794481666666,-1.91309581209688,0.0843689032435153,0.573793150721065,-4.06183899588387,"Usp3","GSE41345",FALSE
-0.0014658187,-0.0247157927777778,-0.0241933933742552,0.981167890118751,0.996582008029983,-5.35505844648058,"Usp30","GSE41345",FALSE
-0.2185099732,2.30754584155556,-2.76977217194737,0.0195567940067383,0.537623773850961,-3.07002625278427,"Usp33","GSE41345",FALSE
-0.255546979850005,4.25584247011111,-1.78038467498692,0.104947327457967,0.573793150721065,-4.20844821268853,"Usp39","GSE41345",FALSE
0.0290570103500005,0.638489044222222,0.388420394663918,0.705736273467784,0.891540086948405,-5.29113445171845,"Usp4","GSE41345",FALSE
-0.0237383647499999,1.68288264466667,-0.414311955498832,0.687274764217052,0.882413228383843,-5.28238367034027,"Usp47","GSE41345",FALSE
-0.0128150302999999,0.628383601777778,-0.223594686717711,0.827513578106515,0.943562772348187,-5.33391532345457,"Usp5","GSE41345",FALSE
-0.0972166199000004,1.04115795477778,-0.917428311968028,0.380223836991367,0.728945967725167,-5.01133140124028,"Usp54","GSE41345",FALSE
-0.0192758613000001,-0.102953938666667,-0.161730436401326,0.874695677220954,0.963959117598115,-5.34410033191261,"Usp6nl","GSE41345",FALSE
0.0420712402499999,0.977024901,0.474373006565366,0.645285375998708,0.860209926291696,-5.26000918065137,"Usp7","GSE41345",FALSE
-0.07387342245,0.34707719,-0.612990841260626,0.553383158622632,0.814330688337885,-5.19757853821109,"Usp8","GSE41345",FALSE
0.112239276649999,1.55223996955556,1.45476947444293,0.175982066329025,0.590052931837169,-4.54801662439458,"Uxt","GSE41345",FALSE
0.0242626293999987,1.32946730944444,0.12511552643919,0.902878110314086,0.972554628977121,-5.34859704168526,"Vamp1","GSE41345",FALSE
0.0667908812999983,3.34132783133334,0.836437747881283,0.42218427394875,0.745474542550261,-5.06706842379604,"Vamp2","GSE41345",FALSE
-0.102308813149996,2.18949678077778,-0.899396424935857,0.389302569354468,0.731002939929819,-5.02410716269701,"Vamp3","GSE41345",FALSE
-0.00806463144999629,2.27157294555555,-0.129868219852741,0.899211088143058,0.971864877305067,-5.34807790406508,"Vamp4","GSE41345",FALSE
0.1256092741,0.122375556444444,0.88021558354359,0.399125564148017,0.734986193986031,-5.03746882037704,"Vamp8","GSE41345",FALSE
0.07273397515,0.891516745777777,0.470846687799304,0.647716812122861,0.86148839876386,-5.26140228071817,"Vapa","GSE41345",FALSE
0.224783741899997,2.52882962688889,1.76143093171733,0.108236474803519,0.573793150721065,-4.2290609372463,"Vapb","GSE41345",FALSE
0.224193265349999,1.02662418666667,1.88821596469338,0.0879167837561359,0.573793150721065,-4.08960568322227,"Vars","GSE41345",FALSE
0.04830955135,-0.0485778898888889,0.827170665884791,0.427179067540414,0.750477408281225,-5.07317180687453,"Vav1","GSE41345",FALSE
-0.25127837145,0.322030392,-1.51917851977232,0.159266546200633,0.580042267756514,-4.48359649239551,"Vav3","GSE41345",FALSE
-0.20352637925,0.470613468444444,-0.973377843442946,0.353015417126488,0.710965155179264,-4.97039519129537,"Vbp1","GSE41345",FALSE
0.00434256285000011,1.16194065633333,0.039832389083218,0.969000196486832,0.994315962745593,-5.35462872661313,"Vcam1","GSE41345",FALSE
-0.0223273623500006,1.08748851744444,-0.261797904281286,0.798718988726967,0.931649799439166,-5.326012437489,"Vcl","GSE41345",FALSE
0.0905448704500009,2.88820219944445,0.893517194368927,0.392295313637923,0.731403980883889,-5.02822785093433,"Vcp","GSE41345",FALSE
-0.0457080214499997,1.563489602,-0.615726869723946,0.551645510388847,0.814149344129633,-5.19619860759934,"Vdac1","GSE41345",FALSE
0.0880559752500009,1.72422027,0.99827621812698,0.341373602068573,0.707291320966234,-4.95156242496192,"Vdac2","GSE41345",FALSE
-0.140731531049998,2.29011499566667,-1.87342649970728,0.0900909269027188,0.573793150721065,-4.10605329028333,"Vdac3","GSE41345",FALSE
-0.0441391504500003,1.479106921,-0.437693138128782,0.67078571176137,0.871280786650611,-5.2740164864796,"Vegfa","GSE41345",FALSE
0.0920657661499976,1.83086290588889,1.57768760630282,0.145298867660315,0.579936514910764,-4.4237940856218,"Vegfb","GSE41345",FALSE
-0.1647083337,-0.267564752666667,-1.90124513947359,0.0860418716374628,0.573793150721065,-4.0750796740095,"Vegfc","GSE41345",FALSE
-0.0935655170000001,1.33532932077778,-1.51722283187854,0.159753033420499,0.580042267756514,-4.48557486843074,"Vezf1","GSE41345",FALSE
0.13919307955,1.39394265111111,1.36910297027995,0.20053011116359,0.603343669064219,-4.63119967579923,"Vgf","GSE41345",FALSE
0.0197968249499999,0.506933823666667,0.275099176945979,0.788764761903713,0.928819625483433,-5.3229735817031,"Vgll4","GSE41345",FALSE
-0.00901857735000062,0.508882712,-0.07997093763356,0.937816854010938,0.983765714843513,-5.35256571998126,"Vim","GSE41345",FALSE
-0.182944723,1.05070678122222,-1.62619505568591,0.134549555543336,0.57817881478681,-4.37335491599778,"Vip","GSE41345",FALSE
-0.0600586536999998,-0.276476032777778,-0.550971138936153,0.593585745665848,0.835926533201025,-5.22734101118231,"Vit","GSE41345",FALSE
0.517329728600003,3.75471630622222,2.54932947155112,0.0286128811708839,0.537623773850961,-3.32715861417819,"Vkorc1","GSE41345",FALSE
-0.0704826301499904,2.25646909,-0.724003780917803,0.485433255316471,0.784376772368139,-5.13716439372323,"Vkorc1l1","GSE41345",FALSE
-0.408666343549994,4.75341714977778,-2.45135664458312,0.033873225721827,0.541735380587652,-3.44177627153534,"Vldlr","GSE41345",FALSE
0.0270891341500003,0.719384206777778,0.347126166691468,0.735593965057508,0.903458442714324,-5.30396177915089,"Vps11","GSE41345",FALSE
-0.310474039949996,3.300573219,-2.54422754884856,0.0288657117808876,0.537623773850961,-3.33312640352365,"Vps16","GSE41345",FALSE
-0.09527974475,1.34305005277778,-0.949194480697311,0.364597604743786,0.719071459023431,-4.98832692904942,"Vps18","GSE41345",FALSE
0.26634864355,2.93598547511111,2.22414649196849,0.0499879196203832,0.551749088057453,-3.7066728931668,"Vps25","GSE41345",FALSE
0.0796737925499959,3.47563140066667,0.948198948395794,0.365080209084885,0.7194398618743,-4.98905740816228,"Vps28","GSE41345",FALSE
-0.171781388850004,5.95587192566667,-1.12416956020235,0.286851640256709,0.660846423853167,-4.85082493080852,"Vps29","GSE41345",FALSE
-0.0967696298000003,1.69239847844444,-0.938088538582235,0.370007494256876,0.723516011453055,-4.99644121995056,"Vps33a","GSE41345",FALSE
-0.17766695305,0.608988065555556,-1.87418875614871,0.0899776631742328,0.573793150721065,-4.10520665482275,"Vps33b","GSE41345",FALSE
-0.0858865654999985,1.69643313611111,-0.91648675071275,0.380694157644919,0.728945967725167,-5.0120036082301,"Vps35","GSE41345",FALSE
0.0558332943500002,0.435394117888889,0.58385015522456,0.572080595169406,0.82381566003407,-5.21192646566097,"Vps39","GSE41345",FALSE
-0.398570749400001,1.40346203111111,-3.36250326000311,0.00707622318158599,0.537623773850961,-2.39818715484632,"Vps41","GSE41345",FALSE
-0.04891434105,1.20619803366667,-0.858362808708845,0.410524963797802,0.740973672484891,-5.05240143083325,"Vps45","GSE41345",FALSE
-0.00395211354999928,1.70862733888889,-0.0761199675620951,0.940804752962655,0.984444527787679,-5.35282353490041,"Vps4a","GSE41345",FALSE
0.250838289700005,6.69452248611111,2.03840188039133,0.0684467526109375,0.564515411734788,-3.92033536796935,"Vps53","GSE41345",FALSE
-0.18241523115,1.08584758833333,-2.16443636417475,0.0553279557552937,0.551749088057453,-3.77575618030194,"Vps54","GSE41345",FALSE
-0.0388911390999997,0.184241982888889,-0.578532504483878,0.575529636813393,0.825896428568402,-5.21447542173292,"Vrk1","GSE41345",FALSE
0.0483986144500002,1.08499156311111,0.791235805550307,0.446920688585494,0.759373663253587,-5.09629237414072,"Vrk3","GSE41345",FALSE
-0.0230659294500036,3.651544949,-0.22190642749434,0.828792604918822,0.944485862444744,-5.33423623230622,"Vsnl1","GSE41345",FALSE
0.0600326643999986,1.76610390377778,0.662405685798139,0.522482774978687,0.802094561405637,-5.17179861360864,"Vti1a","GSE41345",FALSE
0.00346912940000185,4.94570646188889,0.0322780669351342,0.974876889371486,0.996009755490357,-5.35486250454167,"Vti1b","GSE41345",FALSE
0.042587720100001,1.671144256,0.394349566722228,0.701490354051377,0.888848204894748,-5.28917848416805,"Vtn","GSE41345",FALSE
0.0787797969500002,0.438576189888889,0.761924221711758,0.463460390798749,0.769838850724009,-5.11449859052571,"Vwf","GSE41345",FALSE
0.0250795027499948,2.16155547766667,0.134193064558127,0.895876334252677,0.970643617857129,-5.34758875175794,"Wars","GSE41345",FALSE
0.0412830091999996,0.725730215888889,0.58950414767476,0.568425866562277,0.822309708856444,-5.20919275394866,"Wars2","GSE41345",FALSE
0.10315072315,3.86555555144444,1.37658969773476,0.198275052698837,0.601721825078704,-4.62405013547667,"Wasf1","GSE41345",FALSE
0.0275007452500034,2.88896681444444,0.5470598914246,0.596172197663278,0.83743700209695,-5.2291195845343,"Wasl","GSE41345",FALSE
0.0930756518999997,0.925358525,1.15630594408586,0.274074836558765,0.651868544930035,-4.82370526221339,"Wbp1","GSE41345",FALSE
-0.0703025020000007,2.32252367055556,-0.661339128205179,0.523138797504458,0.802613007549432,-5.17237407117049,"Wbp11","GSE41345",FALSE
0.117236831700001,4.07156518233333,1.17763983293974,0.265843264895945,0.644542108110698,-4.80540187659522,"Wbp2","GSE41345",FALSE
-0.0393102468000004,0.476171876,-0.500205689508549,0.627608112318958,0.849553148057883,-5.24950445200279,"Wbp4","GSE41345",FALSE
-0.106724095549996,2.23476316144445,-1.418000512988,0.18618510742508,0.59119590307711,-4.58408298080182,"Wbp5","GSE41345",FALSE
0.1141494168,1.57661684233333,1.16994921236417,0.268787783607988,0.647015175529872,-4.81202724708796,"Wbscr22","GSE41345",FALSE
0.0130803736500013,4.100464563,0.111759842902024,0.913195438253558,0.977136557418352,-5.34995263770044,"Wdr1","GSE41345",FALSE
-0.13372447675,0.118991716222222,-2.36054764493636,0.0395917484548827,0.551749088057453,-3.54790934707568,"Wdr11","GSE41345",FALSE
-0.12146413245,0.709153321333333,-1.1265402556333,0.285893492835428,0.659844798338244,-4.84884314510175,"Wdr13","GSE41345",FALSE
-0.1020971753,0.232623239444445,-1.1484714987036,0.277147689181912,0.653719544196021,-4.83036717277262,"Wdr17","GSE41345",FALSE
-0.10280190285,0.246918812,-1.64186730842376,0.131230918822375,0.574906006279939,-4.35690114991881,"Wdr18","GSE41345",FALSE
0.0131363487000002,0.8134432,0.20728517826133,0.839891197361722,0.947136437588345,-5.33691485878728,"Wdr34","GSE41345",FALSE
-0.981087343150002,1.85583987222222,-3.34095798122526,0.00733974635829543,0.537623773850961,-2.42186001453246,"Wdr37","GSE41345",FALSE
-0.0718279399500002,1.17242098233333,-1.19712497900565,0.258497600318117,0.641851050902518,-4.78848001945847,"Wdr45","GSE41345",FALSE
-0.0778527201499995,0.519931153444444,-1.23138178715476,0.245977567986241,0.636522478598047,-4.75826685188979,"Wdr47","GSE41345",FALSE
-0.0609926583500001,0.210988340444445,-0.72252527608192,0.486302993413718,0.785027527460109,-5.13802758851524,"Wdr5","GSE41345",FALSE
-0.0548544831,1.42757684633333,-0.710669743808862,0.493312130937433,0.789017785067389,-5.1448929550286,"Wdr6","GSE41345",FALSE
-0.00891482820000052,0.180781811333333,-0.151292475587618,0.882712929005642,0.967091310227124,-5.34549860310901,"Wdr60","GSE41345",FALSE
-0.128048961499999,1.30457256644444,-1.47181812452272,0.171416450455545,0.590052931837169,-4.53111558655089,"Wdr75","GSE41345",FALSE
-0.1070796075,1.07356060833333,-1.33320793775269,0.211643245133979,0.609318530695256,-4.66514377820978,"Wdr77","GSE41345",FALSE
0.0370577759500004,0.416582365444444,0.696235357601839,0.501929674656218,0.792639120007653,-5.15311603124913,"Wfdc1","GSE41345",FALSE
0.22783182545,1.40489848488889,1.77123282248681,0.106523934569189,0.573793150721065,-4.21841214655359,"Wfs1","GSE41345",FALSE
-0.0661857947500009,1.27372493522222,-0.405067701820448,0.693842340221874,0.88426760721226,-5.28557032268577,"Whrn","GSE41345",FALSE
0.00974611980000083,0.636845775,0.0833391325025349,0.935204358174906,0.983216698131415,-5.35232981318664,"Wipi1","GSE41345",FALSE
0.0496723920499992,0.857990585888889,0.805696689631357,0.438905071197564,0.755942033486788,-5.08709332208822,"Wipi2","GSE41345",FALSE
0.00620120190000013,-0.0937468776666668,0.0496778964827617,0.961344105005507,0.99194211377848,-5.35425055964129,"Wiz","GSE41345",FALSE
0.0592884014500001,0.126957549444445,0.883173735392219,0.397599478807402,0.73460038065103,-5.03542358361286,"Wnt10a","GSE41345",FALSE
0.0716003883499996,-0.550954497777778,0.338154063415009,0.742144768880372,0.906426754532264,-5.3065639861497,"Wnt2","GSE41345",FALSE
0.15253819475,-0.150827813777778,1.16116219582411,0.272183612646839,0.651514519919803,-4.81955965319861,"Wnt4","GSE41345",FALSE
-0.14863224905,-0.0993076915555556,-2.1409587129174,0.0575741285528761,0.552926256887356,-3.80282711978215,"Wnt5a","GSE41345",FALSE
0.00121922929999947,0.504219035888889,0.0167472492833029,0.986963232588188,0.997468690419906,-5.35518928687861,"Wnt7a","GSE41345",FALSE
0.1994039085,1.52727052533333,2.23278042644311,0.0492580763065659,0.551749088057453,-3.6966587184848,"Wnt7b","GSE41345",FALSE
-0.00469681710000331,2.01011116133333,-0.0836590373588317,0.934956269554039,0.983216698131415,-5.35230690202667,"Wrb","GSE41345",FALSE
0.0269415662499999,0.441330531444444,0.454848655703079,0.658801844817186,0.866769046304865,-5.26759851190625,"Wrn","GSE41345",FALSE
-0.22249380845,1.30365215411111,-2.70355943715101,0.0219256294414926,0.537623773850961,-3.14705007786091,"Wsb1","GSE41345",FALSE
0.0159712926000008,2.91134505166666,0.282819033321857,0.783005548861796,0.928231542762116,-5.32114207428041,"Wsb2","GSE41345",FALSE
0.00999725064999976,1.05071754411111,0.115617688488724,0.910213409860442,0.975187216045509,-5.34957671699298,"Wtip","GSE41345",FALSE
0.00245814860000006,0.00194127188888889,0.0381388972777329,0.970317449546421,0.994556490641638,-5.35468539186085,"Wwc1","GSE41345",FALSE
-0.2058900587,0.206793196444444,-2.81567719528831,0.0180668375850215,0.537623773850961,-3.01677920486462,"Wwp1","GSE41345",FALSE
-0.0527826530999998,0.235260817666667,-0.585232119810996,0.571186107310809,0.823468135840026,-5.2112605218571,"Wwp2","GSE41345",FALSE
0.219407050499996,2.28059278666667,3.83158399290604,0.00322811706895805,0.537623773850961,-1.90092303096068,"Xbp1","GSE41345",FALSE
0.1265759401,1.03130060277778,2.31231814782609,0.0430019066234609,0.551749088057453,-3.60416459165985,"Xpa","GSE41345",FALSE
-0.0429646246499999,0.255838025666667,-0.6943457194797,0.503064590239796,0.792798352681029,-5.15418145127243,"Xpc","GSE41345",FALSE
0.0205319542499952,3.257363103,0.187651470618461,0.854852146165374,0.954822190577716,-5.34022747455626,"Xpnpep1","GSE41345",FALSE
-0.0244364463999998,0.0888105575555556,-0.277876398392624,0.78669132723452,0.928656780381834,-5.32232042522619,"Xpo5","GSE41345",FALSE
0.0714765910500001,0.812895459,0.914299630009965,0.381788239373611,0.729663316696362,-5.01356289275311,"Xpo6","GSE41345",FALSE
0.0444141940500004,1.471194595,0.704758299021793,0.496830266750603,0.792336259223532,-5.14827869348054,"Xpr1","GSE41345",FALSE
-0.03415432525,0.245951280888889,-0.539702110514883,0.601053794635694,0.839274208391953,-5.23243345916541,"Xrcc1","GSE41345",FALSE
-0.1131328797,0.0243709043333333,-1.06125413044834,0.313199470098565,0.681097424625728,-4.90229331780009,"Xrcc4","GSE41345",FALSE
-0.06083882245,-0.00494092444444442,-0.685556364435618,0.508363983767066,0.79617377954575,-5.15910322194368,"Xylt2","GSE41345",FALSE
-0.059248975699998,1.94446213411111,-0.879068794439285,0.399718275263742,0.734986193986031,-5.03826017610574,"Yaf2","GSE41345",FALSE
-0.00117155675000006,0.00641457211111112,-0.0126449439807403,0.990156423288424,0.99767409443427,-5.3552410388432,"Yap1","GSE41345",FALSE
0.0262610991999993,0.707793947444444,0.284846728636359,0.781495092041115,0.927524994439515,-5.32065276572035,"Yeats2","GSE41345",FALSE
0.232980657900005,3.10395146366667,3.59185168244712,0.00480736621611698,0.537623773850961,-2.15055647574353,"Yeats4","GSE41345",FALSE
0.0307962691000002,1.19768648211111,0.281793094078481,0.783770144663908,0.928412698091011,-5.32138834008648,"Yif1a","GSE41345",FALSE
0.238765694850004,3.278370781,1.284245547068,0.227624213941916,0.620663703122923,-4.71052328757436,"Yipf3","GSE41345",FALSE
0.14455894115,2.46287233988889,1.29702572788588,0.223359797294049,0.619243242305601,-4.69878348717412,"Ykt6","GSE41345",FALSE
0.0738432026999996,0.254524743,0.765834287306205,0.461231513930847,0.769365749886859,-5.11210425367275,"Ylpm1","GSE41345",FALSE
-0.45559165465,-0.343217583444444,-1.61232489581947,0.137548716375249,0.57817881478681,-4.38785365062903,"Yme1l1","GSE41345",FALSE
-0.0394402731500003,0.228046191111111,-0.366782928177164,0.721319930693797,0.898573674647274,-5.2980296170793,"Yod1","GSE41345",FALSE
0.0445185143000004,0.653272391555556,0.506309575350148,0.623466435471977,0.848392130082347,-5.24694572396071,"Ypel1","GSE41345",FALSE
0.234594038000003,3.45476250888889,2.10019528524812,0.0616826340988537,0.562699041155405,-3.84968779353376,"Ypel3","GSE41345",FALSE
0.1042863064,-0.124653995888889,1.40475256565421,0.189982903667672,0.596310596848497,-4.59694569723024,"Ypel4","GSE41345",FALSE
0.0675843568500002,0.561107064333333,1.0335040323525,0.325390049775536,0.695474824687639,-4.92428703663984,"Yrdc","GSE41345",FALSE
-0.0976285298000001,1.56575067611111,-1.29795329399556,0.223052871640525,0.619072994872408,-4.69792850345769,"Ythdf1","GSE41345",FALSE
-0.158585730700002,2.50350156022222,-0.952318110830995,0.363086347325336,0.71794356699861,-4.98603097097994,"Ythdf2","GSE41345",FALSE
-0.13584799495,-0.0157726274444444,-0.759587882575875,0.464795486418707,0.771040670397874,-5.11592418122267,"Ythdf3","GSE41345",FALSE
0.0987376666499955,6.2459737,0.840718570642084,0.419890363932568,0.744213894696896,-5.06422971920448,"Ywhab","GSE41345",FALSE
0.0153662681,-0.221739211111111,0.147243973032598,0.88582631680401,0.967889332411495,-5.34601598114263,"Ywhae","GSE41345",FALSE
0.179579690050004,3.02371585777778,1.92449915424471,0.0827877328717899,0.573793150721065,-4.0490730541113,"Ywhag","GSE41345",FALSE
0.0262588598499985,3.41910441677778,0.279897557319124,0.785183453769217,0.928412698091011,-5.32184103362613,"Ywhah","GSE41345",FALSE
-0.0119067697999996,1.89859644611111,-0.147853087535581,0.885357762903611,0.967889332411495,-5.34593903146016,"Ywhaq","GSE41345",FALSE
0.0843527337499975,3.00114293588889,1.03168148968169,0.32620299907651,0.695652591328662,-4.92571598578528,"Ywhaz","GSE41345",FALSE
-0.0804809293500003,0.623227932666666,-1.10532623947223,0.294556434061947,0.669220423875773,-4.8664688072385,"Zadh2","GSE41345",FALSE
0.0467881307999997,-0.291360567,0.350500224852321,0.733136158898501,0.902197571821654,-5.30296606392668,"Zap70","GSE41345",FALSE
0.056262562700002,1.72123812122222,0.744433873614834,0.47351495902687,0.776942859103912,-5.12507840253116,"Zbtb17","GSE41345",FALSE
0.02837822915,-0.0238411421111111,0.558267307521059,0.588776785631491,0.832875548370157,-5.22399176970361,"Zbtb2","GSE41345",FALSE
-0.11147296905,0.689517786,-1.66523737375416,0.126418004932361,0.573793150721065,-4.33222878540383,"Zbtb24","GSE41345",FALSE
-0.1395242706,0.743335778666667,-1.21112446894138,0.253320739758933,0.641105786819756,-4.77620358028738,"Zbtb33","GSE41345",FALSE
0.00532766885000023,0.244342046222223,0.0797891407723266,0.937957884612587,0.983765714843513,-5.3525781765958,"Zbtb5","GSE41345",FALSE
-0.1146832075,1.43066687855556,-1.41134388092015,0.188085217468908,0.59534225335633,-4.59055494021961,"Zc3h14","GSE41345",FALSE
0.0126875804500004,0.189921198444444,0.102266114563151,0.920539787649764,0.979533479450064,-5.35082356711568,"Zc3h7a","GSE41345",FALSE
-0.356056590899995,3.05478835566666,-2.43286451905217,0.0349679095775676,0.541735380587652,-3.46340396394818,"Zc3hc1","GSE41345",FALSE
-0.1598243655,0.530451847666666,-1.48402247339069,0.168211196799272,0.5897571471234,-4.51894938496082,"Zcchc12","GSE41345",FALSE
0.21419360065,1.19257233944444,2.82845899043104,0.0176726637074767,0.537623773850961,-3.00197848024864,"Zcchc14","GSE41345",FALSE
-0.12221491155,-0.0388312156666666,-1.71659964860003,0.116392955296792,0.573793150721065,-4.27745342511568,"Zcchc18","GSE41345",FALSE
0.1426573957,0.0643606647777778,1.7561668991641,0.109166503807457,0.573793150721065,-4.23476989836406,"Zcchc3","GSE41345",FALSE
0.0442181695000005,1.79392056777778,0.837148637844129,0.421802752635535,0.745061744847986,-5.06659786107636,"Zcchc6","GSE41345",FALSE
-0.270602710800001,1.45092131333333,-2.51962978167712,0.0301160224208387,0.537623773850961,-3.36190224493949,"Zcchc7","GSE41345",FALSE
-0.160796274099998,2.05683104888889,-1.42412188000406,0.184452239350814,0.591109774634124,-4.57811570068115,"Zcchc8","GSE41345",FALSE
-0.20747412145,-0.276739918444444,-1.75641129162311,0.109123164891041,0.573793150721065,-4.23450500356316,"Zcchc9","GSE41345",FALSE
0.0908159646000001,2.43611050233333,1.49794053991161,0.164619261624287,0.586924251876525,-4.50500725664433,"Zcrb1","GSE41345",FALSE
-0.0168419090500005,0.739871891888889,-0.176570159128285,0.863323223635681,0.958129185034054,-5.34195293481032,"Zdhhc12","GSE41345",FALSE
-0.465702667449999,2.34543536388889,-2.32700932208183,0.0419339382790981,0.551749088057453,-3.58703992359228,"Zdhhc13","GSE41345",FALSE
-0.0440000992499998,1.44798933633333,-0.517371229225404,0.615995726389942,0.846021737664924,-5.24223447708934,"Zdhhc14","GSE41345",FALSE
-0.0939751153000002,0.701673830888889,-1.29492043115364,0.224057718584749,0.619815180923144,-4.70072257917268,"Zdhhc16","GSE41345",FALSE
-0.14777590945,0.842417421222222,-2.87847665755918,0.0162116651857162,0.537623773850961,-2.94417724514333,"Zdhhc17","GSE41345",FALSE
-0.17685414545,1.20734362177778,-2.98712013098179,0.0134444029695908,0.537623773850961,-2.81935515845331,"Zdhhc21","GSE41345",FALSE
-0.13785969635,0.418842980444444,-0.903198979320774,0.387375480920826,0.730501050085571,-5.02143022383874,"Zdhhc3","GSE41345",FALSE
0.0691742403999995,1.35390345044444,1.00892195382685,0.336483258670391,0.701842619760446,-4.94339698214643,"Zdhhc4","GSE41345",FALSE
-0.0987388050499999,0.902408858444444,-1.78008383593069,0.104998812849181,0.573793150721065,-4.20877607065777,"Zdhhc6","GSE41345",FALSE
0.107986536099997,1.84220213944444,1.72654177796234,0.114537457403074,0.573793150721065,-4.26676685040386,"Zdhhc7","GSE41345",FALSE
-0.00754582920000029,0.587642078333333,-0.102617635379932,0.920267707096039,0.979521273855327,-5.35079269336624,"Zdhhc9","GSE41345",FALSE
0.07702911855,1.448944605,0.670193313625219,0.517707538890938,0.799142674816958,-5.16757160846835,"Zfand2b","GSE41345",FALSE
-0.316180516350001,1.37933623866667,-1.6299192700739,0.133754240124754,0.57817881478681,-4.36945178197804,"Zfand6","GSE41345",FALSE
0.0817323978500037,1.87674328155556,1.03280727781221,0.325700659150029,0.695474824687639,-4.92483354885831,"Zfhx2","GSE41345",FALSE
-0.1495249993,0.507167448555555,-1.19418865495425,0.259594081601042,0.641851050902518,-4.79104242478777,"Zfml","GSE41345",FALSE
-0.15111087545,0.0459549721111111,-1.81078802156061,0.0998617014109355,0.573793150721065,-4.17520315764976,"Zfp101","GSE41345",FALSE
-0.27232185345,-0.326978586666666,-2.24239110524954,0.0484577618787917,0.551749088057453,-3.68550498407551,"Zfp106","GSE41345",FALSE
-0.0653442766000002,-0.159792420111111,-0.807559635059841,0.437879408731387,0.755428570591941,-5.08589790658711,"Zfp11","GSE41345",FALSE
-0.256543432900003,3.51936750088889,-2.5646335516657,0.0278675504342098,0.537623773850961,-3.3092592882204,"Zfp131","GSE41345",FALSE
-0.0936994232999995,1.33775885066667,-1.84157036278568,0.0949440971790281,0.573793150721065,-4.14132738506676,"Zfp148","GSE41345",FALSE
-0.25706471875,0.120678473888889,-2.30117027497978,0.0438298927382685,0.551749088057453,-3.61715163008563,"Zfp160","GSE41345",FALSE
0.0647557096000001,-0.308987571222222,0.459467921420556,0.655592104758338,0.866553044980333,-5.26583030189353,"Zfp185","GSE41345",FALSE
-0.18181484125,0.602564795888889,-1.2449868010852,0.241143046721719,0.630197490903886,-4.74610744914467,"Zfp191","GSE41345",FALSE
-0.1780637671,0.670775473555556,-2.17320509993225,0.0545107640164909,0.551749088057453,-3.76563123999882,"Zfp2","GSE41345",FALSE
-0.0987880056500001,0.665029989111111,-1.5013798998744,0.163741957732877,0.58623681373689,-4.50155099065108,"Zfp207","GSE41345",FALSE
0.30789099475,0.342233541111111,3.40570422414491,0.00657678085157835,0.537623773850961,-2.35092480779118,"Zfp212","GSE41345",FALSE
-0.02616453255,0.105447846666667,-0.474829393839032,0.644971010595491,0.860209926291696,-5.25982816177572,"Zfp213","GSE41345",FALSE
-0.000936115849999482,0.324915730111111,-0.0136551453281018,0.989370074167965,0.99767409443427,-5.35522963543979,"Zfp219","GSE41345",FALSE
-0.24238090495,0.963441106555555,-1.74439386583249,0.111272900044821,0.573793150721065,-4.24751262144542,"Zfp236","GSE41345",FALSE
-0.0523758851000001,1.02811862444444,-0.773780565766219,0.45672318640827,0.766729370524935,-5.10720567997741,"Zfp239","GSE41345",FALSE
-0.0985542133499987,1.709809662,-1.43271252931066,0.182043568587027,0.590763009256356,-4.56971607655388,"Zfp251","GSE41345",FALSE
-0.0323499435999999,0.858136836888889,-0.289975211113556,0.777679074359654,0.924525123054158,-5.31939990330033,"Zfp263","GSE41345",FALSE
-0.1502575501,1.01223919222222,-1.6521871981966,0.129085753072005,0.574426201312774,-4.34602613928129,"Zfp27","GSE41345",FALSE
-0.0364965331000001,-0.0187622427777777,-0.515314596956279,0.6173812807979,0.84604722800647,-5.24311764074625,"Zfp275","GSE41345",FALSE
-0.0791598452499999,0.0426457955555555,-1.10021883639333,0.2966721204795,0.671028416755176,-4.87067565100681,"Zfp276","GSE41345",FALSE
-0.264940421150001,1.98502273011111,-2.2417059588028,0.0485143982381062,0.551749088057453,-3.68630036214275,"Zfp277","GSE41345",FALSE
-0.0503701282499998,0.755762079333333,-0.751775911970044,0.469277507955675,0.774907161958241,-5.12066327839091,"Zfp281","GSE41345",FALSE
0.10426465575,1.23231724,1.7659623318072,0.107441673513334,0.573793150721065,-4.22414097937228,"Zfp282","GSE41345",FALSE
-0.1186367024,-0.0609763968888889,-2.00845512314277,0.0719720382478396,0.564515411734788,-3.95438316997541,"Zfp286","GSE41345",FALSE
-0.301753449549997,1.99960409555556,-2.30483671716338,0.0435558803650229,0.551749088057453,-3.61288103703282,"Zfp292","GSE41345",FALSE
-0.0380995812000005,1.3232821,-0.535183898074583,0.604061742762237,0.840169259478524,-5.23444769900199,"Zfp30","GSE41345",FALSE
-0.030977127,0.929647173,-0.260343449659079,0.799809783997633,0.931725742827457,-5.3263357474497,"Zfp318","GSE41345",FALSE
-0.0638740558000009,2.35405013355556,-0.604400412865024,0.558858976691405,0.816356766996878,-5.20187468586567,"Zfp326","GSE41345",FALSE
-0.183108796100001,0.753958579444444,-2.42227488100364,0.0356103480378497,0.541735380587652,-3.47578661641048,"Zfp330","GSE41345",FALSE
0.0780086314499997,-0.0633494803333334,0.940279636081117,0.368935639894992,0.722793969520029,-4.99484640776113,"Zfp334","GSE41345",FALSE
0.0497640609500002,0.0643347502222222,0.606430734882247,0.557562046633607,0.816045824259634,-5.2008643049291,"Zfp346","GSE41345",FALSE
0.0262987174499999,-0.610519476333333,0.116229620953174,0.909740532579979,0.975187216045509,-5.34951591989516,"Zfp35","GSE41345",FALSE
-0.0574135849499999,0.0454188613333333,-0.604915364447538,0.55852987571156,0.816330483850141,-5.20161871577614,"Zfp354a","GSE41345",FALSE
-0.0364939869499959,2.50890246044445,-0.502456284709847,0.626079426815803,0.849411377800667,-5.24856440707633,"Zfp365","GSE41345",FALSE
0.178706345050004,3.40586473244444,1.06682555958135,0.31079421180755,0.67958968631025,-4.89782459808884,"Zfp36l1","GSE41345",FALSE
-0.137432341700001,0.955252159444444,-1.46140811540345,0.174191954249059,0.590052931837169,-4.54144865246648,"Zfp37","GSE41345",FALSE
0.169008978700001,0.399970959444444,1.58414304515157,0.143825837333839,0.579936514910764,-4.41712520473959,"Zfp39","GSE41345",FALSE
-0.113021821200001,0.563867631666667,-1.04679272007983,0.319508518060632,0.689390386567296,-4.91381006690485,"Zfp41","GSE41345",FALSE
0.1736135291,1.02380177688889,2.75635319079989,0.0200152045410219,0.537623773850961,-3.08561655616391,"Zfp428","GSE41345",FALSE
-0.0499955917500002,0.137458419,-0.586645772612017,0.57027190412417,0.823142516731666,-5.21057780958389,"Zfp451","GSE41345",FALSE
0.0658302568499978,2.11040813433333,1.02723911037656,0.328190906678098,0.697009031408964,-4.92919090424242,"Zfp46","GSE41345",FALSE
-0.00625543824999971,0.171183387222222,-0.0909329674100229,0.929317303278772,0.982785330155221,-5.3517623072301,"Zfp467","GSE41345",FALSE
-0.0328502071499997,0.376392798333333,-0.330075191162865,0.748061916139336,0.909797466552958,-5.30885039592224,"Zfp472","GSE41345",FALSE
-0.0668017759000002,1.33099986122222,-1.15164286570959,0.275900558030476,0.6523995215362,-4.82767433481085,"Zfp512","GSE41345",FALSE
-0.0907796042000001,0.174657923444445,-0.873655072530307,0.402524564848302,0.738021486451422,-5.04198446735541,"Zfp521","GSE41345",FALSE
0.227372439950001,2.84898046555555,2.01612689216507,0.0710529492752574,0.564515411734788,-3.9456734705195,"Zfp523","GSE41345",FALSE
0.170741879600005,1.96139521622222,1.71746688340392,0.116230026914875,0.573793150721065,-4.27652230615222,"Zfp532","GSE41345",FALSE
-0.0328776563999998,-0.0765230073333332,-0.412856384037268,0.688307087626248,0.883015172449546,-5.28289000907114,"Zfp536","GSE41345",FALSE
-0.1977603086,0.256762445111111,-2.64177218479581,0.0243941377738957,0.537623773850961,-3.21911442675779,"Zfp551","GSE41345",FALSE
-0.0140016476000007,1.75152236511111,-0.20555360649458,0.841208075232927,0.947136437588345,-5.33722012531308,"Zfp574","GSE41345",FALSE
-0.04076044795,0.371225940555556,-0.658259384919346,0.525035833465515,0.803849768830854,-5.17403105737723,"Zfp592","GSE41345",FALSE
-0.0978099969500005,1.27398478644444,-1.83990252635527,0.0952047184232612,0.573793150721065,-4.14316820907886,"Zfp597","GSE41345",FALSE
-0.149121063749999,0.797287666666667,-2.45753828346164,0.0335148538464383,0.541735380587652,-3.43454541834902,"Zfp60","GSE41345",FALSE
0.0759146282499998,1.22727130977778,0.806377661513239,0.438529971091813,0.755554029455419,-5.08665662849468,"Zfp608","GSE41345",FALSE
-0.1490038568,0.749905915444445,-2.40682386351446,0.0365685216528215,0.547225681588067,-3.49384957436758,"Zfp612","GSE41345",FALSE
-0.22432745635,-0.556910189111111,-1.43452668359375,0.181538361944975,0.590052931837169,-4.56793852012386,"Zfp62","GSE41345",FALSE
-0.01913814925,-0.107169478111111,-0.275406086467446,0.788535542324997,0.928819625483433,-5.32290171825383,"Zfp629","GSE41345",FALSE
0.00389966869999987,1.45262387688889,0.0795261658262209,0.93816189383976,0.983765714843513,-5.35259614539722,"Zfp637","GSE41345",FALSE
-0.15621756505,1.53147946288889,-2.08217527457746,0.0635865926587828,0.564515411734788,-3.87034090549631,"Zfp639","GSE41345",FALSE
-0.16708334575,1.31808949522222,-1.98047269094902,0.0754201652212645,0.564707806576065,-3.98607386405527,"Zfp64","GSE41345",FALSE
-0.0882297460999999,0.0344848601111111,-1.01118251267844,0.335451540922508,0.701349367585387,-4.94165445521734,"Zfp661","GSE41345",FALSE
-0.0454589875500001,-0.0367650826666667,-0.697772747093887,0.501007473522973,0.792639120007653,-5.15224731993051,"Zfp667","GSE41345",FALSE
-0.07327512855,0.205237432,-0.899156048816643,0.389424614802544,0.731002939929819,-5.02427607341776,"Zfp692","GSE41345",FALSE
-0.1868054211,0.518058326,-2.00904120143961,0.0719014316583114,0.564515411734788,-3.95371811533674,"Zfp715","GSE41345",FALSE
-0.0231729317499998,0.483990428222222,-0.314786663297197,0.759306287120396,0.915129841206041,-5.31302970832593,"Zfp748","GSE41345",FALSE
-0.1705676608,-0.331600723444444,-1.7173211040822,0.116257400204027,0.573793150721065,-4.27667883832564,"Zfp758","GSE41345",FALSE
-0.0963472387000001,-0.292297779777778,-1.087078782357,0.302169070656659,0.677470019570297,-4.88143271837066,"Zfp760","GSE41345",FALSE
0.0981566012500002,0.673049390111111,0.977853083071963,0.350901788694499,0.710557775912246,-4.96703772946476,"Zfp771","GSE41345",FALSE
-0.1706997068,0.723415131444445,-1.9896929747357,0.0742671894536239,0.564707806576065,-3.97564542540812,"Zfp87","GSE41345",FALSE
-0.0808192746000003,0.400065723,-1.01424822629324,0.334056106825461,0.699603383189702,-4.939286465398,"Zfp90","GSE41345",FALSE
-0.0321937946999999,0.86101731,-0.405811257763262,0.693313089560455,0.884039926840297,-5.28531656059681,"Zfp91","GSE41345",FALSE
-0.0297584147499991,0.502848928888889,-0.525689471895187,0.61040785341661,0.842673639414171,-5.23862884074536,"Zfp94","GSE41345",FALSE
0.0506169215499998,0.128924917777778,0.787690054760202,0.448900674838295,0.759921484796752,-5.09852616483103,"Zfpl1","GSE41345",FALSE
0.2197063517,2.51370998622222,1.80334711178172,0.101085036112728,0.573793150721065,-4.183359613775,"Zfpm1","GSE41345",FALSE
-0.0780895477499993,0.956752851333333,-0.838318934358666,0.421175184506234,0.744213894696896,-5.06582246911163,"Zfpm2","GSE41345",FALSE
-0.13101805245,0.387864741666667,-1.79379776638135,0.10267514736493,0.573793150721065,-4.1938083545944,"Zfx","GSE41345",FALSE
0.0904579062,0.00808146266666668,1.25899867402952,0.236244855744477,0.627422127475989,-4.7334910114938,"Zfyve1","GSE41345",FALSE
-0.10913168665,-0.0521386164444443,-0.843003568370732,0.418669395267141,0.744039988130318,-5.06270950794961,"Zfyve16","GSE41345",FALSE
-0.0927604592499998,0.831825813222222,-1.54496203054165,0.152972639666593,0.580042267756514,-4.45738786375055,"Zfyve20","GSE41345",FALSE
-0.0203639365499982,1.81347172133333,-0.422310683220867,0.681613938216648,0.879800125525097,-5.27957072589814,"Zfyve21","GSE41345",FALSE
-0.00961539285000038,0.667369219666666,-0.133580073168978,0.896348865429436,0.970643617857129,-5.3476590532843,"Zfyve26","GSE41345",FALSE
-0.1234431602,0.534115175444444,-1.29017572230913,0.225637213058577,0.620187610125935,-4.70508523812056,"Zfyve27","GSE41345",FALSE
0.0461999806,-0.092140734888889,0.611429078046633,0.554376418289868,0.814650360824309,-5.19836370785805,"Zgpat","GSE41345",FALSE
-0.0896047063999991,2.67196925644444,-0.487631821525742,0.636182547730055,0.855994820758449,-5.25468321890154,"Zhx1","GSE41345",FALSE
-0.0305512027499997,0.200845569666667,-0.542851393496384,0.598961819886831,0.838579805022013,-5.23102016481912,"Zhx3","GSE41345",FALSE
-0.32572495255,0.524351696222222,-1.23446073033312,0.244876661110569,0.634708493931174,-4.75552294908072,"Zic1","GSE41345",FALSE
-0.22630693065,-0.0299747296666667,-2.08877986081947,0.0628823648361015,0.564515411734788,-3.86277590963476,"Zic3","GSE41345",FALSE
0.0085323568999996,0.568265249222222,0.149082294924366,0.884412351171703,0.967272063968532,-5.34578278293376,"Zkscan1","GSE41345",FALSE
-0.223695267500005,2.43460891411111,-1.90116002504943,0.0860539981699719,0.573793150721065,-4.07517467423789,"Zmpste24","GSE41345",FALSE
0.0591353219999999,3.95656283633333,0.429346393573315,0.676651679722134,0.875270912053587,-5.27705387659624,"Zmynd11","GSE41345",FALSE
0.0986713961500008,1.65341026044444,1.22806560785766,0.24716777121221,0.636522478598047,-4.76121698808382,"Znhit2","GSE41345",FALSE
-0.24690804105,0.987393083666667,-1.62092248221746,0.135682727032375,0.57817881478681,-4.37887348215416,"Znhit3","GSE41345",FALSE
-0.00534451174999754,2.60228246644444,-0.0444816398192514,0.965384372074211,0.992747428297358,-5.35446051029281,"Znrd1","GSE41345",FALSE
-0.1081479311,0.504089416444445,-1.69398657388123,0.120714830251198,0.573793150721065,-4.30166003721045,"Znrf1","GSE41345",FALSE
-0.16867534155,0.827274751333333,-2.26176547548232,0.0468824087559372,0.551749088057453,-3.66299967885802,"Zranb1","GSE41345",FALSE
-0.0433348846000041,2.68854308288889,-0.627338660384733,0.544305430127605,0.811641100947509,-5.19027988653094,"Zranb2","GSE41345",FALSE
-0.15597614775,0.733297172666667,-2.22869149691392,0.0496024308269636,0.551749088057453,-3.7014020339572,"Zranb3","GSE41345",FALSE
-0.0421434317499998,-0.114946269111111,-0.527221369183868,0.609381618996631,0.842272944867399,-5.23795895688316,"Zscan21","GSE41345",FALSE
0.0538993570500002,1.284017412,0.870667882895965,0.40407884281678,0.739003812586054,-5.04403130934349,"Zswim1","GSE41345",FALSE
-0.0241252374500001,0.138814787444444,-0.450573239870073,0.661779136323044,0.868235354607994,-5.2692199534066,"Zswim3","GSE41345",FALSE
0.0171346919999998,0.220639958666667,0.205497772910746,0.841250545796888,0.947136437588345,-5.33722992628172,"Zswim4","GSE41345",FALSE
0.02643292155,0.178261065333333,0.374141399614552,0.716004799380106,0.896650658871088,-5.29572755727194,"Zswim5","GSE41345",FALSE
0.19465222305,0.833855521333333,2.51501406363924,0.0303565339266247,0.537623773850961,-3.36730242339664,"Zxda","GSE41345",FALSE
0.0434420480499958,2.55638214411111,0.584704330136362,0.571527632839472,0.823489672116988,-5.21151502516617,"Zyx","GSE41345",FALSE
